date,nav_strategy,nav_benchmark
2016-01-04,1.0,1.0
2016-01-05,1.0,1.002800033046357
2016-01-06,1.0,1.0203922312004308
2016-01-07,1.0,0.9496457288707836
2016-01-08,1.0,0.9690109690037048
2016-01-11,1.0,0.9202620290151856
2016-01-12,1.0,0.9269670033970524
2016-01-13,1.0,0.9097199413490581
2016-01-14,1.0,0.9286566511760426
2016-01-15,1.0,0.8990114111976301
2016-01-18,1.0,0.9024702094183155
2016-01-19,1.0,0.9291045238629346
2016-01-20,1.0,0.9150526156001288
2016-01-21,1.0,0.8882348223853439
2016-01-22,1.0,0.8974929910533271
2016-01-25,1.0,0.9019389713577676
2016-01-26,1.0,0.8476368943319674
2016-01-27,1.0,0.8447091323884219
2016-01-28,1.0,0.8226295018526887
2016-01-29,1.0,0.8492458864002076
2016-02-01,1.0,0.836261844758108
2016-02-02,1.0,0.8536400083688227
2016-02-03,1.0,0.8499804933096982
2016-02-04,1.0,0.8603928630707594
2016-02-05,1.0,0.8543478933898696
2016-02-15,1.0,0.8494235711039472
2016-02-16,1.0,0.8754619038402899
2016-02-17,1.0,0.8830387555014083
2016-02-18,1.0,0.8802652713862883
2016-02-19,1.0,0.8796560296254939
2016-02-22,1.0,0.8990510183979769
2016-02-23,1.0,0.8905460495392101
2016-02-24,1.0,0.8963638111028264
2016-02-25,1.0,0.841364774186206
2016-02-26,1.0,0.8498052300068532
2016-02-29,1.0,0.8294643094444263
2016-03-01,1.0,0.84480766034387
2016-03-02,1.0,0.8795833011200535
2016-03-03,1.0,0.8816268481702654
2016-03-04,1.0,0.8918508098807685
2016-03-07,1.0,0.8950073365564485
2016-03-08,1.0,0.8958239828343431
2016-03-09,1.0,0.8855140902182841
2016-03-10,1.0,0.8685754396961349
2016-03-11,1.0,0.8700567316933876
2016-03-14,1.0,0.8837220805990961
2016-03-15,1.0,0.8863421516718244
2016-03-16,1.0,0.8907390697819487
2016-03-17,1.0,0.9005892997948554
2016-03-18,1.0,0.9143564340167392
2016-03-21,1.0,0.9366893027293627
2016-03-22,1.0,0.9298727997753401
2016-03-23,1.0,0.9328425038415237
2016-03-24,1.0,0.9172066823054572
2016-03-25,1.0,0.9218091312296086
2016-03-28,1.0,0.9137122549001804
2016-03-29,1.0,0.9038195350668141
2016-03-30,1.0,0.9271299867382178
2016-03-31,1.0,0.9276524904598246
2016-04-01,1.0,0.9287498751104836
2016-04-05,1.0099824050779032,0.9410272424319835
2016-04-06,1.0574335854624455,0.9390214577052464
2016-04-07,1.0448502955401118,0.9251164477633779
2016-04-08,1.0275990109691704,0.9183237264252841
2016-04-11,1.0026759786713868,0.9311138830386113
2016-04-12,1.0075469296090642,0.9277567836554979
2016-04-13,0.9966684725149177,0.9401328518896526
2016-04-14,0.9987792179212446,0.944297949690323
2016-04-15,1.0074657470934363,0.9432524810278916
2016-04-18,1.0025136136401307,0.9306403838589186
2016-04-19,1.0004840507494317,0.93347970701741
2016-04-20,0.9812437945456052,0.9169690679295771
2016-04-21,0.9890779073037035,0.9110818640474488
2016-04-22,1.0176135615469313,0.915203405458218
2016-04-25,1.005923279296505,0.9114940210711459
2016-04-26,1.0032442562807824,0.9164311998427703
2016-04-27,1.0073845645778083,0.9126131983298559
2016-04-28,1.0137168007967892,0.9110754069783966
2016-04-29,1.0330382395162436,0.9099696915556122
2016-05-03,1.068758546392546,0.9263414171802198
2016-05-04,1.0533744596810475,0.9251657982197053
2016-05-05,1.0597066959000285,0.9264510143969001
2016-05-06,1.0371785478132696,0.9023622552950993
2016-05-09,1.0314957717193125,0.8837004609482517
2016-05-10,1.036610270203874,0.8847085132016218
2016-05-11,1.0560534826967702,0.8886566073602169
2016-05-12,1.0523596782356983,0.8907691643359241
2016-05-13,1.032064049328708,0.8863869764145752
2016-05-16,1.0347836636022447,0.8922598536747439
2016-05-17,1.028289062352008,0.8895837444670268
2016-05-18,1.0055985492339934,0.8843981703203012
2016-05-19,1.0109971865232525,0.8828024671307799
2016-05-20,1.0332817870631275,0.8873333982499382
2016-05-23,1.0452156168604376,0.8899289670517097
2016-05-24,1.0360419925944782,0.883106698857462
2016-05-25,1.0357172625319664,0.8818586108273171
2016-05-26,1.0391675194461547,0.8832956546058417
2016-05-27,1.0380715554851772,0.8828022076949699
2016-05-30,1.053049729618536,0.8840158484147693
2016-05-31,1.0869028386353954,0.9136636827512833
2016-06-01,1.0841426331040445,0.911065634896215
2016-06-02,1.1001761799405665,0.912954529377387
2016-06-03,1.1657310613101441,0.9193613831872104
2016-06-06,1.133907515183984,0.9163239087221801
2016-06-07,1.1412139415905,0.9158238606112503
2016-06-08,1.1267228625509091,0.9120570832577365
2016-06-13,1.0974159744092156,0.8839097103422241
2016-06-14,1.1205124001053701,0.8866891614809772
2016-06-15,1.1356935305277989,0.8983305651532392
2016-06-16,1.1256674898477457,0.8920771820382095
2016-06-17,1.1428781831608736,0.8965978222035659
2016-06-20,1.134151062730868,0.8972657829360534
2016-06-21,1.1248150734336526,0.8954333301566859
2016-06-22,1.1436088258015253,0.9034019298911043
2016-06-23,1.1354905742387287,0.8986040104971188
2016-06-24,1.1246527084023963,0.8870270045581718
2016-06-27,1.1811151480216426,0.8995343761384548
2016-06-28,1.1832664846857832,0.9041053468509768
2016-06-29,1.1831447109123412,0.9084259620067209
2016-06-30,1.19832584133477,0.9091556108096178
2016-07-01,1.2000575909559104,0.9092361223893622
2016-07-04,1.2321118685179484,0.9237921720836575
2016-07-05,1.259812072155001,0.9245665879769028
2016-07-06,1.3286893749112045,0.9272822467325644
2016-07-07,1.327528288531209,0.9253078537388534
2016-07-08,1.2985011290313033,0.9202131686042774
2016-07-11,1.3201885639148039,0.9233982908714742
2016-07-12,1.3599557724296745,0.9435341130128908
2016-07-13,1.3286893749112045,0.946326161201536
2016-07-14,1.3282747012040634,0.9445664945800111
2016-07-15,1.3300577981447717,0.9444263415901374
2016-07-18,1.3246255725812182,0.9403170801410476
2016-07-19,1.291037002302756,0.936342494703618
2016-07-20,1.292903033984893,0.933278557785954
2016-07-21,1.3170370437405285,0.9375787351651
2016-07-22,1.2902491222591874,0.9296917135798677
2016-07-25,1.3040992240777136,0.9313414082440975
2016-07-26,1.336360838493323,0.9424980705182276
2016-07-27,1.3155027510241046,0.9276971998977707
2016-07-28,1.3239620946497916,0.9285312860273465
2016-07-29,1.311936557142688,0.923571421035436
2016-08-01,1.2862682546706288,0.9157533805494976
2016-08-02,1.2831582018670677,0.9192828029629414
2016-08-03,1.2856877114806307,0.9205668372658902
2016-08-04,1.2835314082034948,0.9228099481064961
2016-08-05,1.2819971154870713,0.9239114837301172
2016-08-08,1.290995534932042,0.9322921828358306
2016-08-09,1.322718073528367,0.938863980168496
2016-08-10,1.314673403609822,0.934931971030129
2016-08-11,1.3269477453412102,0.9320549720267661
2016-08-12,1.3277770927554937,0.9496024319166928
2016-08-15,1.3352826868547545,0.9781951984658003
2016-08-16,1.2968839015734512,0.9738197270493137
2016-08-17,1.2912443391563269,0.9723214852457989
2016-08-18,1.284070484022779,0.9698532417744001
2016-08-19,1.2842778208763497,0.9700073466456188
2016-08-22,1.2877610800163382,0.9618712090302571
2016-08-23,1.2859365157049159,0.9633225794307413
2016-08-24,1.2793017363906511,0.9598730344206172
2016-08-25,1.2698886432385394,0.9538509527434212
2016-08-26,1.2634197334071318,0.9533084724644344
2016-08-29,1.2886318948013353,0.9535076615142137
2016-08-30,1.2817068438920722,0.954720091533566
2016-08-31,1.2996622154112993,0.9592765338407205
2016-09-01,1.2935250445456048,0.951719139865362
2016-09-02,1.2813751049263589,0.9553332248315123
2016-09-05,1.292654229760608,0.9569377200123768
2016-09-06,1.298625531143446,0.963552064817904
2016-09-07,1.2847754293249194,0.9630306853181412
2016-09-08,1.2815409744092157,0.9626694353656323
2016-09-09,1.2766063572942317,0.9564660368833549
2016-09-12,1.249362294735035,0.9404848774578011
2016-09-13,1.2591900615942888,0.9398301479516303
2016-09-14,1.2556238677128717,0.9336027948962172
2016-09-19,1.2560590159343035,0.9406347448774544
2016-09-20,1.2560590159343035,0.9389856555634482
2016-09-21,1.2560590159343035,0.9416471498871944
2016-09-22,1.2560590159343035,0.9487051875804502
2016-09-23,1.2560590159343035,0.9442502135012585
2016-09-26,1.2560590159343035,0.9282854850103466
2016-09-27,1.2560590159343035,0.9341864389904119
2016-09-28,1.2560590159343035,0.9313429648589583
2016-09-29,1.2560590159343035,0.9352336372249108
2016-09-30,1.2560590159343035,0.9377984196438799
2016-10-10,1.2560590159343035,0.9494972739349856
2016-10-11,1.2560590159343035,0.9531548576386348
2016-10-12,1.2560590159343035,0.9512674909461226
2016-10-13,1.2560590159343035,0.9520272343029949
2016-10-14,1.2560590159343035,0.9529504222202505
2016-10-17,1.2560590159343035,0.9448879067225642
2016-10-18,1.2560590159343035,0.9574139576811764
2016-10-19,1.2560590159343035,0.9559462139984528
2016-10-20,1.2560590159343035,0.956627578914464
2016-10-21,1.2560590159343035,0.9592610253445147
2016-10-24,1.2560590159343035,0.9707447496966186
2016-10-25,1.2560590159343035,0.9707092646430326
2016-10-26,1.2560590159343035,0.9670614818477663
2016-10-27,1.2560590159343035,0.9644367697566567
2016-10-28,1.2560590159343035,0.9628314962683617
2016-10-31,1.2560590159343035,0.9617221487442354
2016-11-01,1.2560590159343035,0.9682869413100275
2016-11-02,1.2522038726450027,0.9608788670565007
2016-11-03,1.2548544669810513,0.9700261701549541
2016-11-04,1.2508006168200356,0.9668812027859255
2016-11-07,1.252788562572072,0.9675778455885333
2016-11-08,1.27099190896817,0.9717651683902716
2016-11-09,1.2585575031858247,0.966558291680914
2016-11-10,1.2676007073911666,0.9773846056901421
2016-11-11,1.2518140793602897,0.9850550272001152
2016-11-14,1.2358715340155275,0.9888102452469774
2016-11-15,1.2476432912138602,0.9887011380757161
2016-11-16,1.2442910689653284,0.9886211165413907
2016-11-17,1.236066430657884,0.9906224908593556
2016-11-18,1.2320125804968687,0.9851225669893529
2016-11-21,1.2300636140733034,0.9919414625180689
2016-11-22,1.2276079163796114,0.999797495937091
2016-11-23,1.2435114823959026,1.001632341291152
2016-11-24,1.2590252551274805,1.0056712668094947
2016-11-25,1.2588693378135953,1.015056559024443
2016-11-28,1.2690429425446048,1.0190294725422073
2016-11-29,1.2864277230428052,1.0273774539096427
2016-11-30,1.2674058107488102,1.019871284093685
2016-12-01,1.2749678004722427,1.0276644475680516
2016-12-02,1.27789125010759,1.0172635794612392
2016-12-05,1.2551273222803503,1.00009832617204
2016-12-06,1.2960166378467455,0.997142487508598
2016-12-07,1.3000315086792893,1.0019259073234175
2016-12-08,1.3400242996908445,1.0003102852289183
2016-12-09,1.340219196333201,1.0071011040377378
2016-12-12,1.297731728299483,0.9827369105841797
2016-12-13,1.3217040153093331,0.9815423816357266
2016-12-14,1.3188195450024565,0.9740215681095966
2016-12-15,1.3023702683875678,0.9629201656630247
2016-12-16,1.3005382399494163,0.9645334816614337
2016-12-19,1.2942235887370654,0.9596192485459055
2016-12-20,1.2962505138175733,0.953877472848457
2016-12-21,1.3047480074243174,0.9623731020180589
2016-12-22,1.2912611597732466,0.9615475196178153
2016-12-23,1.2711088469535838,0.9534551690019636
2016-12-26,1.288454648123313,0.9577218791616026
2016-12-27,1.2950031753064914,0.9559878678590797
2016-12-28,1.2854922191594942,0.9518090776128746
2016-12-29,1.299485798080691,0.9506203139046466
2016-12-30,1.3261476587550614,0.9541705488353033
2017-01-03,1.3277458112223848,0.9634371347540153
2017-01-04,1.3953749461200928,0.9709563051866811
2017-01-05,1.3752226333004298,0.9708056882857986
2017-01-06,1.390892323345893,0.9650050783118522
2017-01-09,1.38212197443985,0.9696849832384288
2017-01-10,1.384031961534944,0.9680621257674471
2017-01-11,1.3701942999276322,0.9612083505353687
2017-01-12,1.37643099248304,0.9563449956648276
2017-01-13,1.3679334988762963,0.9570045679727877
2017-01-16,1.354680527196054,0.9568700360921333
2017-01-17,1.384538692805071,0.9588621571995368
2017-01-18,1.4077313932454951,0.9626121577039953
2017-01-19,1.4063281374205285,0.959707572026155
2017-01-20,1.4073805792892533,0.967087079514366
2017-01-23,1.3926853724555732,0.9697366974432485
2017-01-24,1.3891382535646843,0.9698433832136151
2017-01-25,1.3786917935343757,0.9731449345071592
2017-01-26,1.366179429095088,0.9766203366196932
2017-02-03,1.3756514059136142,0.9698553172608813
2017-02-06,1.3756514059136142,0.9723668865125722
2017-02-07,1.3629051655034987,0.9701990985355079
2017-02-08,1.3653608631971905,0.9752733458934857
2017-02-09,1.3786138348774333,0.9790220780450946
2017-02-10,1.3687520647741938,0.9839785703714734
2017-02-13,1.3869554111702918,0.9905475427364285
2017-02-14,1.3887484602799713,0.9904118289815281
2017-02-15,1.3821999330967925,0.986349900154687
2017-02-16,1.3804848426440557,0.9918902960110706
2017-02-17,1.3901127367764672,0.9862717234972338
2017-02-20,1.4319375562261734,1.0006706127429912
2017-02-21,1.4219978274659915,1.0039655628364774
2017-02-22,1.4342763159344514,1.0059642851439385
2017-02-23,1.4335357086934966,1.001227246686731
2017-02-24,1.4371218069128564,1.0013794778548764
2017-02-27,1.4159950108814112,0.9934151155720233
2017-02-28,1.4060942614497007,0.9953140415711871
2017-03-01,1.4136952305016042,0.9969361783871407
2017-03-02,1.4145137963995016,0.9902077683037585
2017-03-03,1.4134223752023054,0.9881226250453219
2017-03-06,1.42285537269236,0.993490409609364
2017-03-07,1.4549743393527126,0.9956444474884911
2017-03-08,1.4552861739804828,0.9941382208272647
2017-03-09,1.4654987580399637,0.9878577122569756
2017-03-10,1.4653038613976075,0.9881309269912462
2017-03-13,1.4719303472377285,0.9968382846081172
2017-03-14,1.4639395849011119,0.996433391787104
2017-03-15,1.4841308770492458,0.998436870417751
2017-03-16,1.4844816910054877,1.0035860947248572
2017-03-17,1.4989430218683404,0.9932947085299207
2017-03-20,1.5298536293460827,0.9943922661377865
2017-03-21,1.5594779189842716,0.9992161002865843
2017-03-22,1.5613099474224228,0.9945184095939131
2017-03-23,1.5430286423693824,0.9979567988642015
2017-03-24,1.5314517818134057,1.0059190280081711
2017-03-27,1.5002683190363646,1.0025863732436124
2017-03-28,1.505881342336232,1.000214207500566
2017-03-29,1.5190953346880032,0.9988835900565979
2017-03-30,1.5288011874773573,0.9906867732878663
2017-03-31,1.5296587327037259,0.9962466268300098
2017-04-05,1.5425219110992554,1.0100393010660909
2017-04-06,1.5512922600052983,1.0129662270498037
2017-04-07,1.5550342755385433,1.0139510742112676
2017-04-10,1.5407288619895756,1.0103984755321187
2017-04-11,1.5254879445572969,1.0139120435349431
2017-04-12,1.5447437328221196,1.0116378580495236
2017-04-13,1.5765508648547013,1.0131159215122503
2017-04-14,1.5650909422841386,1.0050267994309245
2017-04-17,1.5664162394521632,1.003134993503439
2017-04-18,1.600951924477736,0.9981772328242108
2017-04-19,1.605200671281108,0.99331517513272
2017-04-20,1.6425038886281433,0.9978328173731593
2017-04-21,1.5848924411475598,0.9993428490929346
2017-04-24,1.5771745341102423,0.9891015340093537
2017-04-25,1.6564584882208693,0.9919021724059344
2017-04-26,1.652833410673038,0.9931154383851193
2017-04-27,1.6663982169810512,0.9935584970964232
2017-04-28,1.6353706715178953,0.9915501180115848
2017-05-02,1.6299135655319132,0.9877518624464415
2017-05-03,1.6514691341765428,0.9838751996142362
2017-05-04,1.645193462292663,0.9813552707642188
2017-05-05,1.645934069533618,0.9750607238339816
2017-05-08,1.6041872087408544,0.9682180466893366
2017-05-09,1.6169724284794411,0.9664077324324338
2017-05-10,1.6221566791661242,0.9621323167600548
2017-05-11,1.6302254001596836,0.9675934982157446
2017-05-12,1.635331692189424,0.9758760729328255
2017-05-15,1.6590311238999753,0.9798584126183582
2017-05-16,1.7002322740941407,0.9883492854647743
2017-05-17,1.6865115504722428,0.9829635421774309
2017-05-18,1.6979714730428055,0.979546801384188
2017-05-19,1.741940155558433,0.9812004164117709
2017-05-22,1.7456821710916781,0.9833305285439637
2017-05-23,1.7940944970530346,0.9870650493784177
2017-05-24,1.7789705176061694,0.9870572374779126
2017-05-25,1.780061938803366,1.0047828144645956
2017-05-26,1.785207210161578,1.003277049022587
2017-05-31,1.7502037731943492,1.0068659110627523
2017-06-01,1.7749166674451542,1.0082650483867963
2017-06-02,1.767237739736308,1.0050276353907572
2017-06-05,1.7559337344796304,0.9999099469476829
2017-06-06,1.7731236183354744,1.0068650751029196
2017-06-07,1.8142468098726974,1.0186809925967972
2017-06-08,1.83350259813752,1.0264948532835723
2017-06-09,1.8390766421089164,1.0308740432800043
2017-06-12,1.8669078826374252,1.0303606774641545
2017-06-13,1.8675315518929663,1.032631605588847
2017-06-14,1.8727937612365917,1.0190923136606616
2017-06-15,1.8334636188090487,1.0172168521892144
2017-06-16,1.8269540709543415,1.0143251518232774
2017-06-19,1.856344484621703,1.0243867067166375
2017-06-20,1.841259484503309,1.0223194933553013
2017-06-21,1.8662452340534132,1.0342711246040792
2017-06-22,1.8664011513672984,1.0349593501559584
2017-06-23,1.8663231927103558,1.0443395689595083
2017-06-26,1.912903490233561,1.0573715485740802
2017-06-27,1.910642689182226,1.059280794353247
2017-06-28,1.8763408801274806,1.0510513174986398
2017-06-29,1.8674146139075523,1.0575837094143663
2017-06-30,1.8628930118048814,1.0569984798791099
2017-07-03,1.8181447427198274,1.052400297232725
2017-07-04,1.785207210161578,1.0435038973888708
2017-07-05,1.8172092388365162,1.0549465732305714
2017-07-06,1.8010328175209263,1.0550668361416682
2017-07-07,1.7883194744398503,1.0538655330359505
2017-07-10,1.821953265167261,1.053219105475704
2017-07-11,1.8562201625436578,1.0581546699800655
2017-07-12,1.8338240148357585,1.0546998497751354
2017-07-13,1.8286404541471815,1.0627991186792571
2017-07-14,1.8296296832862229,1.0674613243183424
2017-07-17,1.8045428323201305,1.0560644533102308
2017-07-18,1.814355985379422,1.0571088842294216
2017-07-19,1.8314102957364973,1.0751442563996039
2017-07-20,1.8694362638412523,1.0803726662812028
2017-07-21,1.8960663122642487,1.0748130433486682
2017-07-24,1.9142681284226122,1.0790997877180897
2017-07-25,1.9149012350715988,1.0722075583337094
2017-07-26,1.8898539532710683,1.0681227126769732
2017-07-27,1.8987174463568801,1.0700847104042004
2017-07-28,1.9384844577463476,1.0728799006487681
2017-07-31,1.9278007830446997,1.0774868464602951
2017-08-01,1.923923004819657,1.0868581291414963
2017-08-02,1.9342109878656883,1.0841109056956018
2017-08-03,1.9119731168200358,1.074590735685586
2017-08-04,1.8978073555489618,1.0687543523960423
2017-08-07,1.9291461346737961,1.0742933645947719
2017-08-08,1.9331821895610852,1.0758551969979702
2017-08-09,1.9659058894805779,1.0755182475330103
2017-08-10,1.968992284394387,1.0711588034843498
2017-08-11,1.9390384260642108,1.0513925332413663
2017-08-14,2.001439000154948,1.0650367813678505
2017-08-15,1.9861653022481474,1.068315329352896
2017-08-16,1.9882228988573538,1.066978975494904
2017-08-17,1.9731866159439229,1.072702792469051
2017-08-18,1.9611575896131785,1.0736822491309044
2017-08-21,1.9614741429376716,1.078386483371231
2017-08-22,1.9515422823816955,1.081644968320293
2017-08-23,1.978409745798062,1.0827375966477664
2017-08-24,1.973661445930663,1.0765565096451604
2017-08-25,1.974373690910773,1.0941717975863359
2017-08-28,1.9706146201824153,1.107707860979995
2017-08-29,1.9603266371363837,1.105351520821367
2017-08-30,1.9742945525796496,1.1052831738984974
2017-08-31,1.9670929644474273,1.10176415774366
2017-09-01,1.983039338168776,1.1041986745597416
2017-09-04,1.972118248473758,1.1085450891654935
2017-09-05,1.9625029412422748,1.1118399527803764
2017-09-06,1.9426787892958834,1.109650170411853
2017-09-07,1.927998628872508,1.1040064037982324
2017-09-08,1.9006959046349627,1.1028874283229302
2017-09-11,1.9163257250318182,1.1027882085386551
2017-09-12,1.942401805136952,1.1063306027426054
2017-09-13,1.968992284394387,1.107677362859204
2017-09-14,1.9653519211627142,1.1040306466333791
2017-09-15,1.96190940375885,1.1044172348166776
2017-09-18,1.9980360519166451,1.1078320730806464
2017-09-19,1.99004308047319,1.104653494361105
2017-09-20,1.9870753930560654,1.1076281277076812
2017-09-21,1.9972446686054117,1.1062970202182938
2017-09-22,2.0018346918105645,1.106271883770912
2017-09-25,2.0307597518361375,1.1005242563546351
2017-09-26,2.0388714307762776,1.1013861885944982
2017-09-27,2.0345979608956184,1.1015067974200088
2017-09-28,2.0751563555963193,1.101892664948279
2017-09-29,2.071911684020263,1.1059175809328745
2017-10-09,2.1119952487342237,1.1190929708980475
2017-10-10,2.1606257532095032,1.1212999336824416
2017-10-11,2.1823096559372925,1.1249963462790071
2017-10-12,2.1765721269308522,1.1279558746961933
2017-10-13,2.224292540598213,1.1302758361890008
2017-10-16,2.242256941763207,1.1280978725629391
2017-10-17,2.22658755220079,1.1279890824798904
2017-10-18,2.2423756492598916,1.136952243805552
2017-10-19,2.3289529835088025,1.1332298876279732
2017-10-20,2.2962292835893106,1.131962255433465
2017-10-23,2.2925889203576375,1.133099766156091
2017-10-24,2.268530867696149,1.1413432525444456
2017-10-25,2.2619623862129132,1.1464033174114694
2017-10-26,2.4178015457660957,1.1511960192630513
2017-10-27,2.5945190341385977,1.1593804695914998
2017-10-30,2.485505983016226,1.1558504706540336
2017-10-31,2.4694804709637537,1.154984560398415
2017-11-01,2.48918591541346,1.152074324785154
2017-11-02,2.504657459148069,1.1522219725873204
2017-11-03,2.553129686961102,1.1509431270005743
2017-11-06,2.6080912579262465,1.1590697231433633
2017-11-07,2.5646047449739835,1.1686852502267036
2017-11-08,2.597486721555722,1.1668862646668432
2017-11-09,2.596260077423311,1.174927074035082
2017-11-10,2.7065789110092173,1.1853077926273068
2017-11-13,2.7458710924119445,1.189966712079464
2017-11-14,2.7097444442541496,1.181687164113501
2017-11-15,2.7466624757231783,1.1742841920975737
2017-11-16,2.8694455964610075,1.1833190730116363
2017-11-17,2.7552489846500583,1.1878847397031511
2017-11-20,2.7113272108766155,1.194509750203095
2017-11-21,2.703809069419901,1.2158031172769201
2017-11-22,2.5980406898735855,1.218646850844184
2017-11-23,2.531604060895559,1.1825650948949893
2017-11-24,2.5170030388033067,1.1830859266969307
2017-11-27,2.482380018936855,1.1674460118403045
2017-11-28,2.5889793509599657,1.1691398394184578
2017-11-29,2.5489749245771276,1.1685429640979466
2017-11-30,2.520801678697226,1.1548062415182505
2017-12-01,2.4865743504863906,1.1525108687750034
2017-12-04,2.547669142113593,1.158483830605481
2017-12-05,2.528557235147312,1.1646276453300315
2017-12-06,2.4970997485257924,1.157608667139301
2017-12-07,2.4641782027784918,1.1447048488149347
2017-12-08,2.5060819491082884,1.154022140021427
2017-12-11,2.5999004406549835,1.1730821683368278
2017-12-12,2.6012062231185182,1.1576649358838986
2017-12-13,2.6680385437521608,1.1674878674843392
2017-12-14,2.653556229156593,1.1605865578466044
2017-12-15,2.610979807012247,1.147529499437053
2017-12-18,2.6583836673551153,1.1488081144141902
2017-12-19,2.663606797209255,1.1632321689335303
2017-12-20,2.7341190502401322,1.1618370961038447
2017-12-21,2.721575624757086,1.1726061901038383
2017-12-22,2.7262447862933614,1.1687866896284653
2017-12-25,2.7468207523854247,1.1650224778068519
2017-12-26,2.717895692359851,1.1685053459054773
2017-12-27,2.6520921700308118,1.150513501298995
2017-12-28,2.8650434215551304,1.1584954475645346
2017-12-29,2.781199769413389,1.1619423405641551
2018-01-02,2.8063657587106046,1.1782424907313673
2018-01-03,2.853888326550157,1.1851582711220672
2018-01-04,2.937814526706437,1.190179622400979
2018-01-05,2.942918949063891,1.1930445432260703
2018-01-08,2.997405690042296,1.199215944625098
2018-01-09,3.117656384184179,1.2076153807615433
2018-01-10,3.130278947998348,1.212952696030995
2018-01-11,3.0871485575361395,1.2123107653581242
2018-01-12,3.141002191865558,1.2179072858280997
2018-01-15,3.128933596369252,1.2179759786653825
2018-01-16,3.07974912357611,1.2275559918689356
2018-01-17,2.9807866405063987,1.2245705775231386
2018-01-18,2.9919055760292257,1.2312871976902602
2018-01-19,2.9896897027577727,1.2353165817360303
2018-01-22,3.0825189651654252,1.2500762885412793
2018-01-23,3.083072933483288,1.2633408091203333
2018-01-24,3.0461944711798226,1.2654371657710077
2018-01-25,3.064791978993802,1.2582865671459367
2018-01-26,3.0966847264364996,1.262962234620948
2018-01-29,2.9348468392893126,1.2401083899753773
2018-01-30,2.9576386786528284,1.2268725514664436
2018-01-31,3.046511024504315,1.2325791303723175
2018-02-01,3.019564422756825,1.223931039424961
2018-02-02,2.9509910588384693,1.2312340998277864
2018-02-05,2.863266218788271,1.2320740376761905
2018-02-06,2.826189910656996,1.1959661075363737
2018-02-07,2.725565522633696,1.167604469467893
2018-02-08,2.7950489773599703,1.1565207951350134
2018-02-09,2.725565522633696,1.1071142718464122
2018-02-12,2.7811602002478275,1.1213693760009538
2018-02-13,2.8385354903122337,1.134493311197117
2018-02-14,2.8641367404306273,1.1435242717478264
2018-02-22,2.9591027377786094,1.1682490233250664
2018-02-23,2.9592214452752947,1.1735402743251195
2018-02-26,2.9632970693281457,1.187183628839369
2018-02-27,2.941415320772548,1.1700499114142011
2018-02-28,2.892507832138337,1.159862991372145
2018-03-01,2.95720341783165,1.1671977605962087
2018-03-02,2.935202961779367,1.1577931260003052
2018-03-05,2.8707052219138625,1.1582647226507237
2018-03-06,2.863384926284956,1.172236119333785
2018-03-07,2.8308590721932716,1.1636138854888385
2018-03-08,2.8811910507877028,1.1754172059328243
2018-03-09,2.9027166768532453,1.1844297465410143
2018-03-12,2.90445005361213,1.1898493606146805
2018-03-13,2.90445005361213,1.1793529048249352
2018-03-14,2.90445005361213,1.174190535770116
2018-03-15,2.90445005361213,1.1807680983430064
2018-03-16,2.90445005361213,1.1693125371894026
2018-03-19,2.90445005361213,1.1744508940186842
2018-03-20,2.90445005361213,1.175447185181995
2018-03-21,2.873014562605755,1.1706464984727014
2018-03-22,2.8127010515241104,1.1589138887000772
2018-03-23,2.7143648346891274,1.1256445610637236
2018-03-26,2.7143648346891274,1.118425759646789
2018-03-27,2.7143648346891274,1.1280467637083431
2018-03-28,2.7143648346891274,1.1077088987232355
2018-03-29,2.7143648346891274,1.1225066272877697
2018-03-30,2.7143648346891274,1.1237887878876454
2018-04-02,2.7143648346891274,1.1204510597116883
2018-04-03,2.7143648346891274,1.1134061379399447
2018-04-04,2.7143648346891274,1.1112104173739896
2018-04-09,2.7143648346891274,1.110653120427624
2018-04-10,2.7143648346891274,1.1320547587128778
2018-04-11,2.7143648346891274,1.135274789509638
2018-04-12,2.7143648346891274,1.1238284815665955
2018-04-13,2.7143648346891274,1.115903841788894
2018-04-16,2.7143648346891274,1.0979505089871158
2018-04-17,2.7143648346891274,1.080590851797524
2018-04-18,2.7143648346891274,1.0856760242857284
2018-04-19,2.7143648346891274,1.0988095297806653
2018-04-20,2.7143648346891274,1.084111424567222
2018-04-23,2.7143648346891274,1.0856886213356205
2018-04-24,2.7143648346891274,1.1079317540841394
2018-04-25,2.7143648346891274,1.1036691948974626
2018-04-26,2.7143648346891274,1.0825662825344755
2018-04-27,2.7143648346891274,1.082964775938839
2018-05-02,2.7143648346891274,1.0849161944502528
2018-05-03,2.7143648346891274,1.0933778375287275
2018-05-04,2.7143648346891274,1.0880732399975532
2018-05-07,2.7143648346891274,1.1052506579436274
2018-05-08,2.7143648346891274,1.1180751465624956
2018-05-09,2.7143648346891274,1.1160395843699955
2018-05-10,2.7143648346891274,1.122220296631987
2018-05-11,2.7143648346891274,1.1163921576359654
2018-05-14,2.7143648346891274,1.1269007492563847
2018-05-15,2.7143648346891274,1.1311682377234542
2018-05-16,2.7143648346891274,1.122159098606997
2018-05-17,2.7143648346891274,1.1138590263858326
2018-05-18,2.7143648346891274,1.1251049922310505
2018-05-21,2.7143648346891274,1.1303451343765074
2018-05-22,2.7143648346891274,1.1260114032992508
2018-05-23,2.7143648346891274,1.1111297040108372
2018-05-24,2.7143648346891274,1.1032412699417498
2018-05-25,2.7143648346891274,1.1001513894430726
2018-05-28,2.796677286408203,1.104983208449582
2018-05-29,2.7634492901020837,1.0965513716630717
2018-05-30,2.7428531184786706,1.0733068166874418
2018-05-31,2.836424934163459,1.0960805244938825
2018-06-01,2.8141247627294756,1.086917597594419
2018-06-04,2.950667008419947,1.09758012112885
2018-06-05,2.9731894406987878,1.1084586393883171
2018-06-06,2.964669441645937,1.106162545990042
2018-06-07,2.9469626610056645,1.1043354548840838
2018-06-08,2.93577553181453,1.0895196811176446
2018-06-11,2.9275518805548217,1.0896251561875643
2018-06-12,3.014455870893901,1.1028770220643238
2018-06-13,2.981635352803354,1.0920342482942527
2018-06-14,2.9660770936633645,1.0877179282424763
2018-06-15,2.9593495330458235,1.0819723763126803
2018-06-19,2.826616081634571,1.0438303541166207
2018-06-20,2.9227567275902446,1.0479602839519175
2018-06-21,2.906714501789904,1.0357153172804832
2018-06-22,2.9338021945347417,1.040310098435135
2018-06-25,2.9301579418353665,1.0263504628421332
2018-06-26,2.889733035603126,1.0178852164885177
2018-06-27,2.768157759982744,0.997173850415423
2018-06-28,2.724915132591192,0.9868723462238916
2018-06-29,2.8020455531253843,1.0120834534665264
2018-07-02,2.7272444487495546,0.9823864992832941
2018-07-03,2.6647661782437773,0.9827659385687133
2018-07-04,2.649700762445331,0.9696405620624938
2018-07-05,2.6928306809905096,0.9634978715597874
2018-07-06,2.736899839922126,0.9700370376327785
2018-07-09,2.78619117540233,0.9971512506737403
2018-07-10,2.7806308723146245,0.9995529920991417
2018-07-11,2.757412849961906,0.9822613647442069
2018-07-12,2.8248878793235273,1.0034561750363828
2018-07-13,2.8603911659308396,1.006809757622959
2018-07-16,2.8892822002176364,1.0008704647953965
2018-07-17,2.843259421282232,0.9943244380865375
2018-07-18,2.824512183168953,0.9891199827780743
2018-07-19,2.837699118194526,0.9882610484631281
2018-07-20,2.8383753712727606,1.0068685918994569
2018-07-23,2.80433729966829,1.0163398726723636
2018-07-24,2.803188232979523,1.0324696888171232
2018-07-25,2.803188232979523,1.0313300449556135
2018-07-26,2.803188232979523,1.0193652689591222
2018-07-27,2.803188232979523,1.015035948290638
2018-07-30,2.803188232979523,1.013263857576428
2018-07-31,2.803188232979523,1.0140068240842448
2018-08-01,2.803188232979523,0.9937510561199436
2018-08-02,2.803188232979523,0.9717191041208726
2018-08-03,2.803188232979523,0.955670404906081
2018-08-06,2.803188232979523,0.9435602007249098
2018-08-07,2.803188232979523,0.9711170977365609
2018-08-08,2.803188232979523,0.9554465982805401
2018-08-09,2.803188232979523,0.9793787734578255
2018-08-10,2.803188232979523,0.9815376541387419
2018-08-13,2.803188232979523,0.9773074091235271
2018-08-14,2.803188232979523,0.9722828869624914
2018-08-15,2.803188232979523,0.948951622773875
2018-08-16,2.803188232979523,0.9445560883214048
2018-08-17,2.803188232979523,0.9309766991474535
2018-08-20,2.803188232979523,0.9418239986311013
2018-08-21,2.803188232979523,0.958946502664031
2018-08-22,2.803188232979523,0.9535576173207647
2018-08-23,2.803188232979523,0.9570372857110654
2018-08-24,2.803188232979523,0.9585676687288354
2018-08-27,2.803188232979523,0.9819857286090418
2018-08-28,2.803188232979523,0.9801399869509553
2018-08-29,2.803188232979523,0.9762205172100781
2018-08-30,2.803188232979523,0.9659931540078421
2018-08-31,2.803188232979523,0.9612107142838611
2018-09-03,2.803188232979523,0.95755589789552
2018-09-04,2.803188232979523,0.969684118452395
2018-09-05,2.803188232979523,0.9507288157256842
2018-09-06,2.803188232979523,0.940564581903914
2018-09-07,2.803188232979523,0.9448201939761195
2018-09-10,2.803188232979523,0.9311059270071006
2018-09-11,2.803188232979523,0.9294177205381667
2018-09-12,2.803188232979523,0.9230221089467823
2018-09-13,2.803188232979523,0.9329790823824579
2018-09-14,2.803188232979523,0.9345714417326484
2018-09-17,2.803188232979523,0.9238573769506041
2018-09-18,2.803188232979523,0.9424530151658679
2018-09-19,2.803188232979523,0.9548628100553399
2018-09-20,2.803188232979523,0.9541835206258098
2018-09-21,2.803188232979523,0.9831134384232851
2018-09-25,2.803188232979523,0.9742691851772675
2018-09-26,2.803188232979523,0.9850608500927425
2018-09-27,2.803188232979523,0.9811257565508551
2018-09-28,2.803188232979523,0.9912941125193863
2018-10-08,2.803188232979523,0.9486411069353475
2018-10-09,2.803188232979523,0.9480045667620871
2018-10-10,2.803188232979523,0.9459599819686346
2018-10-11,2.803188232979523,0.9005633562138421
2018-10-12,2.803188232979523,0.913999911561215
2018-10-15,2.803188232979523,0.9012372263175605
2018-10-16,2.803188232979523,0.8938929444471253
2018-10-17,2.803188232979523,0.8988719500365833
2018-10-18,2.803188232979523,0.8775825033261111
2018-10-19,2.803188232979523,0.903685695014987
2018-10-22,2.803188232979523,0.9426955299959395
2018-10-23,2.612837016023187,0.9176606949731889
2018-10-24,2.5937747054530034,0.9190374631651594
2018-10-25,2.5215787123671913,0.9207977639631091
2018-10-26,2.485861962035689,0.914838408099563
2018-10-29,2.2410216319542346,0.8869501827321715
2018-10-30,2.0815904860222396,0.8965699472670772
2018-10-31,2.0815904860222396,0.9091274764373191
2018-11-01,2.0815904860222396,0.9158181530234274
2018-11-02,2.0815904860222396,0.9484527853633925
2018-11-05,2.0815904860222396,0.9405514083299995
2018-11-06,2.0815904860222396,0.9348770571169843
2018-11-07,2.0815904860222396,0.9287542855192559
2018-11-08,2.0815904860222396,0.926120608479596
2018-11-09,2.0815904860222396,0.9130538356402653
2018-11-12,2.0815904860222396,0.9239203045476617
2018-11-13,2.0815904860222396,0.9332143330098457
2018-11-14,2.0815904860222396,0.9238632286694327
2018-11-15,2.0815904860222396,0.9346525298364153
2018-11-16,2.0815904860222396,0.9390635151326889
2018-11-19,2.0815904860222396,0.9497089159036515
2018-11-20,2.0815904860222396,0.9277446478248238
2018-11-21,2.0815904860222396,0.9300750155762376
2018-11-22,2.0815904860222396,0.9265972785414126
2018-11-23,2.0815904860222396,0.9061444834924164
2018-11-26,2.0815904860222396,0.9055011403356902
2018-11-27,2.0815904860222396,0.9043474869404337
2018-11-28,2.0815904860222396,0.9163655049304046
2018-11-29,2.0815904860222396,0.9044665103248821
2018-11-30,2.0815904860222396,0.9145660004989239
2018-12-03,2.0815904860222396,0.9400080632649789
2018-12-04,2.0815904860222396,0.9419565126776767
2018-12-05,2.0815904860222396,0.9374292424860615
2018-12-06,2.0815904860222396,0.9171554581460566
2018-12-07,2.0815904860222396,0.9171242105440363
2018-12-10,2.0815904860222396,0.906515736136716
2018-12-11,2.0815904860222396,0.9108548577135829
2018-12-12,2.0815904860222396,0.9139661849058976
2018-12-13,2.0815904860222396,0.9281150068568884
2018-12-14,2.0815904860222396,0.912611843498403
2018-12-17,2.0815904860222396,0.9112528898987283
2018-12-18,2.0815904860222396,0.9018065149635944
2018-12-19,2.0815904860222396,0.8910540536816507
2018-12-20,2.0815904860222396,0.8842197649615334
2018-12-21,2.0815904860222396,0.8732595244218747
2018-12-24,2.0815904860222396,0.875797094906981
2018-12-25,2.0815904860222396,0.8697676337222967
2018-12-26,2.0815904860222396,0.865371983965022
2018-12-27,2.0815904860222396,0.8620491877612483
2018-12-28,2.0815904860222396,0.8678570619378783
2019-01-02,2.0815904860222396,0.8560042180803583
2019-01-03,2.0815904860222396,0.854651346809121
2019-01-04,2.0815904860222396,0.8751271739928168
2019-01-07,2.0815904860222396,0.8804395257720938
2019-01-08,2.0815904860222396,0.8785371406287951
2019-01-09,2.0815904860222396,0.8874076545440384
2019-01-10,2.0865379759562943,0.8857387616298588
2019-01-11,2.143514859362243,0.8921069883301737
2019-01-14,2.1059520747439437,0.884325730076872
2019-01-15,2.223768681108785,0.9016808039004848
2019-01-16,2.227498319297837,0.9018714315685298
2019-01-17,2.2213377562177072,0.896903264630695
2019-01-18,2.3024573868295657,0.9132641804298804
2019-01-21,2.3136796017376926,0.9182979558014776
2019-01-22,2.260465656861769,0.9060989092684366
2019-01-23,2.2426832747818297,0.905446312901149
2019-01-24,2.2654607080078195,0.9105567659677408
2019-01-25,2.2894369535088614,0.9179616116867414
2019-01-28,2.280445861445971,0.9177621632011519
2019-01-29,2.3070861342249063,0.920700158446097
2019-01-30,2.277115827348604,0.9133532533913593
2019-01-31,2.3224042910727944,0.9229091967169724
2019-02-01,2.332627495751711,0.9361012194001948
2019-02-11,2.441286508348793,0.9531304130200801
2019-02-12,2.4167108567102256,0.9600091517423335
2019-02-13,2.474420347617594,0.9792340082757717
2019-02-14,2.480780712743565,0.9807078054607317
2019-02-15,2.439554890618162,0.9624217318193581
2019-02-18,2.490238009580087,0.9932773263306419
2019-02-19,2.4594684945204164,0.9915082623675501
2019-02-20,2.430297395827482,0.995059506215246
2019-02-21,2.4244698361570904,0.9924012404260257
2019-02-22,2.443650832557924,1.0147163521987559
2019-02-25,2.497996989026952,1.0750682993596374
2019-02-26,2.4481130782483955,1.062157159180185
2019-02-27,2.4925690334482438,1.0603407049424425
2019-02-28,2.5402218213815644,1.0577400627292728
2019-03-01,2.654408690580276,1.0809001857618052
2019-03-04,2.6296332368958666,1.0936960499629553
2019-03-05,2.622706765973343,1.1000116400200146
2019-03-06,2.5834789643063605,1.1092582493813463
2019-03-07,2.5188763028174423,1.097946675102366
2019-03-08,2.4819129243366698,1.0543410788759233
2019-03-11,2.5519768417452693,1.0752042148979457
2019-03-12,2.5069214804078954,1.0825252916764747
2019-03-13,2.536858486943224,1.0735436815820927
2019-03-14,2.6167793052800303,1.066132955318062
2019-03-15,2.6144482814118732,1.079542673472187
2019-03-18,2.723640099464535,1.1103125965137246
2019-03-19,2.665431103442561,1.1051857701648933
2019-03-20,2.6660638099210603,1.1056115619817228
2019-03-21,2.6425870695346236,1.1060300031172652
2019-03-22,2.6700598508379008,1.1051392735024774
2019-03-25,2.60878722344635,1.0789143199400462
2019-03-26,2.6001291347931956,1.0666959310260495
2019-03-27,2.6517446633023827,1.0790764961475798
2019-03-28,2.712684287284197,1.0747547279437908
2019-03-29,2.8698285963389427,1.116248862590169
2019-04-01,2.8865120671667515,1.145532477875458
2019-04-02,2.8565417602904484,1.1447706590321047
2019-04-03,2.8382265727549307,1.1594349511116275
2019-04-04,2.9064922717509525,1.170986849429394
2019-04-08,3.023596336204448,1.1695448763704768
2019-04-09,3.0393221447264214,1.1747916773683937
2019-04-10,3.1824803105722257,1.1777944739134698
2019-04-11,3.1065888334932334,1.1523498167893134
2019-04-12,3.069292451602724,1.1497667009064283
2019-04-15,3.0459822129211553,1.1459926593502308
2019-04-16,3.1555403347245274,1.1777777835430179
2019-04-17,3.1958337473026672,1.1781959652427503
2019-04-18,3.174188525669782,1.1738246159730246
2019-04-19,3.1976985663971917,1.1878146920344153
2019-04-22,3.1865096518300398,1.160430694577117
2019-04-23,3.2722580298372383,1.1585265510355494
2019-04-24,3.2557743610552716,1.161721474211129
2019-04-25,3.197065859918693,1.1362758081699333
2019-04-26,3.1725235086210986,1.1211301761840118
2019-04-29,3.262334528227085,1.1243180945927178
2019-04-30,3.2690944974447396,1.1280300733378912
2019-05-06,3.0426521788237886,1.0621350494839215
2019-05-07,2.9893716332659177,1.0725273562089994
2019-05-08,2.970723442320663,1.0571886463279367
2019-05-09,2.8855078697690435,1.0376567907525085
2019-05-10,3.046381817012839,1.0753473946389376
2019-05-13,2.9960317014606517,1.0575541913844133
2019-05-14,2.977949616311949,1.050758356816598
2019-05-15,3.1125828948684937,1.0743791225431212
2019-05-16,3.1222732940918316,1.0792424485874612
2019-05-17,3.0452829057607085,1.051799155634447
2019-05-20,2.972588261415188,1.042872113538796
2019-05-21,3.0060218037527524,1.0569922822458677
2019-05-22,2.9827115650711837,1.0519775033408125
2019-05-23,2.8928006444422767,1.0331208438743542
2019-05-24,2.951076241146198,1.035988849102966
2019-05-27,2.9527412581948815,1.0484657513886588
2019-05-28,2.9827115650711837,1.0585731975942112
2019-05-29,3.062332680339227,1.0561657774071882
2019-05-30,3.0403211549556315,1.0496148214179366
2019-05-31,2.9893716332659177,1.0463303640616601
2019-06-03,2.9960317014606517,1.0469712858174918
2019-06-04,2.9404201320346237,1.0373012195616216
2019-06-05,2.928099005874366,1.0369087220070923
2019-06-06,2.896563582972301,1.027561192115619
2019-06-10,2.9263673881437353,1.0408401834476377
2019-06-11,3.0589360455599124,1.0721259513583223
2019-06-12,3.0449832026919452,1.0640026702286627
2019-06-13,3.055972315213256,1.0623588849356635
2019-06-14,3.0659624175053564,1.0535630308813362
2019-06-17,3.061300369769043,1.053547147644516
2019-06-18,3.0792825538948247,1.0572350853379506
2019-06-19,3.1519605480698574,1.0711637904171445
2019-06-20,3.1519605480698574,1.103616385297
2019-06-21,3.17171237080404,1.1051787653980196
2019-06-24,3.206754575767101,1.1072910341117157
2019-06-25,3.193386623503415,1.09577320836368
2019-06-26,3.183263319847419,1.093761485439511
2019-06-27,3.2367675753882414,1.1054321188797145
2019-06-28,3.2440647955056874,1.1027714893420022
2019-07-01,3.401657603329139,1.1345449677495343
2019-07-02,3.37906908135528,1.1349362834298176
2019-07-03,3.256906666598698,1.1223579705685638
2019-07-04,3.2348449906183983,1.116468143502133
2019-07-05,3.296156693118872,1.1222623828856306
2019-07-08,3.2468965927210696,1.096199807314141
2019-07-09,3.217920063075303,1.0934151962853864
2019-07-10,3.239191470065263,1.0915730002500383
2019-07-11,3.235832826856323,1.0911354185169484
2019-07-12,3.250946721296557,1.097912487227831
2019-07-15,3.217492000705536,1.1023680666572462
2019-07-16,3.1913801961497485,1.0973687674221957
2019-07-17,3.176562652580891,1.0967327172943542
2019-07-18,3.123878053224953,1.0862871109233947
2019-07-19,3.151438684263028,1.0976887959070945
2019-07-22,3.155225389841736,1.090115605173519
2019-07-23,3.145215315964108,1.0924880880047778
2019-07-24,3.1201242755208423,1.1011125991196131
2019-07-25,3.1749162588510185,1.1101161747792532
2019-07-26,3.1816006173943028,1.112278802866316
2019-07-29,3.219072538686214,1.1110397374371235
2019-07-30,3.2273703630847743,1.1156655355841867
2019-07-31,3.2065270184645813,1.1055882704112132
2019-08-01,3.1627329452499575,1.0963957390031933
2019-08-02,3.146762926070189,1.0802439861193769
2019-08-05,3.1071836208040398,1.0595613309426035
2019-08-06,3.119926708273257,1.0482154823104846
2019-08-07,3.1156460845755873,1.0439209836929604
2019-08-08,3.2034976540016147,1.0577179530330092
2019-08-09,3.171722255015064,1.0474085504623694
2019-08-12,3.3572636459791143,1.06631136067683
2019-08-13,3.3552165685406794,1.0566969001629314
2019-08-14,3.4387875142690363,1.0614964626503811
2019-08-15,3.4439571905808384,1.0648400425451667
2019-08-16,3.4758972289403753,1.0696073196873555
2019-08-19,3.480111996888851,1.0928285542662748
2019-08-20,3.5266061558204664,1.0918593597320223
2019-08-21,3.5134350059814827,1.0901371383457599
2019-08-22,3.6385609294518364,1.093523698106424
2019-08-23,3.7245026821512113,1.1014098837318238
2019-08-26,3.6351035026191036,1.085568934948546
2019-08-27,3.6550248667505674,1.1002805019979152
2019-08-28,3.6257519862334235,1.09614062712323
2019-08-29,3.6685252953355256,1.0925668411862535
2019-08-30,3.76368685292219,1.0952763887872765
2019-09-02,3.753018221552612,1.1093244055129303
2019-09-03,3.7571012780026978,1.1108495421620954
2019-09-04,3.707742393981103,1.1201865216639566
2019-09-05,3.770272427841683,1.131521502818251
2019-09-06,3.765300318777466,1.138204713418268
2019-09-09,3.7456423776427816,1.1452500964092296
2019-09-10,3.703922760527797,1.1413056920043785
2019-09-11,3.525025617839788,1.1328985016198307
2019-09-12,3.6220969921531054,1.1450862194558293
2019-09-16,3.6220969921531054,1.1408590011917328
2019-09-17,3.605665982728972,1.1216911340579203
2019-09-18,3.7864070863944392,1.1271285915500835
2019-09-19,3.7735652153014287,1.1312503347442606
2019-09-20,3.814461635551477,1.1344987016967274
2019-09-23,3.786736365140414,1.1215299379412245
2019-09-24,3.9019839262315297,1.1245319561788703
2019-09-25,3.8690560516340677,1.115857546909886
2019-09-26,3.846006539415845,1.1072543960100847
2019-09-27,3.8715256422288773,1.110573617764919
2019-09-30,3.7900291526001597,1.0995835709332962
2019-10-08,3.846335818161819,1.1062570959297344
2019-10-09,3.77952516060357,1.1078598615385316
2019-10-10,3.8064930898988907,1.1169112598658393
2019-10-11,3.871031724109915,1.127601802467765
2019-10-14,3.8888127763925446,1.13956923047476
2019-10-15,3.9908891876446764,1.1346712841628677
2019-10-16,3.8558849017950827,1.1307611829373563
2019-10-17,3.899777758633499,1.1314922730503094
2019-10-18,3.8749501411870133,1.1153945981198052
2019-10-21,3.8509457206054636,1.1186986861190484
2019-10-22,3.85851913176288,1.1230344638565848
2019-10-23,3.819367888866498,1.1158866901992242
2019-10-24,3.790918205214291,1.1157664849405295
2019-10-25,3.8603301648657404,1.1232971858536456
2019-10-28,3.8831821098363783,1.131885289476459
2019-10-29,3.9316190133692444,1.1271696112342855
2019-10-30,3.9013253687395797,1.1216924888893731
2019-10-31,3.8888457042671423,1.1204029199558083
2019-11-01,3.9052767136912756,1.1393230835433465
2019-11-04,3.9533184827289722,1.1467413334458707
2019-11-05,3.9513757381277226,1.1538588684182505
2019-11-06,3.9316190133692444,1.1486899846419765
2019-11-07,3.9591796444073197,1.1507058873653087
2019-11-08,3.9711324628861986,1.145268055132531
2019-11-11,3.9513757381277226,1.125080374655289
2019-11-12,3.959936985523061,1.125285184814288
2019-11-13,4.033695424621376,1.1242165110599502
2019-11-14,4.053452149379853,1.1259101945070982
2019-11-15,4.036658933335148,1.1176175306196232
2019-11-18,4.044495767489344,1.1265075022206263
2019-11-19,4.061091416286464,1.1377814583071375
2019-11-20,4.065800102353902,1.1264887651898945
2019-11-21,4.057732773077523,1.1212233424660503
2019-11-22,3.9349118008289907,1.1098072443817877
2019-11-25,3.895595918559621,1.1179394904599975
2019-11-26,3.9052767136912756,1.1218158073777893
2019-11-27,3.921576011617019,1.1171936125058668
2019-11-28,3.874983069061611,1.1133552020425554
2019-11-29,3.72088061594549,1.1036602876013146
2019-12-02,3.734051765784475,1.105790053819094
2019-12-03,3.684659953888282,1.1101221706290874
2019-12-04,3.6989177235889836,1.1097565679202086
2019-12-05,3.723514845913287,1.1182732113904312
2019-12-06,3.8558849017950827,1.1249094352826128
2019-12-09,3.8186764034999516,1.1229093293174977
2019-12-10,3.8374452920205044,1.1243326229980852
2019-12-11,3.8195983839886805,1.12501433382851
2019-12-12,3.74722291562346,1.1216344617465068
2019-12-13,3.83283538957686,1.1438873954034086
2019-12-16,3.8280484998072546,1.1494581452495776
2019-12-17,3.8280484998072546,1.1650972817987733
2019-12-18,3.8280484998072546,1.1624980232432578
2019-12-19,3.8280484998072546,1.160874214507639
2019-12-20,3.8280484998072546,1.1580213430346182
2019-12-23,3.8280484998072546,1.1435631294669442
2019-12-24,3.8280484998072546,1.1510181327759037
2019-12-25,3.8280484998072546,1.1504153769103627
2019-12-26,3.8280484998072546,1.1605393693553614
2019-12-27,3.8280484998072546,1.1593978229645776
2019-12-30,3.8280484998072546,1.1765798531028322
2019-12-31,3.8280484998072546,1.1808889954305282
2020-01-02,3.8280484998072546,1.1969332842365474
2020-01-03,3.8280484998072546,1.1948359186688335
2020-01-06,3.8280484998072546,1.1903189970834225
2020-01-07,3.8280484998072546,1.1992355176156626
2020-01-08,3.8280484998072546,1.1854248270038779
2020-01-09,3.8280484998072546,1.2004295853448976
2020-01-10,3.8280484998072546,1.200088052513959
2020-01-13,3.8280484998072546,1.2118501226641336
2020-01-14,3.8280484998072546,1.2077850229551685
2020-01-15,3.8280484998072546,1.2011112385229201
2020-01-16,3.8280484998072546,1.1960115952817503
2020-01-17,3.8280484998072546,1.1976862822623564
2020-01-20,3.8280484998072546,1.2066158898899075
2020-01-21,3.8280484998072546,1.1859988431468964
2020-01-22,3.8280484998072546,1.191078769266496
2020-01-23,3.8280484998072546,1.1541726416175049
2020-02-03,3.8280484998072546,1.0632134376680387
2020-02-04,3.8280484998072546,1.0912555084708386
2020-02-05,3.8280484998072546,1.1036189508289003
2020-02-06,3.8280484998072546,1.1241570137808266
2020-02-07,3.8280484998072546,1.124184168062287
2020-02-10,3.8280484998072546,1.128835535049749
2020-02-11,3.8280484998072546,1.1393453085444145
2020-02-12,3.8280484998072546,1.1485605261727203
2020-02-13,3.8280484998072546,1.1414941577073392
2020-02-14,3.8280484998072546,1.1495122808552918
2020-02-17,3.8280484998072546,1.1753664718188428
2020-02-18,3.8280484998072546,1.1696262239100539
2020-02-19,3.8280484998072546,1.1678389706140517
2020-02-20,3.8280484998072546,1.194746903359757
2020-02-21,3.8280484998072546,1.1961404195745817
2020-02-24,3.8280484998072546,1.191340424694115
2020-02-25,3.8280484998072546,1.1887505346539653
2020-02-26,3.8280484998072546,1.1740955534374062
2020-02-27,3.8280484998072546,1.177514542674337
2020-02-28,3.8280484998072546,1.1357663915436378
2020-03-02,3.8280484998072546,1.1731301639617024
2020-03-03,3.8280484998072546,1.1793840947745533
2020-03-04,3.8280484998072546,1.1862132812570712
2020-03-05,3.8280484998072546,1.212639038136545
2020-03-06,3.8280484998072546,1.1929744090787313
2020-03-09,3.8280484998072546,1.1522214537157003
2020-03-10,3.8280484998072546,1.1768963936173946
2020-03-11,3.8280484998072546,1.1612430169248427
2020-03-12,3.8280484998072546,1.1388975799885281
2020-03-13,3.8280484998072546,1.122870702207989
2020-03-16,3.698922848638946,1.0745945983965368
2020-03-17,3.6230195809746153,1.0693604521009141
2020-03-18,3.4943999342612226,1.0481946121408694
2020-03-19,3.4418527768251255,1.0345990514680867
2020-03-20,3.4430429894512145,1.0530856689906927
2020-03-23,3.4430429894512145,1.0176530502646504
2020-03-24,3.4430429894512145,1.0449828256376312
2020-03-25,3.4430429894512145,1.0730605544512237
2020-03-26,3.4430429894512145,1.0660065235999243
2020-03-27,3.4430429894512145,1.069469501619773
2020-03-30,3.4430429894512145,1.0591065687936425
2020-03-31,3.4430429894512145,1.0625784829358402
2020-04-01,3.4430429894512145,1.0593847416345066
2020-04-02,3.4430429894512145,1.0765233018614635
2020-04-03,3.4430429894512145,1.0703797753989244
2020-04-07,3.4430429894512145,1.0948252875658584
2020-04-08,3.4430429894512145,1.0897297088190476
2020-04-09,3.4430429894512145,1.0933231830513928
2020-04-10,3.4430429894512145,1.0865108887227346
2020-04-13,3.4430429894512145,1.0819212962842855
2020-04-14,3.4430429894512145,1.1028037170348608
2020-04-15,3.435328410075386,1.094635294074238
2020-04-16,3.4567736826175337,1.0960818793253353
2020-04-17,3.5394094661466116,1.1067782736460894
2020-04-20,3.543126646720584,1.1108047174193447
2020-04-21,3.4650658546671647,1.0977154024907336
2020-04-22,3.5923078050839106,1.106748380875522
2020-04-23,3.614496513740853,1.103972158271295
2020-04-24,3.609635585297966,1.0945228142374452
2020-04-27,3.6823779497609324,1.101959080515673
2020-04-28,3.6913277768351898,1.1095627117176374
2020-04-29,3.6792326431214177,1.1147184219199968
2020-04-30,3.6529264421363825,1.127847372875156
2020-05-06,3.7510028218958067,1.134672466037114
2020-05-07,3.7853152579632434,1.131398011372628
2020-05-08,3.7927782128079106,1.1425615631088273
2020-05-11,3.8167969180551164,1.141569538223283
2020-05-12,3.8453620210812582,1.1415861132889304
2020-05-13,3.8537971616145037,1.1438965621353665
2020-05-14,3.8270334614819017,1.1314911488284658
2020-05-15,3.78817462763553,1.1279161810172431
2020-05-18,3.883134294452162,1.1308264166305042
2020-05-19,3.882848357484933,1.1404364379094292
2020-05-20,3.896830675182414,1.1343750084676967
2020-05-21,3.940007157233939,1.1281983895262648
2020-05-22,3.8316370466542837,1.1023323798202525
2020-05-25,3.930857174282622,1.1038487821304765
2020-05-26,3.9168462628884186,1.1163724981667977
2020-05-27,3.8596588694426903,1.108544282031862
2020-05-28,3.8768150874764085,1.1117206123077155
2020-05-29,3.941436842070081,1.1147158852142978
2020-06-01,4.092697497734034,1.1447865134427242
2020-06-02,4.067563638314636,1.1483112371853843
2020-06-03,4.0349382303538475,1.148334298146285
2020-06-04,4.0597861528060175,1.1479126861286186
2020-06-05,4.10842403093161,1.153408631982866
2020-06-08,4.054381944125395,1.1593768086639569
2020-06-09,4.084262357200788,1.1666048056390506
2020-06-10,4.104592475570745,1.164493517016193
2020-06-11,4.038255099173701,1.151861731551851
2020-06-12,4.083747670659776,1.1539367279874913
2020-06-15,3.9883305046955795,1.1400728818608303
2020-06-16,4.048034143452919,1.157248080189418
2020-06-17,4.05123663748588,1.1581197556852618
2020-06-18,4.0741115948641715,1.1658423237930713
2020-06-19,4.150857076868339,1.181502244033279
2020-06-22,4.148455206343619,1.182464001407641
2020-06-23,4.249962829709787,1.1881567437369744
2020-06-24,4.257244810435303,1.193113437846761
2020-06-29,4.26638585419359,1.1846751151649975
2020-06-30,4.265546960937292,1.2003125509683268
2020-07-01,4.356349924093193,1.2244746150995907
2020-07-02,4.50020565387156,1.249859256073003
2020-07-03,4.493812708711491,1.2740014877778925
2020-07-06,4.662198834398175,1.3462109486408762
2020-07-07,4.9167595466542835,1.3542913652094617
2020-07-08,4.897493929113082,1.3761640524473129
2020-07-09,4.968828783252125,1.395410442152992
2020-07-10,4.9915367558795145,1.370147764836543
2020-07-13,5.1886477437560075,1.39892435607023
2020-07-14,5.13082196377874,1.3855861845472996
2020-07-15,5.103427759857542,1.3676500898137949
2020-07-16,4.702697129529828,1.3018642307834887
2020-07-17,4.801194768760743,1.3100645643487576
2020-07-20,4.76911433354574,1.3491540172972196
2020-07-21,4.858904839323349,1.3522493459479092
2020-07-22,4.88806361181814,1.358995512971185
2020-07-23,4.882046722255724,1.3584161928071594
2020-07-24,4.648602978175404,1.2987906082622465
2020-07-27,4.727430016913802,1.3053801048824032
2020-07-28,4.864690310056443,1.316855123721767
2020-07-29,4.870475780789536,1.3487802567734222
2020-07-30,4.893617663721911,1.342191336677288
2020-07-31,4.888352885354795,1.3534034605623841
2020-08-03,4.858904839323349,1.3753876475461897
2020-08-04,4.864661382702778,1.3766824051959572
2020-08-05,4.858904839323349,1.3770590195136663
2020-08-06,4.772007068912287,1.37292398744077
2020-08-07,4.751873630761122,1.3571162752673902
2020-08-10,4.760522909507097,1.3620004426551444
2020-08-11,4.785169014830074,1.3495803856380717
2020-08-12,4.740158052526608,1.3397393800095252
2020-08-13,4.763444572227309,1.3362998376911919
2020-08-14,4.8386556917575225,1.3561657601114674
2020-08-17,4.922545017387377,1.3880467602491988
2020-08-18,4.965936047885578,1.3873348395599945
2020-08-19,4.913866811287736,1.3665574903125226
2020-08-20,4.847333897857163,1.3488224583318704
2020-08-21,4.882046722255724,1.3602632028180954
2020-08-24,4.940913886964948,1.3709306268067183
2020-08-25,5.029576225949605,1.3726894862946115
2020-08-26,5.029576225949605,1.3565985566951704
2020-08-27,5.041147167415792,1.363867054482846
2020-08-28,5.1163582869460065,1.3964176296203283
2020-08-31,5.201693980259132,1.3883319090307356
2020-09-01,5.246473523733276,1.395799912956403
2020-09-02,5.22628223087478,1.3963086089276704
2020-09-03,5.220496760141686,1.3885855507744418
2020-09-04,5.153963846711112,1.375072923082298
2020-09-07,5.019451652166691,1.3460013245062892
2020-09-08,4.984449554231477,1.3532141300733898
2020-09-09,4.9167595466542835,1.3215627594538264
2020-09-10,4.9682502361788154,1.3208100496900288
2020-09-11,5.046932638148885,1.3338697889362847
2020-09-14,5.142392905244926,1.340721229246072
2020-09-15,5.125036493045646,1.3515114240252897
2020-09-16,5.024080028753165,1.3425394995344857
2020-09-17,4.866194532447047,1.3354355128766353
2020-09-18,4.93700869422011,1.365522716170709
2020-09-21,4.855433556883494,1.3523604997794507
2020-09-22,4.852222620626628,1.3363137319201346
2020-09-23,4.806777748018178,1.3410892245296442
2020-09-24,4.7470138353453235,1.3153584961855151
2020-09-25,4.763762773117629,1.3173636179096264
2020-09-28,4.8386556917575225,1.320790159611252
2020-09-29,4.813488894068566,1.323641301512205
2020-09-30,4.860351207006623,1.322371795614624
2020-10-09,4.939901429586658,1.3493951772958381
2020-10-12,5.097873707953772,1.390333168043896
2020-10-13,5.064289050348165,1.3949578131429143
2020-10-14,5.035361696682698,1.385704919669737
2020-10-15,5.023790755216511,1.3832933196835506
2020-10-16,4.986185195451404,1.3812581610578663
2020-10-19,4.948579635686297,1.3708265065682517
2020-10-20,5.049825373515432,1.3817744959724318
2020-10-21,5.043844281553175,1.3815903541996402
2020-10-22,5.043844281553175,1.3773114217307239
2020-10-23,5.043844281553175,1.3601608698040986
2020-10-26,5.043844281553175,1.3523050958208866
2020-10-27,5.043844281553175,1.3546236736560402
2020-10-28,5.043844281553175,1.3655754969449705
2020-10-29,5.043844281553175,1.375851461122304
2020-10-30,5.043844281553175,1.353486364716822
2020-11-02,5.043844281553175,1.360836325348879
2020-11-03,5.043844281553175,1.377189285116554
2020-11-04,5.043844281553175,1.387594275370127
2020-11-05,5.056776978193165,1.4081921526893892
2020-11-06,4.99521956959305,1.408366839468212
2020-11-09,5.116569818219684,1.4359338833026591
2020-11-10,5.1235991651603925,1.4280141439791492
2020-11-11,5.1172893861421125,1.4138957913227486
2020-11-12,5.1172893861421125,1.4149234165666829
2020-11-13,5.1172893861421125,1.4000457241202258
2020-11-16,5.1172893861421125,1.413686368971569
2020-11-17,5.1172893861421125,1.410980857038704
2020-11-18,5.1172893861421125,1.410083093830841
2020-11-19,5.1172893861421125,1.4205520494247126
2020-11-20,5.1172893861421125,1.4249621987611536
2020-11-23,5.1172893861421125,1.4427592359004275
2020-11-24,5.1172893861421125,1.4338975428027287
2020-11-25,5.015868999415224,1.4155682586858676
2020-11-26,5.0375934420179895,1.4181312538803668
2020-11-27,5.047746943154568,1.4357653365046767
2020-11-30,4.978350221711113,1.4298521890415352
2020-12-01,5.0451434813246765,1.460651947201238
2020-12-02,5.048065144044888,1.4606653225585604
2020-12-03,5.0798563057232355,1.457758373132228
2020-12-04,5.20745486274161,1.460311221503931
2020-12-07,5.263255727962297,1.4477195909377572
2020-12-08,5.372022577744453,1.4441576813956447
2020-12-09,5.3430952240789855,1.4247922394793155
2020-12-10,5.322556802976504,1.4241656443454438
2020-12-11,5.285240516748051,1.4094943474990473
2020-12-14,5.311275135046972,1.4225255199799878
2020-12-15,5.27369850263553,1.4254844718731514
2020-12-16,5.3430952240789855,1.4280116649258523
2020-12-17,5.416888903279592,1.446348415028805
2020-12-18,5.357558900911719,1.4413007742544666
2020-12-21,5.350327062495352,1.4548121335937607
2020-12-22,5.4616973741074,1.4311553639420316
2020-12-23,5.347868237433787,1.443363490728427
2020-12-24,5.315151400438144,1.4413144955262025
2020-12-25,5.3141678704135185,1.4534210099536296
2020-12-28,5.438555491175026,1.4598783672678255
2020-12-29,5.4211990789757465,1.453686902832814
2020-12-30,5.612119613167828,1.4740884737224098
2020-12-31,5.800147411993363,1.5022165042569666
2021-01-04,5.7972546766268165,1.5184830142474652
2021-01-05,5.977906000267657,1.5475360199237476
2021-01-06,6.0952064193811255,1.5617077875308345
2021-01-07,6.210915834042994,1.5893777985557034
2021-01-08,6.0662790657156584,1.5841238774861084
2021-01-11,6.094425380832158,1.5684792351324974
2021-01-12,6.271374003203819,1.613215827360112
2021-01-13,6.2803414828401145,1.6079171680263695
2021-01-14,6.193559421843714,1.5769247355383416
2021-01-15,6.043137182783285,1.5733574643228196
2021-01-18,5.988175210818898,1.59077981849986
2021-01-19,5.83315352252566,1.5674314315477749
2021-01-20,5.923464720669249,1.5786477640582357
2021-01-21,6.008424358384724,1.604169243008392
2021-01-22,6.037207075281864,1.6055548320179072
2021-01-25,6.312161571872128,1.6217399368164263
2021-01-26,6.216383103885766,1.5891791860299467
2021-01-27,6.063386330349112,1.5935133783264208
2021-01-28,6.060493594982566,1.5500259695245941
2021-01-29,6.142010877611852,1.542768079778933
2021-02-01,6.122166712997341,1.5617022240740173
2021-02-02,6.225379510875727,1.5857556999056404
2021-02-03,6.355292256187338,1.5811750147633388
2021-02-04,6.734067025082963,1.5779311158720464
2021-02-05,6.711359052455571,1.5806599482016226
2021-02-08,6.872773685908879,1.6040517762388047
2021-02-09,7.126264086079363,1.6391299191696025
2021-02-10,7.54446683802102,1.6741447885889291
2021-02-18,7.168411240369949,1.6628052240686557
2021-02-19,7.136591151337934,1.6658206176636234
2021-02-22,6.639098522999236,1.6134983817835473
2021-02-23,6.694002640256291,1.6084063486594748
2021-02-24,6.352659867003782,1.5674443745120803
2021-02-25,6.239843187708461,1.5766659050784328
2021-02-26,6.161102931031061,1.538385430638366
2021-03-01,6.262985070640834,1.5620294879353989
2021-03-02,5.973711533986164,1.5420951321136507
2021-03-03,6.210915834042994,1.5716657410573482
2021-03-04,5.901393149822497,1.5222268747710839
2021-03-05,5.979815205609579,1.5170641021494486
2021-03-08,5.6902234680645885,1.4643781084373655
2021-03-09,5.62366162728035,1.432950285007533
2021-03-10,5.719179749083721,1.442351287502095
2021-03-11,5.944784180320698,1.4782697430219118
2021-03-12,5.881144002256671,1.4835054459323953
2021-03-15,5.734916229477736,1.4515560700455932
2021-03-16,5.836306604075197,1.4641872213335103
2021-03-17,5.893756328454813,1.4703836150489142
2021-03-18,6.00755653777476,1.482176413929489
2021-03-19,5.834860236391924,1.4433540357344576
2021-03-22,5.798989956254824,1.4577848067586603
2021-03-23,5.798989956254824,1.4439752980211216
2021-03-24,5.798989956254824,1.4207527374369506
2021-03-25,5.798989956254824,1.420078665549824
2021-03-26,5.798989956254824,1.4522611012727284
2021-03-29,5.798989956254824,1.4548230010715852
2021-03-30,5.798989956254824,1.4686168571819123
2021-03-31,5.798989956254824,1.4552506089390858
2021-04-01,5.798989956254824,1.4732427994599813
2021-04-02,5.798989956254824,1.487880773217876
2021-04-06,5.798989956254824,1.4817652658228315
2021-04-07,5.798989956254824,1.4712151644727909
2021-04-08,5.798989956254824,1.473655533007701
2021-04-09,5.798989956254824,1.451496486287866
2021-04-12,5.798989956254824,1.4262471843287394
2021-04-13,5.798989956254824,1.423911656687324
2021-04-14,5.798989956254824,1.4357258157829331
2021-04-15,5.798989956254824,1.426601227730967
2021-04-16,5.798989956254824,1.4315613521586874
2021-04-19,5.798989956254824,1.466393607593882
2021-04-20,5.798989956254824,1.465341134164577
2021-04-21,5.798989956254824,1.4697744597667233
2021-04-22,5.798989956254824,1.467035567092954
2021-04-23,5.798989956254824,1.4803561258069966
2021-04-26,5.798989956254824,1.4635746069071842
2021-04-27,5.798989956254824,1.46740338941932
2021-04-28,5.798989956254824,1.4756830238638858
2021-04-29,5.798989956254824,1.4886338000698862
2021-04-30,5.798989956254824,1.4769072437994983
2021-05-06,5.798989956254824,1.4589298987721824
2021-05-07,5.798989956254824,1.4401721996541894
2021-05-10,5.798989956254824,1.4391256067699139
2021-05-11,5.798989956254824,1.4479572341398386
2021-05-12,5.798989956254824,1.4541515811949624
2021-05-13,5.798989956254824,1.4392846697477262
2021-05-14,5.798989956254824,1.4731889809424796
2021-05-17,5.798989956254824,1.494634290922439
2021-05-18,5.798989956254824,1.4953883843438907
2021-05-19,5.798989956254824,1.4909695294947094
2021-05-20,5.798989956254824,1.4950455543339012
2021-05-21,5.798989956254824,1.4799799150561035
2021-05-24,5.798989956254824,1.4861600219678712
2021-05-25,5.798989956254824,1.5331151651127326
2021-05-26,5.798989956254824,1.5337247527879405
2021-05-27,5.798989956254824,1.5388097523189381
2021-05-28,5.798989956254824,1.5338677019193234
2021-05-31,5.8039372021288065,1.536888976059321
2021-06-01,5.862278414953205,1.539803362645544
2021-06-02,5.814105605235455,1.524898429439023
2021-06-03,5.814664867406321,1.5148991679662958
2021-06-04,5.889097578146991,1.5226798496955751
2021-06-07,5.9386685432919055,1.521339402517023
2021-06-08,5.7353004811589265,1.5082204254274536
2021-06-09,5.756908337760555,1.5094694070698333
2021-06-10,5.855999426034849,1.519563420265661
2021-06-11,5.704312272691412,1.5060833950069907
2021-06-15,5.74038468271225,1.4893228904077989
2021-06-16,5.651411155529072,1.4645125250132152
2021-06-17,5.648640265682509,1.4706817644471586
2021-06-18,5.480937877446101,1.4708470250582129
2021-06-21,5.457296340223142,1.46736473348361
2021-06-22,5.440340528042805,1.476523653541117
2021-06-23,5.3463590623296025,1.4837980895262246
2021-06-24,5.422749190668304,1.4862713775828202
2021-06-25,5.533911439673797,1.510483829913652
2021-06-28,5.562164582551237,1.5138830155504095
2021-06-29,5.456927399135816,1.4962367970954258
2021-06-30,5.443326885307439,1.5058925655555377
2021-07-01,5.567271190573588,1.507513520497245
2021-07-02,5.331186799590448,1.4646930635108661
2021-07-05,5.282430240583059,1.4660407460659008
2021-07-06,5.3309301861219875,1.4652658689534375
2021-07-07,5.308091587429053,1.4818079574266987
2021-07-08,5.259335028421664,1.4667510813140434
2021-07-09,5.226257552337179,1.4613258461311576
2021-07-12,5.228748146432001,1.4795649618908973
2021-07-13,5.228748146432001,1.4822718286552157
2021-07-14,5.228748146432001,1.465260276670419
2021-07-15,5.228748146432001,1.4849709699976321
2021-07-16,5.228748146432001,1.4686294254056034
2021-07-19,5.228748146432001,1.4740262091279779
2021-07-20,5.228748146432001,1.4727289147725113
2021-07-21,5.228748146432001,1.4828321235264983
2021-07-22,5.228748146432001,1.4850543065450867
2021-07-23,5.228748146432001,1.4670311566841818
2021-07-26,5.228748146432001,1.4197765957882267
2021-07-27,5.228748146432001,1.3696230414974495
2021-07-28,5.228748146432001,1.3722662888358832
2021-07-29,5.228748146432001,1.3981499113507836
2021-07-30,5.228748146432001,1.3868773965743288
2021-08-02,5.228748146432001,1.4222086623772126
2021-08-03,5.228748146432001,1.4224168740279444
2021-08-04,5.228748146432001,1.4352127094028932
2021-08-05,5.228748146432001,1.4265136537319465
2021-08-06,5.228748146432001,1.418700138959585
2021-08-09,5.228748146432001,1.4371483311560904
2021-08-10,5.228748146432001,1.4537479855529998
2021-08-11,5.228748146432001,1.4457321685011373
2021-08-12,5.228748146432001,1.4336281331270069
2021-08-13,5.228748146432001,1.425738978402891
2021-08-16,5.228748146432001,1.4243220841389537
2021-08-17,5.228748146432001,1.3944396333514766
2021-08-18,5.228748146432001,1.4108230047613388
2021-08-19,5.228748146432001,1.4015700824619604
2021-08-20,5.228748146432001,1.374798728257189
2021-08-23,5.228748146432001,1.3939999761319055
2021-08-24,5.228748146432001,1.4091371908670984
2021-08-25,5.228748146432001,1.4119526459310576
2021-08-26,5.228748146432001,1.384121582920499
2021-08-27,5.228748146432001,1.39145321008864
2021-08-30,5.228748146432001,1.38748297740758
2021-08-31,5.228748146432001,1.3852747750965375
2021-09-01,5.228748146432001,1.403679958600963
2021-09-02,5.228748146432001,1.4036662949816292
2021-09-03,5.228748146432001,1.3960709080731868
2021-09-06,5.228748146432001,1.4222058374095021
2021-09-07,5.228748146432001,1.4392430447133004
2021-09-08,5.228748146432001,1.4332768858662888
2021-09-09,5.228748146432001,1.4326660298382312
2021-09-10,5.228748146432001,1.4452079063812617
2021-09-13,5.228748146432001,1.438905893464933
2021-09-14,5.228748146432001,1.4174309213240148
2021-09-15,5.228748146432001,1.4030630778968702
2021-09-16,5.228748146432001,1.3858766373498435
2021-09-17,5.228748146432001,1.3997830886017684
2021-09-22,5.228748146432001,1.3899323973696436
2021-09-23,5.228748146432001,1.3989919535118702
2021-09-24,5.228748146432001,1.397905782253449
2021-09-27,5.228748146432001,1.405960428198228
2021-09-28,5.228748146432001,1.407822081919336
2021-09-29,5.228748146432001,1.3934378363837507
2021-09-30,5.228748146432001,1.4027932358281314
2021-10-08,5.228748146432001,1.4211146792182863
2021-10-11,5.228748146432001,1.4229165762244604
2021-10-12,5.228748146432001,1.4078246474512364
2021-10-13,5.228748146432001,1.4240457273487603
2021-10-14,5.228748146432001,1.416407764141255
2021-10-15,5.30115931062799,1.4217394871276887
2021-10-18,4.98029779353195,1.4052125324100186
2021-10-19,5.013708867125433,1.419034090499628
2021-10-20,5.092765282639736,1.415419688445265
2021-10-21,5.1009946111110365,1.4205596883680107
2021-10-22,5.257351852065763,1.4297004190926077
2021-10-25,5.18062707961833,1.4354074592176995
2021-10-26,5.147764627922933,1.4306727268565815
2021-10-27,5.032416873850192,1.4119547214175385
2021-10-28,5.050219654443108,1.4021462029176612
2021-10-29,5.051838089042462,1.4150119418303402
2021-11-01,4.9885271220032505,1.4097987233567348
2021-11-02,4.993025821567563,1.3951436556615724
2021-11-03,4.884288961366767,1.3897434127950627
2021-11-04,4.991818853391772,1.403473332391293
2021-11-05,5.034995396771199,1.3958643395159192
2021-11-08,5.035434294289669,1.3975459736109965
2021-11-09,4.952894129722516,1.3971322887986397
2021-11-10,4.854087325877091,1.3897666467131702
2021-11-11,4.8969072650227625,1.4120955374100383
2021-11-12,4.908373462692776,1.409132780458326
2021-11-15,4.8737005587336935,1.407404015524408
2021-11-16,5.00224266945542,1.4076758177748236
2021-11-17,4.966582246079781,1.4083773898578238
2021-11-18,4.958352917608479,1.394501638510098
2021-11-19,5.058229534155174,1.4096178101184693
2021-11-22,5.129166345577792,1.4160580158429954
2021-11-23,5.24481584169448,1.4163309134890536
2021-11-24,5.367076231683114,1.4172856949227433
2021-11-25,5.408305167324335,1.411458103624543
2021-11-26,5.367103662778019,1.4009898398594989
2021-11-29,5.487773049262201,1.3984809514445125
2021-11-30,5.339014221595978,1.3928895332121363
2021-12-01,5.345103924664739,1.396298231495265
2021-12-02,5.347874465250078,1.3998473133778766
2021-12-03,5.451783452747711,1.4127771617618596
2021-12-06,5.439220011281524,1.4103567409581286
2021-12-07,5.407866269805865,1.4188548780072283
2021-12-08,5.646873399707362,1.4401367722530056
2021-12-09,5.7663358180157545,1.4639934227833413
2021-12-10,5.77579954575775,1.4571982512181518
2021-12-13,5.853155233387983,1.4654666146180777
2021-12-14,5.940386115183777,1.455635323419311
2021-12-15,5.89923947282727,1.4430105427218423
2021-12-16,5.855322289885426,1.4513220012924515
2021-12-17,5.667995342783701,1.4282690540757048
2021-12-20,5.690653427174685,1.406839050808543
2021-12-21,5.63370647415328,1.4163711548658253
2021-12-22,5.660588947159531,1.4166505095809354
2021-12-23,5.858092830470764,1.426533428505919
2021-12-24,6.061329812617004,1.4186367789695105
2021-12-27,5.890516384647691,1.4180541726185565
2021-12-28,5.907962561006849,1.4286162656682653
2021-12-29,5.641387180726495,1.4077218820442228
2021-12-30,5.734652903401243,1.4186846304633793
2021-12-31,5.6660751661403985,1.424121943824537
2022-01-04,5.669449190813632,1.4176049162740105
2022-01-05,5.59475431938912,1.4032941198988937
2022-01-06,5.480147204878796,1.3889131893764377
2022-01-07,5.3698193411735495,1.3901057581432146
2022-01-10,5.43565396894396,1.3963541831516504
2022-01-11,5.3658418324124195,1.3830158386715135
2022-01-12,5.438397078434393,1.396796261772116
2022-01-13,5.192587036996621,1.3738334252600886
2022-01-14,5.164086129391014,1.3625371865201072
2022-01-17,5.149300769237575,1.3742246256355672
2022-01-18,5.233404506214276,1.3875051447562459
2022-01-19,5.2875260564605355,1.378001492159475
2022-01-20,5.4453097143502855,1.3904344344884512
2022-01-21,5.487745618167298,1.377694723727094
2022-01-24,5.392312838995107,1.3798346367676695
2022-01-25,5.372562450663983,1.3486197236593525
2022-01-26,5.405479764549187,1.3583802177081545
2022-01-27,5.432910859453526,1.3317348916547052
2022-01-28,5.21894831919969,1.3155620956440668
2022-02-07,5.250806141333085,1.335832074925523
2022-02-08,5.250806141333085,1.328534145586498
2022-02-09,5.250806141333085,1.341012431529845
2022-02-10,5.250806141333085,1.3374960962117126
2022-02-11,5.250806141333085,1.3264074637722394
2022-02-14,5.250806141333085,1.3120786798476198
2022-02-15,5.250806141333085,1.3260347986440846
2022-02-16,5.250806141333085,1.3311908835870587
2022-02-17,5.250806141333085,1.3344123845200762
2022-02-18,5.250806141333085,1.3407745865443559
2022-02-21,5.250806141333085,1.335896703268447
2022-02-22,5.250806141333085,1.3185544571043353
2022-02-23,5.250806141333085,1.332648682230394
2022-02-24,5.250806141333085,1.3056305757439854
2022-02-25,5.250806141333085,1.3183446023601393
2022-02-28,5.250806141333085,1.3207144620070959
2022-03-01,5.250806141333085,1.3316800353939628
2022-03-02,5.250806141333085,1.319836646530412
2022-03-03,5.250806141333085,1.3120615282579502
2022-03-04,5.250806141333085,1.2961499841081152
2022-03-07,5.250806141333085,1.254740396709639
2022-03-08,5.250806141333085,1.2295501884628202
2022-03-09,5.250806141333085,1.2182950847118454
2022-03-10,5.250806141333085,1.2374619429286187
2022-03-11,5.250806141333085,1.24140660676928
2022-03-14,5.250806141333085,1.2034240511178482
2022-03-15,5.250806141333085,1.1483816595947347
2022-03-16,5.250806141333085,1.1980402680121816
2022-03-17,5.250806141333085,1.2215666567562187
2022-03-18,5.250806141333085,1.22969740387197
2022-03-21,5.250806141333085,1.227634658571808
2022-03-22,5.250806141333085,1.226639895197157
2022-03-23,5.250806141333085,1.232757506904884
2022-03-24,5.250806141333085,1.225490046860449
2022-03-25,5.250806141333085,1.2033711550387824
2022-03-28,5.250806141333085,1.1958452392750534
2022-03-29,5.250806141333085,1.1917166930974106
2022-03-30,5.250806141333085,1.226295105005491
2022-03-31,5.250806141333085,1.2172142463006328
2022-04-01,5.250806141333085,1.2326539055380379
2022-04-06,5.250806141333085,1.229103411171571
2022-04-07,5.250806141333085,1.2133235739346802
2022-04-08,5.250806141333085,1.2195693757588135
2022-04-11,5.250806141333085,1.1818945109781993
2022-04-12,5.250806141333085,1.2049273375065601
2022-04-13,5.250806141333085,1.1933289137001766
2022-04-14,5.250806141333085,1.2082699373105072
2022-04-15,5.250806141333085,1.2074566925243455
2022-04-18,5.250806141333085,1.2010103468189797
2022-04-19,5.250806141333085,1.1919350803971398
2022-04-20,5.250806141333085,1.173453795721742
2022-04-21,5.250806141333085,1.1518459924460362
2022-04-22,5.250806141333085,1.1568674590297527
2022-04-25,5.250806141333085,1.0996944076766249
2022-04-26,5.250806141333085,1.0908179843901509
2022-04-27,5.250806141333085,1.122935071115103
2022-04-28,5.250806141333085,1.1303062766573897
2022-04-29,5.250806141333085,1.1577297083578284
2022-05-05,5.250806141333085,1.1559912578203322
2022-05-06,5.250806141333085,1.1267628735364
2022-05-09,5.167744343525735,1.117717615189932
2022-05-10,5.209180339689781,1.1299491488516418
2022-05-11,5.214465692266027,1.1462517204197487
2022-05-12,5.198901642966916,1.141154354448468
2022-05-13,5.244367355459814,1.1497619157570413
2022-05-16,5.185264849303344,1.140519543847275
2022-05-17,5.214465692266027,1.1547468883701324
2022-05-18,5.19402510219215,1.150715111749669
2022-05-19,5.179424680710809,1.1529322790092618
2022-05-20,5.307937590589573,1.1754171194542207
2022-05-23,5.252426788117514,1.1686090914033291
2022-05-24,5.1911050178958815,1.14127372374733
2022-05-25,5.177993839405636,1.1481990167844014
2022-05-26,5.140879568000067,1.1510430674398775
2022-05-27,5.176971809901944,1.1534224397332054
2022-05-30,5.24486376979018,1.1614128032494737
2022-05-31,5.31967632946057,1.1794290924745108
2022-06-01,5.273597399265459,1.1770248719958125
2022-06-02,5.267027209598855,1.178867154509764
2022-06-06,5.272867378191392,1.2009240411728088
2022-06-07,5.360177898649812,1.2046839867166559
2022-06-08,5.499465919581806,1.216411551904083
2022-06-09,5.462672857448826,1.203688387382172
2022-06-10,5.601668869951194,1.2219408208468319
2022-06-13,5.471433110337632,1.2076312351721625
2022-06-14,5.515234374781654,1.2171319763226194
2022-06-15,5.527206720396355,1.2332476676288275
2022-06-16,5.5327548805592635,1.2251312471350357
2022-06-17,5.748841118483113,1.242133805345081
2022-06-20,5.722618761502624,1.2482992685466767
2022-06-21,5.7334814750847425,1.2468962685116818
2022-06-22,5.705039854039089,1.23105828882712
2022-06-23,5.76665363269035,1.2521750377666474
2022-06-24,5.918235208509634,1.2668459022200267
2022-06-27,5.922732138325887,1.2811124503764153
2022-06-28,5.997048283665913,1.2944453467045396
2022-06-29,5.979527777888305,1.2745092613107238
2022-06-30,6.08772678574964,1.292858233722954
2022-07-01,6.040649170315846,1.287585085577208
2022-07-04,6.008034270595255,1.2960347369560143
2022-07-05,6.052337405871823,1.2941633399789256
2022-07-06,5.960809076429694,1.2752624322937394
2022-07-07,5.925390180805522,1.280884636908918
2022-07-08,5.951954352523651,1.2766493184823051
2022-07-11,5.847468610432346,1.255270568200745
2022-07-12,5.802634191721415,1.2434523157845763
2022-07-13,5.833566693899859,1.2457132412174778
2022-07-14,5.8161819192976605,1.2458898016993736
2022-07-15,5.805851408073944,1.2246890243835644
2022-07-18,5.812226809286296,1.237389416206586
2022-07-19,5.786961330407719,1.2306885639714804
2022-07-20,5.8076223528551525,1.2348575821355037
2022-07-21,5.774859874402795,1.2210945412341798
2022-07-22,5.798472471485575,1.221721885849281
2022-07-25,5.791536271092509,1.214345260981183
2022-07-26,5.807947026065041,1.2239535238618393
2022-07-27,5.717599326477051,1.2179172885198906
2022-07-28,5.653845314353544,1.2181010843782687
2022-07-29,5.655144007193096,1.202081960845832
2022-08-01,5.631118189661366,1.2074368600979708
2022-08-02,5.600657939424579,1.1838989985258856
2022-08-03,5.615474844094024,1.1723545085418086
2022-08-04,5.707003173536154,1.1823172183915083
2022-08-05,5.730468191887167,1.198279554307727
2022-08-08,5.693780119169796,1.1957323270452433
2022-08-09,5.689264209977714,1.198100716555942
2022-08-10,5.588910672375896,1.1846811398410326
2022-08-11,5.680114328608137,1.2088390818255357
2022-08-12,5.742392553413971,1.2081499050090194
2022-08-15,5.718455283121302,1.2065723623262075
2022-08-16,5.712404555118839,1.2043116963291158
2022-08-17,5.712876807060495,1.2155889674287563
2022-08-18,5.646466377765173,1.2049639179557885
2022-08-19,5.645020106193853,1.196596882469409
2022-08-22,5.608549675211156,1.2053377649581896
2022-08-23,5.608549675211156,1.1994819528090872
2022-08-24,5.608549675211156,1.176806455869882
2022-08-25,5.608549675211156,1.1865555059168371
2022-08-26,5.608549675211156,1.184049327164757
2022-08-29,5.608549675211156,1.178853404411827
2022-08-30,5.608549675211156,1.1748964894356873
2022-08-31,5.608549675211156,1.1757746796529855
2022-09-01,5.608549675211156,1.1656564812744132
2022-09-02,5.608549675211156,1.1598548047310253
2022-09-05,5.608549675211156,1.1574948901234574
2022-09-06,5.608549675211156,1.1681184406339666
2022-09-07,5.608549675211156,1.1688975551979954
2022-09-08,5.608549675211156,1.1639108818390378
2022-09-09,5.608549675211156,1.1800833895876648
2022-09-13,5.608549675211156,1.1850781342829375
2022-09-14,5.608549675211156,1.171888561826811
2022-09-15,5.608549675211156,1.160865307211491
2022-09-16,5.608549675211156,1.1336429959163075
2022-09-19,5.608549675211156,1.1322932090485907
2022-09-20,5.608549675211156,1.1336872441350354
2022-09-21,5.608549675211156,1.125298444866806
2022-09-22,5.608549675211156,1.1153848836900258
2022-09-23,5.608549675211156,1.1115444265664345
2022-09-26,5.608549675211156,1.105968315046856
2022-09-27,5.608549675211156,1.122000785110414
2022-09-28,5.608549675211156,1.103671587472156
2022-09-29,5.608549675211156,1.103220053857721
2022-09-30,5.608549675211156,1.0968038891849339
2022-10-10,5.608549675211156,1.0726046392542177
2022-10-11,5.608549675211156,1.0745504654826132
2022-10-12,5.608549675211156,1.0908717740814515
2022-10-13,5.608549675211156,1.081753037748314
2022-10-14,5.608549675211156,1.1076380727470694
2022-10-17,5.608549675211156,1.1087744304216507
2022-10-18,5.608549675211156,1.10642647868755
2022-10-19,5.608549675211156,1.0886311422941424
2022-10-20,5.608549675211156,1.08240278032169
2022-10-21,5.608549675211156,1.078933835278208
2022-10-24,5.608549675211156,1.0473634951100097
2022-10-25,5.608549675211156,1.045657243439171
2022-10-26,5.608549675211156,1.0541461272777095
2022-10-27,5.608549675211156,1.0467211032179207
2022-10-28,5.608549675211156,1.020830764198158
2022-10-31,5.608549675211156,1.0114258989926452
2022-11-01,5.608549675211156,1.0475940758928153
2022-11-02,5.608549675211156,1.0601714951418337
2022-11-03,5.608549675211156,1.0515500107781166
2022-11-04,5.608549675211156,1.0859333269569775
2022-11-07,5.608549675211156,1.0882747351434225
2022-11-08,5.608549675211156,1.0807879941870235
2022-11-09,5.608549675211156,1.070683055860969
2022-11-10,5.608549675211156,1.0624439798813872
2022-11-11,5.608549675211156,1.0920629591905742
2022-11-14,5.608549675211156,1.093670999994177
2022-11-15,5.608549675211156,1.1144130371452698
2022-11-16,5.608549675211156,1.1053089445223039
2022-11-17,5.608549675211156,1.100775764959458
2022-11-18,5.608549675211156,1.0958478105721936
2022-11-21,5.608549675211156,1.086496100881557
2022-11-22,5.608549675211156,1.0866246080861761
2022-11-23,5.608549675211156,1.0877649726027137
2022-11-24,5.608549675211156,1.08294508764347
2022-11-25,5.608549675211156,1.0884128991254187
2022-11-28,5.608549675211156,1.0761519627385605
2022-11-29,5.608549675211156,1.1093539811952853
2022-11-30,5.608549675211156,1.110684050941432
2022-12-01,5.608549675211156,1.1227138588476633
2022-12-02,5.608549675211156,1.1158471983036817
2022-12-05,5.608549675211156,1.137734385120699
2022-12-06,5.608549675211156,1.1438807077247473
2022-12-07,5.608549675211156,1.1410681352809007
2022-12-08,5.608549675211156,1.1412811320810192
2022-12-09,5.608549675211156,1.152541914593616
2022-12-12,5.608549675211156,1.1396275170534365
2022-12-13,5.608549675211156,1.1373900273220499
2022-12-14,5.608549675211156,1.1400433061784752
2022-12-15,5.608549675211156,1.1392081534794578
2022-12-16,5.608549675211156,1.1398534279916595
2022-12-19,5.528723909878234,1.1222676292542355
2022-12-20,5.3523449650023105,1.1037602280406178
2022-12-21,5.425329355985451,1.1041987033859428
2022-12-22,5.513518828423414,1.1057811465229461
2022-12-23,5.522641877296305,1.1035300508246282
2022-12-26,5.434634865835803,1.1079317829103403
2022-12-27,5.474192279834666,1.1207206135184158
2022-12-28,5.474192279834666,1.115938462056446
2022-12-29,5.431075913098541,1.1117403006030844
2022-12-30,5.455713836947756,1.116044946043405
2023-01-03,5.464983855796023,1.1207336429613248
2023-01-04,5.449585153390263,1.122188933725162
2023-01-05,5.683614632552985,1.1439903337676287
2023-01-06,5.692145513685774,1.1475390120834246
2023-01-09,5.807420199895283,1.1568299273158869
2023-01-10,5.848226761270544,1.1580850489391064
2023-01-11,5.818969226699603,1.1559395724417136
2023-01-12,5.7852460684309905,1.158199056564559
2023-01-13,5.948472313932032,1.17448816629674
2023-01-16,6.028237592393863,1.192817911632819
2023-01-17,6.013146864036219,1.1926097576344894
2023-01-18,5.966950756818942,1.1906127072466937
2023-01-19,5.927560876065012,1.1980191384067562
2023-01-20,5.865350118345747,1.2053752966720555
2023-01-30,5.951552054413185,1.2110881596897747
2023-01-31,5.821463816489335,1.1982641899425268
2023-02-01,5.819030821509226,1.2095281433372473
2023-02-02,5.79174432084622,1.2052665065890065
2023-02-03,5.735970220732563,1.19387514138531
2023-02-06,5.6651361896660735,1.178091643220876
2023-02-07,5.671295670628377,1.180211983270887
2023-02-08,5.6312590443734045,1.1749966316583984
2023-02-09,5.735970220732563,1.1907690029091977
2023-02-10,5.7113322968833495,1.183693092971244
2023-02-13,5.854078268184732,1.1944349750373744
2023-02-14,5.815396727741467,1.194929690301096
2023-02-15,5.806804251799053,1.1887029714221078
2023-02-16,5.870924448616632,1.1799969686366896
2023-02-17,5.744531899270164,1.1629951022554714
2023-02-20,5.911515428158212,1.1915280256110419
2023-02-21,5.886877504308998,1.1946597041013516
2023-02-22,5.7914055493932945,1.1838778400942593
2023-02-23,5.735970220732563,1.1829253359304588
2023-02-24,5.643578006298011,1.1706452012936508
2023-02-27,5.712594990480621,1.165686719959394
2023-02-28,5.722850526282857,1.1730703495943664
2023-03-01,5.799197292810608,1.1896404571351218
2023-03-02,5.76676762554408,1.186987351235903
2023-03-03,5.736093410351809,1.1906810253433617
2023-03-06,5.702524239107255,1.1844715445326468
2023-03-07,5.644501928442356,1.16713019198077
2023-03-08,5.589436168639364,1.1628799992343761
2023-03-09,5.5882042724469025,1.158770190087465
2023-03-10,5.526547868014245,1.1435743716853832
2023-03-13,5.563504753788066,1.1555518888627723
2023-03-14,5.575823715712673,1.1486363679078824
2023-03-15,5.529381229256905,1.1492723892095227
2023-03-16,5.532676551571737,1.1355074457789245
2023-03-17,5.581328751822731,1.1411772424521618
2023-03-20,5.581328751822731,1.1354862585210972
2023-03-21,5.581328751822731,1.1479683495229926
2023-03-22,5.581328751822731,1.1528873966141089
2023-03-23,5.581328751822731,1.1643160629220624
2023-03-24,5.581328751822731,1.1608442929108704
2023-03-27,5.581328751822731,1.1566447189736535
2023-03-28,5.581328751822731,1.1529081514789197
2023-03-29,5.581328751822731,1.1548191268301538
2023-03-30,5.581328751822731,1.164153540800115
2023-03-31,5.581328751822731,1.167727989739717
2023-04-03,5.581328751822731,1.1791552435638155
2023-04-04,5.581328751822731,1.1827693573561668
2023-04-06,5.581328751822731,1.18090568580098
2023-04-07,5.581328751822731,1.1885849569546987
2023-04-10,5.581328751822731,1.1832613053045802
2023-04-11,5.581328751822731,1.1819168801102728
2023-04-12,5.581328751822731,1.1810923642794708
2023-04-13,5.581328751822731,1.1729319550027613
2023-04-14,5.581328751822731,1.1795678041543283
2023-04-17,5.581328751822731,1.1961096620179805
2023-04-18,5.581328751822731,1.1997557152411793
2023-04-19,5.581328751822731,1.1889536440670978
2023-04-20,5.581328751822731,1.185627186935781
2023-04-21,5.581328751822731,1.1624359316060326
2023-04-24,5.581328751822731,1.1480446524773726
2023-04-25,5.581328751822731,1.1422860134522657
2023-04-26,5.581328751822731,1.1412962658366104
2023-04-27,5.581328751822731,1.149709538549596
2023-04-28,5.581328751822731,1.1614323762400383
2023-05-04,5.581328751822731,1.1617671349137124
2023-05-05,5.581328751822731,1.157913158301793
2023-05-08,5.581328751822731,1.1711112344872519
2023-05-09,5.581328751822731,1.1610834639016112
2023-05-10,5.581328751822731,1.1521456408067392
2023-05-11,5.581328751822731,1.1503567444172729
2023-05-12,5.581328751822731,1.1351072516286946
2023-05-15,5.581328751822731,1.152727267066855
2023-05-16,5.581328751822731,1.1467654898024142
2023-05-17,5.581328751822731,1.141565127814511
2023-05-18,5.581328751822731,1.1403847237046094
2023-05-19,5.581328751822731,1.1370611203672043
2023-05-22,5.581328751822731,1.1442063861450669
2023-05-23,5.581328751822731,1.1280235009640347
2023-05-24,5.581328751822731,1.1124300539436232
2023-05-25,5.581328751822731,1.1099527590450708
2023-05-26,5.581328751822731,1.1100829093431541
2023-05-29,5.581328751822731,1.105179716662657
2023-05-30,5.581328751822731,1.1062784273185677
2023-05-31,5.581328751822731,1.0949757603357353
2023-06-01,5.581328751822731,1.0973753974484546
2023-06-02,5.581328751822731,1.113219949506873
2023-06-05,5.581328751822731,1.1081510061699025
2023-06-06,5.581328751822731,1.0977486967530339
2023-06-07,5.581328751822731,1.0923232886129415
2023-06-08,5.581328751822731,1.1012147015240008
2023-06-09,5.581328751822731,1.105975608075741
2023-06-12,5.581328751822731,1.1082038157703649
2023-06-13,5.581328751822731,1.1141059804508775
2023-06-14,5.581328751822731,1.1138515315735398
2023-06-15,5.581328751822731,1.1315723522370371
2023-06-16,5.581328751822731,1.1424835017561785
2023-06-19,5.581328751822731,1.1331314173249274
2023-06-20,5.581328751822731,1.1312086520574327
2023-06-21,5.581328751822731,1.1138537223648253
2023-06-26,5.581328751822731,1.0981906888948962
2023-06-27,5.581328751822731,1.1084923660436343
2023-06-28,5.581328751822731,1.1071563292738547
2023-06-29,5.581328751822731,1.1016922940242535
2023-06-30,5.581328751822731,1.1076328263784645
2023-07-03,5.581328751822731,1.1221700237372234
2023-07-04,5.581328751822731,1.12393741578065
2023-07-05,5.581328751822731,1.1152296257707621
2023-07-06,5.581328751822731,1.107720198594077
2023-07-07,5.544648739391399,1.1028036305562574
2023-07-10,5.579638031871037,1.1081734041281772
2023-07-11,5.608929895860428,1.1154258457218256
2023-07-12,5.621161663240613,1.1079168509381574
2023-07-13,5.700346262596552,1.1237672258892033
2023-07-14,5.747342000425686,1.1239631864044566
2023-07-17,5.6732110523294565,1.1147596145614056
2023-07-18,5.650131638614737,1.1112325558964542
2023-07-19,5.650775415845273,1.1100584647245995
2023-07-20,5.653994301997954,1.1022258958332936
2023-07-21,5.806247617019739,1.101711463448002
2023-07-24,5.805764784096837,1.0969006587421133
2023-07-25,5.990528849260693,1.1285790106859304
2023-07-26,5.990528849260693,1.1262433677397103
2023-07-27,6.021043889988104,1.1248980489331681
2023-07-28,6.210861606411669,1.1509545710024212
2023-07-31,6.158007495784656,1.1572653470838923
2023-08-01,6.185110517190226,1.152471809272478
2023-08-02,6.156140541816101,1.1443699171840536
2023-08-03,6.1512156460025,1.1544847140708931
2023-08-04,6.199498938292707,1.158980246615069
2023-08-07,6.181666309006857,1.1502095578343243
2023-08-08,6.188329403342905,1.1472056082412032
2023-08-09,6.1892306914656565,1.1436983243502241
2023-08-10,6.140046111052699,1.1460480633087948
2023-08-11,6.008071778792801,1.119682812625484
2023-08-14,5.908286308059707,1.1115112476089386
2023-08-15,5.940410791863459,1.1088101172586444
2023-08-16,5.963007372655276,1.1006805808433404
2023-08-17,5.988919406184353,1.1043608219410745
2023-08-18,5.906966564737109,1.0907845459968448
2023-08-21,5.8696596742275435,1.0750890253982468
2023-08-22,5.860003015769502,1.0833541026112445
2023-08-23,5.814938609631975,1.065599122899413
2023-08-24,5.951097493890357,1.073323218795882
2023-08-25,5.9790374256956245,1.0692075291039416
2023-08-28,6.011194098360901,1.0817376157307115
2023-08-29,6.063855075818754,1.0925437802253528
2023-08-30,6.078887274151771,1.0920834257933734
2023-08-31,6.049917298777648,1.0853836689539105
2023-09-01,6.062953787696003,1.0929428789799398
2023-09-04,6.111076135678576,1.1095065582778443
2023-09-05,6.087578266764009,1.1012523773688723
2023-09-06,6.094981704915173,1.0988629447313516
2023-09-07,6.020947323403523,1.083425505111433
2023-09-08,5.958179043426255,1.078097817793157
2023-09-11,5.969992355606593,1.0860377931098575
2023-09-12,5.962878617209168,1.084039503195413
2023-09-13,5.962717672901534,1.0771346191087388
2023-09-14,5.958790631795264,1.0762284386501473
2023-09-15,5.8406575099918925,1.0690994020235185
2023-09-18,5.992621125259935,1.0745574702494867
2023-09-19,5.985346442554878,1.0724794182365271
2023-09-20,5.975882917265997,1.0682095948471666
2023-09-21,5.893447242895852,1.0586263242828862
2023-09-22,6.056355071083009,1.0777922600612233
2023-09-25,6.002857183225459,1.0707791335893215
2023-09-26,5.9501318280445545,1.0645207058890949
2023-09-27,5.9436940557391935,1.0667121313510821
2023-09-28,5.8939622646802805,1.0635476486438915
2023-10-09,5.824595268090017,1.0621668736099645
2023-10-10,5.802063065021254,1.0542104673586223
2023-10-11,5.829423597319038,1.0572148493447602
2023-10-12,5.884635944413659,1.067256197071131
2023-10-13,5.884635944413659,1.0560220499683748
2023-10-16,5.884635944413659,1.0454102028955228
2023-10-17,5.884635944413659,1.04910128264488
2023-10-18,5.884635944413659,1.04079210134416
2023-10-19,5.884635944413659,1.0185866444405125
2023-10-20,5.884635944413659,1.0119694170148728
2023-10-23,5.884635944413659,1.0014925053894908
2023-10-24,5.884635944413659,1.005207164971369
2023-10-25,5.884635944413659,1.010201996145245
2023-10-26,5.884635944413659,1.0129944479007058
2023-10-27,5.884635944413659,1.026900293802407
2023-10-30,5.884635944413659,1.0330652669585838
2023-10-31,5.884635944413659,1.029817649487346
2023-11-01,5.884635944413659,1.0293913676250974
2023-11-02,5.884635944413659,1.0245376407057323
2023-11-03,5.884635944413659,1.0331703672878885
2023-11-06,5.884635944413659,1.0471430034975981
2023-11-07,5.884635944413659,1.0434390960887399
2023-11-08,5.884635944413659,1.0409349639969394
2023-11-09,5.884635944413659,1.0414405755646865
2023-11-10,5.884635944413659,1.033848618974178
2023-11-13,5.884635944413659,1.0318091075921236
2023-11-14,5.884635944413659,1.032571358828494
2023-11-15,5.884635944413659,1.0398318141060552
2023-11-16,5.884635944413659,1.029776860412753
2023-11-17,5.884635944413659,1.028538602117192
2023-11-20,5.884635944413659,1.0309181473677267
2023-11-21,5.884635944413659,1.0322856911753369
2023-11-22,5.884635944413659,1.0217205425483087
2023-11-23,5.884635944413659,1.026651033641272
2023-11-24,5.884635944413659,1.0198735037111715
2023-11-27,5.884635944413659,1.0123595796471108
2023-11-28,5.884635944413659,1.014256574290799
2023-11-29,5.905388379344516,1.005546478184821
2023-11-30,5.9609776235195495,1.0078224508947105
2023-12-01,5.857612751384675,1.0039823685117337
2023-12-04,5.825927875461205,0.997426339111084
2023-12-05,5.687832141420667,0.9784353783735806
2023-12-06,5.659925312410674,0.9799749569495099
2023-12-07,5.659821388372031,0.9775778565424896
2023-12-08,5.659821388372031,0.9799356956635765
2023-12-11,5.659821388372031,0.9856989180546626
2023-12-12,5.659821388372031,0.9878171249657904
2023-12-13,5.659821388372031,0.9713291144458414
2023-12-14,5.659821388372031,0.9662438554790336
2023-12-15,5.659821388372031,0.9632424137654103
2023-12-18,5.659821388372031,0.9597296528962174
2023-12-19,5.659821388372031,0.9610774219298553
2023-12-20,5.659821388372031,0.9505446163004903
2023-12-21,5.659821388372031,0.9601632277873509
2023-12-22,5.659821388372031,0.9619960841335341
2023-12-25,5.659821388372031,0.9649429001960239
2023-12-26,5.659821388372031,0.9584107100637053
2023-12-27,5.659821388372031,0.9617450367479293
2023-12-28,5.659821388372031,0.984282254400334
2023-12-29,5.659821388372031,0.9890586406220786
2024-01-02,5.659821388372031,0.9761566960007854
2024-01-03,5.659821388372031,0.973834716673899
2024-01-04,5.659821388372031,0.964827912479733
2024-01-05,5.659821388372031,0.9596563478667544
2024-01-08,5.659821388372031,0.9472452269720306
2024-01-09,5.659821388372031,0.9491024991105675
2024-01-10,5.659821388372031,0.9446717966927237
2024-01-11,5.659821388372031,0.950016952688882
2024-01-12,5.659821388372031,0.946700498249356
2024-01-15,5.659821388372031,0.9457644538463982
2024-01-16,5.659821388372031,0.9515172123264756
2024-01-17,5.659821388372031,0.9308216718377988
2024-01-18,5.659821388372031,0.9439798525608994
2024-01-19,5.659821388372031,0.9425522926025452
2024-01-22,5.659821388372031,0.9278870492583854
2024-01-23,5.659821388372031,0.9316434780056949
2024-01-24,5.659821388372031,0.9446660026262975
2024-01-25,5.659821388372031,0.9636365255872027
2024-01-26,5.659821388372031,0.9610140331135796
2024-01-29,5.659821388372031,0.9524062700215983
2024-01-30,5.659821388372031,0.9354213822728433
2024-01-31,5.659821388372031,0.9268637767708209
2024-02-01,5.659821388372031,0.9275438156815802
2024-02-02,5.659821388372031,0.916565847028229
2024-02-05,5.659821388372031,0.9225600249427353
2024-02-06,5.659821388372031,0.9546350542402448
2024-02-07,5.659821388372031,0.9638415951820117
2024-02-08,5.659821388372031,0.9699814030646057
2024-02-19,5.659821388372031,0.9811884823645048
2024-02-20,5.659821388372031,0.983219691800635
2024-02-21,5.659821388372031,0.9964846735989067
2024-02-22,5.659821388372031,1.0050758616252409
2024-02-23,5.659821388372031,1.0059599323875685
2024-02-26,5.659821388372031,0.9954720668057587
2024-02-27,5.659821388372031,1.0074144448439757
2024-02-28,5.659821388372031,0.9945788293114728
2024-02-29,5.659821388372031,1.0135530420261223
2024-03-01,5.642361011169909,1.0198144388250647
2024-03-04,5.613838325055115,1.0206979042371689
2024-03-05,5.67727221126505,1.0278023232880362
2024-03-06,5.628543630094374,1.0236322673807723
2024-03-07,5.6388586837030115,1.0174840422474498
2024-03-08,5.598000354473991,1.0218628575032669
2024-03-11,5.675229294803599,1.0346483154458106
2024-03-12,5.844389475898503,1.0370208271032706
2024-03-13,5.785613764589543,1.0297759668005182
2024-03-14,5.749377115224133,1.026853537704181
2024-03-15,5.752257292530442,1.0290933623578586
2024-03-18,5.721345622138322,1.0387602289054039
2024-03-19,5.720541851727258,1.0312949058164411
2024-03-20,5.725833340266755,1.033529945320732
2024-03-21,5.723823914239098,1.0322922635491938
2024-03-22,5.6982037323864745,1.0218894929131073
2024-03-25,5.656876537084334,1.0163436489047109
2024-03-26,5.724795136819131,1.0215275511317714
2024-03-27,5.697031567203674,1.0097203103244325
2024-03-28,5.699174954966509,1.0149603948174872
2024-03-29,5.703394749624588,1.0197223391124677
2024-04-01,5.765117619107444,1.0364883206898732
2024-04-02,5.7405356407024435,1.0321728365979295
2024-04-03,5.744286569287403,1.0284620973794043
2024-04-08,5.58202541755412,1.0194119962311472
2024-04-09,5.56715566494946,1.0185700982010661
2024-04-10,5.5194652872264065,1.0102743499100708
2024-04-11,5.519532268093995,1.0101406251630483
2024-04-12,5.472746132083386,1.0019523121236487
2024-04-15,5.6031913717121045,1.0230637570421688
2024-04-16,5.593211222441409,1.012120956354191
2024-04-17,5.583164092303125,1.0277702397261832
2024-04-18,5.595823476277363,1.0290382466613062
2024-04-19,5.514977569097973,1.0209265824907001
2024-04-22,5.610157381941314,1.0178256327307909
2024-04-23,5.667827908935063,1.0107114415977418
2024-04-24,5.672248646195908,1.015149811785085
2024-04-25,5.670373181903428,1.0176459878453745
2024-04-26,5.66649666419174,1.0332084755257769
2024-04-29,5.66649666419174,1.0446362770476965
2024-04-30,5.66649666419174,1.0390099502857568
2024-05-06,5.66649666419174,1.0544268944766748
2024-05-07,5.66649666419174,1.0547528899852068
2024-05-08,5.66649666419174,1.0464554697745463
2024-05-09,5.66649666419174,1.0563537242385286
2024-05-10,5.66649666419174,1.0568484106760487
2024-05-13,5.580365299076663,1.0563911118213887
2024-05-14,5.567276121202064,1.0541872622667159
2024-05-15,5.560829212696665,1.0452541666688284
2024-05-16,5.5754812774816624,1.0493772646944586
2024-05-17,5.609669428646656,1.0602189142426857
2024-05-20,5.59013334226666,1.0639642160763607
2024-05-21,5.577109284679996,1.0596975923953251
2024-05-22,5.5533729397283,1.062087255642455
2024-05-23,5.5348136576673035,1.049790200025586
2024-05-24,5.48620136272508,1.0381685423010951
2024-05-27,5.463539502524283,1.0480364716014932
2024-05-28,5.445696543630555,1.0403872950017499
2024-05-29,5.476172838383349,1.0416412059245221
2024-05-30,5.394772478466698,1.036103635035849
2024-05-31,5.392981670548531,1.0319562941750722
2024-06-03,5.363482180114737,1.0344998028576105
2024-06-04,5.408447738932695,1.0422607098129173
2024-06-05,5.397816851927581,1.03624243319427
2024-06-06,5.397816851927581,1.0355078839371816
2024-06-07,5.397816851927581,1.0302813765848573
2024-06-11,5.397816851927581,1.0212768784867812
2024-06-12,5.397816851927581,1.0216358799956022
2024-06-13,5.397816851927581,1.016449498715245
2024-06-14,5.397816851927581,1.0208894543436502
2024-06-17,5.397816851927581,1.019351720644593
2024-06-18,5.397816851927581,1.022058962149526
2024-06-19,5.397816851927581,1.0172042839655235
2024-06-20,5.397816851927581,1.0098630288462065
2024-06-21,5.397816851927581,1.007654394142147
2024-06-24,5.397816851927581,1.0022323010151837
2024-06-25,5.397816851927581,0.9967818717325141
2024-06-26,5.397816851927581,1.0032281309592765
2024-06-27,5.397816851927581,0.9956908576723038
2024-06-28,5.397816851927581,0.9978642091061853
2024-07-01,5.397816851927581,1.0026279406256358
2024-07-02,5.397816851927581,1.0007839285396167
2024-07-03,5.397816851927581,0.9983707142861672
2024-07-04,5.397816851927581,0.9932969281474074
2024-07-05,5.397816851927581,0.9890444004787224
2024-07-08,5.397816851927581,0.9805982947226547
2024-07-09,5.397816851927581,0.9915668660344388
2024-07-10,5.397816851927581,0.9884405492175388
2024-07-11,5.397816851927581,0.999741371323499
2024-07-12,5.397816851927581,1.0009614114599485
2024-07-15,5.397816851927581,1.0020698653718398
2024-07-16,5.397816851927581,1.0084220070519265
2024-07-17,5.397816851927581,1.0093735311248888
2024-07-18,5.397816851927581,1.0149506515615065
2024-07-19,5.397816851927581,1.0201637547303075
2024-07-22,5.397816851927581,1.0132193210956884
2024-07-23,5.397816851927581,0.9915861219367909
2024-07-24,5.397816851927581,0.9853274924531563
2024-07-25,5.397816851927581,0.9798808682290352
2024-07-26,5.397816851927581,0.9827696859748597
2024-07-29,5.397816851927581,0.9774221085778069
2024-07-30,5.397816851927581,0.9712648608435318
2024-07-31,5.397816851927581,0.9922221720646323
2024-08-01,5.397816851927581,0.9856446671441438
2024-08-02,5.397816851927581,0.9755916159801159
2024-08-05,5.397816851927581,0.9637522916109239
2024-08-06,5.397816851927581,0.9636538213078781
2024-08-07,5.397816851927581,0.9632243397373045
2024-08-08,5.397816851927581,0.9636417143034053
2024-08-09,5.397816851927581,0.9603816150870801
2024-08-12,5.397816851927581,0.9587203899424
2024-08-13,5.397816851927581,0.9611780541979855
2024-08-14,5.397816851927581,0.9539278610480248
2024-08-15,5.397816851927581,0.9633580933105282
2024-08-16,5.397816851927581,0.9644191857739699
2024-08-19,5.397816851927581,0.9676862609309675
2024-08-20,5.397816851927581,0.960691785011194
2024-08-21,5.397816851927581,0.9575011857657834
2024-08-22,5.397816851927581,0.955051160453496
2024-08-23,5.397816851927581,0.9591026253693284
2024-08-26,5.397816851927581,0.9582472366771208
2024-08-27,5.397816851927581,0.9528021690678603
2024-08-28,5.397816851927581,0.9473718316473753
2024-08-29,5.397816851927581,0.9448309749753405
2024-08-30,5.397816851927581,0.9574427550561012
2024-09-02,5.397816851927581,0.9411786376402963
2024-09-03,5.397816851927581,0.9436049966414592
2024-09-04,5.397816851927581,0.9374755950174719
2024-09-05,5.397816851927581,0.939087815620238
2024-09-06,5.397816851927581,0.9314742105526841
2024-09-09,5.397816851927581,0.9204066500662339
2024-09-10,5.397816851927581,0.9212148214409975
2024-09-11,5.397816851927581,0.9184402131040335
2024-09-12,5.397816851927581,0.9145039376879
2024-09-13,5.397816851927581,0.9106908942815792
2024-09-18,5.397816851927581,0.9140817779724123
2024-09-19,5.397816851927581,0.9212956789351554
2024-09-20,5.397816851927581,0.9227410246596043
2024-09-23,5.397816851927581,0.9261177835118857
2024-09-24,5.397816851927581,0.9662280298946154
2024-09-25,5.397816851927581,0.9805327439412945
2024-09-26,5.397816851927581,1.0219811890588886
2024-09-27,5.397816851927581,1.067631658340795
2024-09-30,5.397816851927581,1.1581948191129934
2024-10-08,5.397816851927581,1.226870850720577
2024-10-09,5.397816851927581,1.1403598755192392
2024-10-10,5.397816851927581,1.1524103806378787
2024-10-11,5.361879083233225,1.1205225775166814
2024-10-14,5.351909155216555,1.1419045275065665
2024-10-15,5.19325436737795,1.1115368452755383
2024-10-16,5.087739295868194,1.1045015514549708
2024-10-17,4.9950189653131645,1.092000406334131
2024-10-18,5.149220518637657,1.1314958474992491
2024-10-21,5.1086761447032005,1.1343679172222196
2024-10-22,5.155867137315437,1.1408763257386094
2024-10-23,5.237288216118241,1.1453251886631624
2024-10-24,5.186441583233226,1.132533417782572
2024-10-25,5.208541590336844,1.14048587484436
2024-10-28,5.228979942771016,1.1427158409372526
2024-10-29,5.11804787703887,1.1313272142226631
2024-10-30,5.119310734587648,1.1211803049477693
2024-10-31,5.105319602270921,1.1216389009814802
2024-11-01,5.125126525930705,1.1213450755134047
2024-11-04,5.1731483458776655,1.137124999228899
2024-11-05,5.268826421744307,1.1658966035297913
2024-11-06,5.248919798804356,1.1600479402785684
2024-11-07,5.508603190545215,1.1950464364156557
2024-11-08,5.378429163740898,1.1830408425183698
2024-11-11,5.338682384047773,1.1908481884836903
2024-11-12,5.269524316705473,1.1777644946642989
2024-11-13,5.27384461884603,1.1850134482876111
2024-11-14,5.258225064953247,1.1644687264832247
2024-11-15,5.2090400867376765,1.1440631487516726
2024-11-18,5.2090400867376765,1.1387446569915558
2024-11-19,5.152277963229436,1.1463866558672187
2024-11-20,5.1618823272188274,1.1489468549202086
2024-11-21,5.162945786207272,1.1499630361622963
2024-11-22,5.038953114773289,1.1143341398327884
2024-11-25,5.008212503388558,1.1092584223385533
2024-11-26,5.04287461979318,1.1069793652251432
2024-11-27,5.076273878649023,1.1262525632978695
2024-11-28,5.072784403843189,1.1163091958291254
2024-11-29,5.0985068181261965,1.1290021504922563
2024-12-02,5.0960475692154175,1.1379523400274114
2024-12-03,5.101830127465087,1.1391801055857624
2024-12-04,5.079431022520969,1.1330302085327746
2024-12-05,5.04952123847096,1.1304448730324026
2024-12-06,5.082787564953248,1.1453054715415922
2024-12-09,5.075443051314301,1.143411676606229
2024-12-10,5.167797817842051,1.1517903290516622
2024-12-11,5.1312746482076514,1.1498283889768377
2024-12-12,5.231638590242128,1.1612648960114973
2024-12-13,5.076107713182079,1.1337866080503163
2024-12-16,5.103358849760976,1.1276353273396742
2024-12-17,5.092998474438353,1.130573236106016
2024-12-18,5.092998474438353,1.1362971395587664
2024-12-19,5.092998474438353,1.1373272438559978
2024-12-20,5.092998474438353,1.1322194139737085
2024-12-23,5.092998474438353,1.133899318496718
2024-12-24,5.092998474438353,1.148345972757741
2024-12-25,5.092998474438353,1.148905460495392
2024-12-26,5.092998474438353,1.1494390334782312
2024-12-27,5.092998474438353,1.147579916462822
2024-12-30,5.092998474438353,1.152775608606143
2024-12-31,5.092998474438353,1.134285330155994
2025-01-02,5.092998474438353,1.1012748041533482
2025-01-03,5.092998474438353,1.0882365980793332
2025-01-06,5.092998474438353,1.0864507860933872
2025-01-07,5.092998474438353,1.094273006378489
2025-01-08,5.092998474438353,1.0922868234685172
2025-01-09,5.092998474438353,1.0895950328073878
2025-01-10,5.092998474438353,1.075932364738384
2025-01-13,5.092998474438353,1.0730590843149663
2025-01-14,5.092998474438353,1.1013164003615727
2025-01-15,5.092998474438353,1.0942500895485936
2025-01-16,5.092998474438353,1.0955062200888528
2025-01-17,5.092998474438353,1.0989536319600934
2025-01-20,5.092998474438353,1.103950221532238
2025-01-21,5.092998474438353,1.104797164147516
2025-01-22,5.092998474438353,1.094535641896946
2025-01-23,5.092998474438353,1.0964748669252837
2025-01-24,5.092998474438353,1.1048689990407217
2025-01-27,5.092998474438353,1.100319215586027
2025-02-05,5.092998474438353,1.0939787773435974
2025-02-06,5.092998474438353,1.1077423082903404
2025-02-07,5.092998474438353,1.1221183383586049
2025-02-10,5.092998474438353,1.1245279205107126
2025-02-11,5.092998474438353,1.1193603627396906
2025-02-12,5.092998474438353,1.1299472174961664
2025-02-13,5.092998474438353,1.1257034529926238
2025-02-14,5.092998474438353,1.1354665125733259
2025-02-17,5.092998474438353,1.1378849731953802
2025-02-18,5.092998474438353,1.1279066683708716
2025-02-19,5.092998474438353,1.135798503931692
2025-02-20,5.092998474438353,1.1325514341582756
2025-02-21,5.092998474438353,1.1468342691183004
2025-02-24,5.092998474438353,1.1443185777198486
2025-02-25,5.092998474438353,1.1316159086269382
2025-02-26,5.092998474438353,1.1415006436025925
2025-02-27,5.092998474438353,1.143857070239824
2025-02-28,5.092998474438353,1.1213532621545244
2025-03-03,5.092998474438353,1.1208992783129939
2025-03-04,5.092998474438353,1.1199615619903707
2025-03-05,5.092998474438353,1.1249628502332991
2025-03-06,5.092998474438353,1.1404328058080875
2025-03-07,5.092998474438353,1.1369094945492824
2025-03-10,5.092998474438353,1.1325243087030163
2025-03-11,5.092998474438353,1.1361604168868267
2025-03-12,5.077369115944036,1.1320716508667374
2025-03-13,5.061597915006359,1.127559716214121
2025-03-14,5.357480071475385,1.1549380925622001
2025-03-17,5.389776605620111,1.1521220321480172
2025-03-18,5.344331939300732,1.1552742637197295
2025-03-19,5.382727108319486,1.155979093163457
2025-03-20,5.2787552202251495,1.1458391310030347
2025-03-21,5.179570432623332,1.1284580271198053
2025-03-24,5.209899665195788,1.1342673714326925
2025-03-25,5.185308395542445,1.1335312943869447
2025-03-26,5.1869478135193345,1.12980161635428
2025-03-27,5.229572680918462,1.1335649057374575
2025-03-28,5.21714589265364,1.1285936832223034
2025-03-31,5.137765274212647,1.120562530631442
2025-04-01,5.121436671162827,1.120671637802703
2025-04-02,5.098484819486373,1.11972086321097
2025-04-03,5.163602501528427,1.1131247365645545
2025-04-07,4.9377562810321205,1.0346993666480044
2025-04-08,5.085303898952182,1.0523751319591421
2025-04-09,5.072319708575215,1.0627627400134365
2025-04-10,5.098419242767298,1.076691791007044
2025-04-11,5.1639303851238045,1.081131487199639
2025-04-14,5.108222962269098,1.0836178911777468
2025-04-15,5.12792876635131,1.084221108262506
2025-04-16,5.1317650044172325,1.0875607966201395
2025-04-17,5.16727479779666,1.0873883294588036
2025-04-18,5.153962723824317,1.0874750674979912
2025-04-21,5.104976914674856,1.091037294128316
2025-04-22,5.097763475576541,1.090769671677064
2025-04-23,5.1082557506286355,1.091614337022453
2025-04-24,5.10907545961708,1.0908864754440257
2025-04-25,5.101698078721077,1.091646420584306
2025-04-28,5.101698078721077,1.090097041099994
2025-04-29,5.082025062998403,1.0882112021961414
2025-04-30,5.09186157085974,1.0869122359210095
2025-05-06,5.102353845911833,1.0978580921863064
2025-05-07,5.118092258489973,1.1045125054113984
2025-05-08,5.194128464258111,1.1106436366074535
2025-05-09,5.236720543297701,1.1087008371301763
2025-05-12,5.280394638202039,1.1215149483166391
2025-05-13,5.233835167658375,1.1231432539396335
2025-05-14,5.380366346432765,1.1366778760232363
2025-05-15,5.370595415290503,1.126297099778609
2025-05-16,5.311969828436933,1.1210755793590794
2025-05-19,5.196718744661596,1.1176337021184548
2025-05-20,5.219736173057125,1.1236944685575616
2025-05-21,5.203243628209617,1.1289437774349766
2025-05-22,5.2000631573344505,1.1282186255194553
2025-05-23,5.175799771276485,1.119112140321796
2025-05-26,5.103337496697967,1.11272212101343
2025-05-27,5.081697179403025,1.106752272412674
2025-05-28,5.059073211321948,1.1058412779784945
2025-05-29,5.068909719183286,1.1123165651897908
2025-05-30,5.009890672015261,1.106993086496879
2025-06-03,4.967265804616133,1.1103889282943058
2025-06-04,4.9704134871317605,1.1152116093950586
2025-06-05,4.983659984385029,1.117752004847875
2025-06-06,4.95870804277677,1.1167224482484652
2025-06-09,4.892213249634128,1.1199687973668533
2025-06-10,4.884881434914248,1.1142667730007574
2025-06-11,4.884876034478559,1.1226724932490477
2025-06-12,4.884876034478559,1.1219731696097353
2025-06-13,4.884876034478559,1.113896932840313
2025-06-16,4.884876034478559,1.1166679667283372
2025-06-17,4.884876034478559,1.1156831195668735
2025-06-18,4.884876034478559,1.1170068763749736
2025-06-19,4.884876034478559,1.1078171987608654
2025-06-20,4.884876034478559,1.108841422513067
2025-06-23,4.884876034478559,1.1120864744524044
2025-06-24,4.884876034478559,1.1253847505129766
2025-06-25,4.884876034478559,1.1415366475277986
2025-06-26,4.884876034478559,1.1374875175342574
2025-06-27,4.884876034478559,1.1304937910957131
2025-06-30,4.884876034478559,1.134622077837546
2025-07-01,4.884876034478559,1.1365485040325838
2025-07-02,4.884876034478559,1.136814541042774
2025-07-03,4.884876034478559,1.1438431471846804
2025-07-04,4.884876034478559,1.1479179613234247
2025-07-07,4.884876034478559,1.1430092051861103
2025-07-08,4.884876034478559,1.1526020172229632
2025-07-09,4.884876034478559,1.150569164693369
2025-07-10,4.884876034478559,1.1559376699124393
2025-07-11,4.884876034478559,1.157316340633684
2025-07-14,4.884876034478559,1.1581410005954917
2025-07-15,4.884876034478559,1.1585435873204148
2025-07-16,4.884876034478559,1.155124079211864
2025-07-17,4.884876034478559,1.1629904900632912
2025-07-18,4.884876034478559,1.1699253822253377
2025-07-21,4.884876034478559,1.17772534868317
2025-07-22,4.884876034478559,1.187339175020644
2025-07-23,4.884876034478559,1.1875727537283665
2025-07-24,4.884876034478559,1.1960096927524762
2025-07-25,4.884876034478559,1.18970442247542
2025-07-28,4.884876034478559,1.1922010021025253
2025-07-29,4.884876034478559,1.1968709908159145
2025-07-30,4.884876034478559,1.1966441862654567
2025-07-31,4.884876034478559,1.1748381163784074
2025-08-01,4.884876034478559,1.168881873744583
2025-08-04,4.884876034478559,1.173428832231567
2025-08-05,4.884876034478559,1.1828687500976487
2025-08-06,4.884876034478559,1.1857615170330273
2025-08-07,4.884876034478559,1.1861018968159212
2025-08-08,4.884876034478559,1.1833060147425265
2025-08-11,4.884876034478559,1.1883631969894375
2025-08-12,4.884876034478559,1.1945073864546027
2025-08-13,4.884876034478559,1.2039486591521371
2025-08-14,4.884876034478559,1.2030076278163848
2025-08-15,4.884876034478559,1.2113788142757262
2025-08-18,4.888731451087113,1.222061573803348
2025-08-19,4.920490721308747,1.2174383123619836
2025-08-20,4.9606076942202835,1.2312811441880238
2025-08-21,4.954757302337351,1.236087884399554
2025-08-22,5.007243675229944,1.262010422285974
2025-08-25,5.095434154013804,1.2883068360009964
2025-08-26,5.066282487031421,1.2835126928393583
2025-08-27,4.95392153206836,1.2643536753492912
2025-08-28,4.947569678024033,1.286738777138355
2025-08-29,5.060900126499124,1.2962448223098193
2025-09-01,5.047862110302874,1.3040140600372516
2025-09-02,5.098676942657487,1.2944269555882213
2025-09-03,5.062738821090902,1.2855994503650578
2025-09-04,5.036361911401568,1.2583237817715902
2025-09-05,5.070929369727008,1.285742226539234
2025-09-08,5.131873737741783,1.2878316649016384
2025-09-09,5.1444771533981575,1.2788047688452873
2025-09-10,5.20134296250026,1.2814298268508106
2025-09-11,5.206324153303442,1.3110255722418902
2025-09-12,5.181251045233733,1.303520238385765
2025-09-15,5.178242272265368,1.3067077532276552
2025-09-16,5.1276948863968315,1.3039061347402363
2025-09-17,5.104360180486621,1.3118870432625356
2025-09-18,5.020649430344549,1.2966339471988169
2025-09-19,5.020682861155309,1.2977323695927163
2025-09-22,4.971807015824754,1.3036960782126326
2025-09-23,4.951982545044303,1.302880325546973
2025-09-24,4.9338630456125925,1.3162247523555475
2025-09-25,4.923833802384708,1.3241279454396113
2025-09-26,4.910461478080863,1.3116061895849667
2025-09-29,4.996913554705223,1.33178571224729
2025-09-30,4.940515776953755,1.3377356419430682
2025-10-09,4.916412162396075,1.3575647533045059
2025-10-10,4.893746072701057,1.3308578833116531
2025-10-13,4.857640797080673,1.3242694820871392
2025-10-14,4.964017636917763,1.3084398331747027
2025-10-15,5.00072466713182,1.3278178144885215
2025-10-16,5.077314654582095,1.3313155569069277
2025-10-17,4.97732309960009,1.3012823162613614
2025-10-20,4.987118327152658,1.3081964535585973
2025-10-21,5.001593868211569,1.32827430620955
2025-10-22,4.9947296574945765,1.3238634650442818
2025-10-23,4.994187021356695,1.3278341877707607
2025-10-24,4.994187021356695,1.3434979995481204
2025-10-27,4.994187021356695,1.3594490067672966
2025-10-28,4.994187021356695,1.3525175737493853
2025-10-29,4.994187021356695,1.368621273355925
2025-10-30,4.994187021356695,1.3576884177073356
2025-10-31,4.994187021356695,1.3377281759569764
2025-11-03,4.994187021356695,1.3413992503227525
2025-11-04,4.994187021356695,1.3313954631364484
2025-11-05,4.994187021356695,1.3338624094287965
2025-11-06,4.994187021356695,1.3529298460778867
2025-11-07,4.994187021356695,1.3487186840078174
2025-11-10,4.994187021356695,1.3534047577414348
2025-11-11,4.994187021356695,1.3410425837362228
2025-11-12,4.994187021356695,1.339238755374573
2025-11-13,4.994187021356695,1.3554292506727026
2025-11-14,4.994187021356695,1.3341168871323354
2025-11-17,4.994187021356695,1.3254438615210051
2025-11-18,4.994187021356695,1.3168364443434373
2025-11-19,4.994187021356695,1.3226303378125213
2025-11-20,4.994187021356695,1.31590117824791
2025-11-21,4.994187021356695,1.2838058841310092
2025-11-24,4.994187021356695,1.2822032050008154
2025-11-25,4.994187021356695,1.2944130901854798
2025-11-26,4.994187021356695,1.3022598127415383
2025-11-27,4.994187021356695,1.3016190639429133
2025-11-28,4.994187021356695,1.304864577101469
2025-12-01,4.994187021356695,1.3192269435503998
2025-12-02,4.994187021356695,1.3128416805652197
2025-12-03,4.994187021356695,1.3061291825448589
2025-12-04,4.994187021356695,1.3106023747831619
2025-12-05,4.994187021356695,1.321547798655442
2025-12-08,4.994187021356695,1.3322762477118482
2025-12-09,4.994187021356695,1.325493067846327
2025-12-10,4.994187021356695,1.3236493728485204
2025-12-11,4.994187021356695,1.3122219460672153
2025-12-12,4.994187021356695,1.320513860473461
2025-12-15,4.994187021356695,1.3121858556634056
2025-12-16,4.994187021356695,1.296474105913574
2025-12-17,4.994187021356695,1.3202039788113584
2025-12-18,4.994187021356695,1.312397151717658
2025-12-19,4.994187021356695,1.3168322068918719
2025-12-22,4.994187021356695,1.3293558652757909
2025-12-23,4.994187021356695,1.33198210515556
2025-12-24,4.994187021356695,1.3358230523245709
2025-12-25,4.994187021356695,1.3382666782202082
2025-12-26,4.994187021356695,1.3425053693123525
2025-12-29,4.994187021356695,1.3373547325213913
2025-12-30,4.994187021356695,1.3407878465968737
2025-12-31,4.994187021356695,1.334635672273997
2026-01-05,4.994187021356695,1.3599468640869408
2026-01-06,4.994187021356695,1.3809750301104082
2026-01-07,4.994187021356695,1.3769312906164775
2026-01-08,4.994187021356695,1.3656855553808687
2026-01-09,4.994187021356695,1.3718164559673147
2026-01-12,4.994187021356695,1.380750675787046
2026-01-13,4.994187021356695,1.372424775289673
2026-01-14,4.994187021356695,1.3669184520030202
2026-01-15,4.994187021356695,1.369656566369359
2026-01-16,4.994187021356695,1.364019170346187
2026-01-19,4.994187021356695,1.364763693468865
2026-01-20,4.994187021356695,1.3602733208146907
2026-01-21,4.994187021356695,1.361481426903874
2026-01-22,4.994187021356695,1.361665885764878
2026-01-23,4.994187021356695,1.3555511278510626
2026-01-26,4.994187021356695,1.3568389095601576
2026-01-27,4.994187021356695,1.3564721826294348
2026-01-28,4.994187021356695,1.3600176900631067
2026-01-29,4.994187021356695,1.3703600409816337
2026-01-30,4.994187021356695,1.3566590628913338
2026-02-02,4.994187021356695,1.3277290297890538
2026-02-03,4.994187021356695,1.3433319318034345
2026-02-04,4.994187021356695,1.3544518694973304
2026-02-05,4.994187021356695,1.346304316706323
2026-02-06,4.994187021356695,1.338572293604544
2026-02-09,4.994187021356695,1.3603245449740913
2026-02-10,4.994187021356695,1.3618349514344812
2026-02-11,4.991394561356695,1.3588148015163273
2026-02-12,4.932885561356695,1.3604750465701694
2026-02-13,4.928595561356695,1.3434178915351918
2026-02-24,4.867545561356695,1.3570061015266874
2026-02-25,4.949583561356695,1.3651759657973663
2026-02-26,4.865598561356696,1.362578177378108
2026-02-27,4.828671561356695,1.3579005497214205
2026-03-02,4.779468561356695,1.3630955788621157
2026-03-03,4.733532561356696,1.3421180028216237
2026-03-04,4.650999561356695,1.3267618530888803
2026-03-05,4.6439375613566956,1.3397530724550601
2026-03-06,4.653705561356696,1.3434275194863678
2026-03-09,4.637205561356695,1.330460369998128
2026-03-10,4.6533095613566955,1.3475546243539542
2026-03-11,4.647105561356695,1.3561274500901712
2026-03-12,4.620705561356695,1.3512455023199037
2026-03-13,4.692117561356695,1.345935687246326
2026-03-16,4.845699561356695,1.3466330218777607
2026-03-17,4.927605561356695,1.3367975508798302
2026-03-18,4.874145561356696,1.3428202667334512
2026-03-19,4.821576561356696,1.3211771801875676
2026-03-20,4.7956055613566955,1.31649776530641
2026-03-23,4.673736561356695,1.273540729779097
2026-03-24,4.671294561356695,1.2898924788463244
2026-03-25,4.680996561356696,1.3079789598711031
2026-03-26,4.650999561356695,1.2907030427957817
2026-03-27,4.641330561356695,1.2979198263786376
2026-03-30,4.641330561356695,1.294858541471477
2026-03-31,4.641330561356695,1.2827801614163488
2026-04-01,4.641330561356695,1.3046931188571724
2026-04-02,4.641330561356695,1.2911007867189157
2026-04-03,4.641625417856695,1.2801107398872928
2026-04-07,4.579687417856695,1.2800609570379486
2026-04-08,4.657187417856695,1.3247242154098988
2026-04-09,4.643144417856695,1.3162688276170686
2026-04-10,4.622901417856695,1.336545696360594
2026-04-13,4.589886417856695,1.3393098696127503
2026-04-14,4.601015417856695,1.3552014948576074
2026-04-15,4.664875417856695,1.3505785505044556
2026-04-16,4.650429417856695,1.3653840621432936
2026-04-17,4.4780694178566955,1.363096385995747
2026-04-20,4.489384417856695,1.3713897705382503
2026-04-21,4.492856417856695,1.3744324048932823
2026-04-22,4.485075417856695,1.3835501323093806
2026-04-23,4.514525417856695,1.3797163340382492
2026-04-24,4.636944417856695,1.3748278427203262
2026-04-27,4.465545417856696,1.3752827490002928
2026-04-28,4.471125417856695,1.3716106945436786
2026-04-29,4.459252417856695,1.3866402434176668
2026-04-30,4.450200417856695,1.3857639557296426
2026-05-06,4.450200417856695,1.4058806949259142
2026-05-07,4.450200417856695,1.4126308111387438
2026-05-08,4.450200417856695,1.404387209445585
