date,nav_strategy,nav_benchmark
2016-01-04,1.0,1.0
2016-01-05,1.0,1.002800033046357
2016-01-06,1.0,1.0203922312004308
2016-01-07,1.0,0.9496457288707836
2016-01-08,1.0,0.9690109690037048
2016-01-11,1.0,0.9202620290151856
2016-01-12,1.0,0.9269670033970524
2016-01-13,1.0,0.9097199413490581
2016-01-14,1.0,0.9286566511760426
2016-01-15,1.0,0.8990114111976301
2016-01-18,1.0,0.9024702094183155
2016-01-19,1.0,0.9291045238629346
2016-01-20,1.0,0.9150526156001288
2016-01-21,1.0,0.8882348223853439
2016-01-22,1.0,0.8974929910533271
2016-01-25,1.0,0.9019389713577676
2016-01-26,1.0,0.8476368943319674
2016-01-27,1.0,0.8447091323884219
2016-01-28,1.0,0.8226295018526887
2016-01-29,1.0,0.8492458864002076
2016-02-01,1.0,0.836261844758108
2016-02-02,1.0,0.8536400083688227
2016-02-03,1.0,0.8499804933096982
2016-02-04,1.0,0.8603928630707594
2016-02-05,1.0,0.8543478933898696
2016-02-15,1.0,0.8494235711039472
2016-02-16,1.0,0.8754619038402899
2016-02-17,1.0,0.8830387555014083
2016-02-18,1.0,0.8802652713862883
2016-02-19,1.0,0.8796560296254939
2016-02-22,1.0,0.8990510183979769
2016-02-23,1.0,0.8905460495392101
2016-02-24,1.0,0.8963638111028264
2016-02-25,1.0,0.841364774186206
2016-02-26,1.0,0.8498052300068532
2016-02-29,1.0,0.8294643094444263
2016-03-01,1.0,0.84480766034387
2016-03-02,1.0,0.8795833011200535
2016-03-03,1.0,0.8816268481702654
2016-03-04,1.0,0.8918508098807685
2016-03-07,1.0,0.8950073365564485
2016-03-08,1.0,0.8958239828343431
2016-03-09,1.0,0.8855140902182841
2016-03-10,1.0,0.8685754396961349
2016-03-11,1.0,0.8700567316933876
2016-03-14,1.0,0.8837220805990961
2016-03-15,1.0,0.8863421516718244
2016-03-16,1.0,0.8907390697819487
2016-03-17,1.0,0.9005892997948554
2016-03-18,1.0,0.9143564340167392
2016-03-21,1.0,0.9366893027293627
2016-03-22,1.0,0.9298727997753401
2016-03-23,1.0,0.9328425038415237
2016-03-24,1.0,0.9172066823054572
2016-03-25,1.0,0.9218091312296086
2016-03-28,1.0,0.9137122549001804
2016-03-29,1.0,0.9038195350668141
2016-03-30,1.0,0.9271299867382178
2016-03-31,1.0,0.9276524904598246
2016-04-01,1.0,0.9287498751104836
2016-04-05,1.014102088,0.9410272424319835
2016-04-06,1.0122300880000001,0.9390214577052464
2016-04-07,0.9997860350000001,0.9251164477633779
2016-04-08,0.9913805990000001,0.9183237264252841
2016-04-11,1.00226939,0.9311138830386113
2016-04-12,1.0010176425250001,0.9277567836554979
2016-04-13,1.013762290525,0.9401328518896526
2016-04-14,1.017485164325,0.944297949690323
2016-04-15,1.018414374125,0.9432524810278916
2016-04-18,1.004077206775,0.9306403838589186
2016-04-19,1.005328170525,0.93347970701741
2016-04-20,0.9879251617749999,0.9169690679295771
2016-04-21,0.9832670176749999,0.9110818640474488
2016-04-22,0.9876350176750001,0.915203405458218
2016-04-25,0.9845150176749999,0.9114940210711459
2016-04-26,0.990131017675,0.9164311998427703
2016-04-27,0.985451017675,0.9126131983298559
2016-04-28,0.984827017675,0.9110754069783966
2016-04-29,0.983579017675,0.9099696915556122
2016-05-03,1.002587039175,0.9263414171802198
2016-05-04,0.998848719375,0.9251657982197053
2016-05-05,0.998848719375,0.9264510143969001
2016-05-06,0.9760798190000001,0.9023622552950993
2016-05-09,0.956112541,0.8837004609482517
2016-05-10,0.9551765409999999,0.8847085132016218
2016-05-11,0.958915071,0.8886566073602169
2016-05-12,0.9623568589999999,0.8907691643359241
2016-05-13,0.9589248589999999,0.8863869764145752
2016-05-16,0.962668859,0.8922598536747439
2016-05-17,0.961109687,0.8895837444670268
2016-05-18,0.9548711334,0.8843981703203012
2016-05-19,0.9529991334,0.8828024671307799
2016-05-20,0.9499384134,0.8873333982499382
2016-05-23,0.9499384134,0.8899289670517097
2016-05-24,0.9499384134,0.883106698857462
2016-05-25,0.9499384134,0.8818586108273171
2016-05-26,0.9499384134,0.8832956546058417
2016-05-27,0.9499384134,0.8828022076949699
2016-05-30,0.9499384134,0.8840158484147693
2016-05-31,0.9499384134,0.9136636827512833
2016-06-01,0.9499384134,0.911065634896215
2016-06-02,0.9499384134,0.912954529377387
2016-06-03,0.9499384134,0.9193613831872104
2016-06-06,0.9499384134,0.9163239087221801
2016-06-07,0.9499384134,0.9158238606112503
2016-06-08,0.9499384134,0.9120570832577365
2016-06-13,0.9499384134,0.8839097103422241
2016-06-14,0.9499384134,0.8866891614809772
2016-06-15,0.9499384134,0.8983305651532392
2016-06-16,0.9499384134,0.8920771820382095
2016-06-17,0.9499384134,0.8965978222035659
2016-06-20,0.9499384134,0.8972657829360534
2016-06-21,0.9499384134,0.8954333301566859
2016-06-22,0.9499384134,0.9034019298911043
2016-06-23,0.9499384134,0.8986040104971188
2016-06-24,0.9499384134,0.8870270045581718
2016-06-27,0.9499384134,0.8995343761384548
2016-06-28,0.9499384134,0.9041053468509768
2016-06-29,0.9499384134,0.9084259620067209
2016-06-30,0.9499384134,0.9091556108096178
2016-07-01,0.9499384134,0.9092361223893622
2016-07-04,0.9499384134,0.9237921720836575
2016-07-05,0.9499384134,0.9245665879769028
2016-07-06,0.9499384134,0.9272822467325644
2016-07-07,0.952052215675,0.9253078537388534
2016-07-08,0.9485254156749999,0.9202131686042774
2016-07-11,0.950873799675,0.9233982908714742
2016-07-12,0.9749740763750001,0.9435341130128908
2016-07-13,0.977029746375,0.946326161201536
2016-07-14,0.975560080175,0.9445664945800111
2016-07-15,0.976735101425,0.9444263415901374
2016-07-18,0.973210386675,0.9403170801410476
2016-07-19,0.968214086675,0.936342494703618
2016-07-20,0.9661567866749999,0.933278557785954
2016-07-21,0.9714469866750001,0.9375787351651
2016-07-22,0.962923886675,0.9296917135798677
2016-07-25,0.9626299866750001,0.9313414082440975
2016-07-26,0.9749737866750001,0.9424980705182276
2016-07-27,0.957045886675,0.9276971998977707
2016-07-28,0.9596909866750001,0.9285312860273465
2016-07-29,0.956458086675,0.923571421035436
2016-08-01,0.948522786675,0.9157533805494976
2016-08-02,0.950873986675,0.9192828029629414
2016-08-03,0.9520495866750001,0.9205668372658902
2016-08-04,0.954988586675,0.9228099481064961
2016-08-05,0.9588092866750001,0.9239114837301172
2016-08-08,0.9667445866750002,0.9322921828358306
2016-08-09,0.971153086675,0.938863980168496
2016-08-10,0.968214086675,0.934931971030129
2016-08-11,0.967038486675,0.9320549720267661
2016-08-12,0.984084686675,0.9496024319166928
2016-08-15,1.0131326898000002,0.9781951984658003
2016-08-16,1.010203393425,0.9738197270493137
2016-08-17,1.007856307225,0.9723214852457989
2016-08-18,1.006389489725,0.9698532417744001
2016-08-19,1.005214347525,0.9700073466456188
2016-08-22,0.9981607475250001,0.9618712090302571
2016-08-23,0.9987485475250001,0.9633225794307413
2016-08-24,0.994633947525,0.9598730344206172
2016-08-25,0.989343747525,0.9538509527434212
2016-08-26,0.9881683265250001,0.9533084724644344
2016-08-29,0.9878748426,0.9535076615142137
2016-08-30,0.991987822225,0.954720091533566
2016-08-31,0.996102637925,0.9592765338407205
2016-09-01,0.985522237925,0.951719139865362
2016-09-02,0.9899307379249999,0.9553332248315123
2016-09-05,0.99198592855,0.9569377200123768
2016-09-06,1.000502375275,0.963552064817904
2016-09-07,1.001089775275,0.9630306853181412
2016-09-08,0.9996207051249999,0.9626694353656323
2016-09-09,0.9946244051249999,0.9564660368833549
2016-09-12,0.974933105125,0.9404848774578011
2016-09-13,0.9749328902500001,0.9398301479516303
2016-09-14,0.96905570755,0.9336027948962172
2016-09-19,0.97522760755,0.9406347448774544
2016-09-20,0.9740521925500001,0.9389856555634482
2016-09-21,0.9778728097,0.9416471498871944
2016-09-22,0.9843239982,0.9487051875804502
2016-09-23,0.98197157695,0.9442502135012585
2016-09-26,0.965513493525,0.9282854850103466
2016-09-27,0.9705097935250001,0.9341864389904119
2016-09-28,0.9690402935250001,0.9313429648589583
2016-09-29,0.9734442556499999,0.9352336372249108
2016-09-30,0.9763851077750001,0.9377984196438799
2016-10-10,0.9875328102750001,0.9494972739349856
2016-10-11,0.9898812740749999,0.9531548576386348
2016-10-12,0.9875317061250001,0.9512674909461226
2016-10-13,0.987532023625,0.9520272343029949
2016-10-14,0.990471087725,0.9529504222202505
2016-10-17,0.981360187725,0.9448879067225642
2016-10-18,0.9801335225999999,0.9574139576811764
2016-10-19,0.9801335225999999,0.9559462139984528
2016-10-20,0.9801335225999999,0.956627578914464
2016-10-21,0.9842415937999999,0.9592610253445147
2016-10-24,0.9961397938,0.9707447496966186
2016-10-25,0.9935279937999999,0.9707092646430326
2016-10-26,0.9906259937999999,0.9670614818477663
2016-10-27,0.9891749938,0.9644367697566567
2016-10-28,0.9877239938,0.9628314962683617
2016-10-31,0.9856925938,0.9617221487442354
2016-11-01,0.9917867937999999,0.9682869413100275
2016-11-02,0.9851121938,0.9608788670565007
2016-11-03,0.9926573938,0.9700261701549541
2016-11-04,0.9894651937999999,0.9668812027859255
2016-11-07,0.9903357938,0.9675778455885333
2016-11-08,0.995551756925,0.9717651683902716
2016-11-09,0.9917787281749998,0.966558291680914
2016-11-10,1.00191522955,0.9773846056901421
2016-11-11,1.010622725975,0.9850550272001152
2016-11-14,1.012073725975,0.9888102452469774
2016-11-15,1.0109129259749998,0.9887011380757161
2016-11-16,1.01120279035,0.9886211165413907
2016-11-17,1.013524803375,0.9906224908593556
2016-11-18,1.010042403375,0.9851225669893529
2016-11-21,1.014685603375,0.9919414625180689
2016-11-22,1.024835328625,0.999797495937091
2016-11-23,1.026574786625,1.001632341291152
2016-11-24,1.0294771215,1.0056712668094947
2016-11-25,1.0407949214999999,1.015056559024443
2016-11-28,1.045430626,1.0190294725422073
2016-11-29,1.0535616872,1.0273774539096427
2016-11-30,1.0439850872,1.019871284093685
2016-12-01,1.0538482373249998,1.0276644475680516
2016-12-02,1.042240446625,1.0172635794612392
2016-12-05,1.021346046625,1.00009832617204
2016-12-06,1.019605766125,0.997142487508598
2016-12-07,1.024245766125,1.0019259073234175
2016-12-08,1.02656455425,1.0003102852289183
2016-12-09,1.032373536675,1.0071011040377378
2016-12-12,1.005094736675,0.9827369105841797
2016-12-13,1.003643736675,0.9815423816357266
2016-12-14,0.996678936675,0.9740215681095966
2016-12-15,0.9853611366749999,0.9629201656630247
2016-12-16,0.9853611366749999,0.9645334816614337
2016-12-19,0.9824591366749998,0.9596192485459055
2016-12-20,0.9752041366749999,0.953877472848457
2016-12-21,0.9859306748,0.9623731020180589
2016-12-22,0.9841904203249999,0.9615475196178153
2016-12-23,0.9763550203249999,0.9534551690019636
2016-12-26,0.979837420325,0.9577218791616026
2016-12-27,0.978386420325,0.9559878678590797
2016-12-28,0.9731628203250001,0.9518090776128746
2016-12-29,0.973743220325,0.9506203139046466
2016-12-30,0.972236356825,0.9541705488353033
2017-01-03,0.972236356825,0.9634371347540153
2017-01-04,0.972236356825,0.9709563051866811
2017-01-05,0.972236356825,0.9708056882857986
2017-01-06,0.972236356825,0.9650050783118522
2017-01-09,0.972236356825,0.9696849832384288
2017-01-10,0.972236356825,0.9680621257674471
2017-01-11,0.972236356825,0.9612083505353687
2017-01-12,0.972236356825,0.9563449956648276
2017-01-13,0.972236356825,0.9570045679727877
2017-01-16,0.972236356825,0.9568700360921333
2017-01-17,0.972236356825,0.9588621571995368
2017-01-18,0.972236356825,0.9626121577039953
2017-01-19,0.972236356825,0.959707572026155
2017-01-20,0.972236356825,0.967087079514366
2017-01-23,0.972236356825,0.9697366974432485
2017-01-24,0.972236356825,0.9698433832136151
2017-01-25,0.972236356825,0.9731449345071592
2017-01-26,0.972236356825,0.9766203366196932
2017-02-03,0.972236356825,0.9698553172608813
2017-02-06,0.972236356825,0.9723668865125722
2017-02-07,0.972236356825,0.9701990985355079
2017-02-08,0.972236356825,0.9752733458934857
2017-02-09,0.972236356825,0.9790220780450946
2017-02-10,0.972236356825,0.9839785703714734
2017-02-13,0.972236356825,0.9905475427364285
2017-02-14,0.972236356825,0.9904118289815281
2017-02-15,0.972236356825,0.986349900154687
2017-02-16,0.972236356825,0.9918902960110706
2017-02-17,0.972236356825,0.9862717234972338
2017-02-20,0.972236356825,1.0006706127429912
2017-02-21,0.972236356825,1.0039655628364774
2017-02-22,0.972236356825,1.0059642851439385
2017-02-23,0.972236356825,1.001227246686731
2017-02-24,0.972236356825,1.0013794778548764
2017-02-27,0.972236356825,0.9934151155720233
2017-02-28,0.972236356825,0.9953140415711871
2017-03-01,0.972236356825,0.9969361783871407
2017-03-02,0.9669299839500001,0.9902077683037585
2017-03-03,0.96327308395,0.9881226250453219
2017-03-06,0.96805518395,0.993490409609364
2017-03-07,0.9694616839500001,0.9956444474884911
2017-03-08,0.97058688395,0.9941382208272647
2017-03-09,0.96186658395,0.9878577122569756
2017-03-10,0.9627104839500001,0.9881309269912462
2017-03-13,0.9731185839500002,0.9968382846081172
2017-03-14,0.9708681839500001,0.996433391787104
2017-03-15,0.97255598395,0.998436870417751
2017-03-16,0.9784528852000002,1.0035860947248572
2017-03-17,0.9674816635000001,0.9932947085299207
2017-03-20,0.9680442635,0.9943922661377865
2017-03-21,0.9747954635000001,0.9992161002865843
2017-03-22,0.9697320635000001,0.9945184095939131
2017-03-23,0.972542801,0.9979567988642015
2017-03-24,0.9818222145500002,1.0059190280081711
2017-03-27,0.9773214273250002,1.0025863732436124
2017-03-28,0.9759149273250001,1.000214207500566
2017-03-29,0.9739458273250002,0.9988835900565979
2017-03-30,0.964662927325,0.9906867732878663
2017-03-31,0.9716954273250001,0.9962466268300098
2017-04-05,0.9876675135750002,1.0100393010660909
2017-04-06,0.9865439977000001,1.0129662270498037
2017-04-07,0.988512159075,1.0139510742112676
2017-04-10,0.98598211945,1.0103984755321187
2017-04-11,0.98851384425,1.0139120435349431
2017-04-12,0.9848569442499999,1.0116378580495236
2017-04-13,0.98851384425,1.0131159215122503
2017-04-14,0.9803561442500001,1.0050267994309245
2017-04-17,0.9769805442499999,1.003134993503439
2017-04-18,0.97473014425,0.9981772328242108
2017-04-19,0.9671350442500001,0.99331517513272
2017-04-20,0.9724797442499999,0.9978328173731593
2017-04-21,0.97332277925,0.9993428490929346
2017-04-24,0.9629163067000001,0.9891015340093537
2017-04-25,0.96600646295,0.9919021724059344
2017-04-26,0.9682564337000001,0.9931154383851193
2017-04-27,0.9688190337,0.9935584970964232
2017-04-28,0.9651621337000001,0.9915501180115848
2017-05-02,0.9637556337000002,0.9877518624464415
2017-05-03,0.9589735337,0.9838751996142362
2017-05-04,0.9553166337,0.9813552707642188
2017-05-05,0.9491280337000001,0.9750607238339816
2017-05-08,0.9409703337,0.9682180466893366
2017-05-09,0.9383894062000001,0.9664077324324338
2017-05-10,0.9383894062000001,0.9621323167600548
2017-05-11,0.9383894062000001,0.9675934982157446
2017-05-12,0.9383894062000001,0.9758760729328255
2017-05-15,0.9383894062000001,0.9798584126183582
2017-05-16,0.9383894062000001,0.9883492854647743
2017-05-17,0.9383894062000001,0.9829635421774309
2017-05-18,0.9383894062000001,0.979546801384188
2017-05-19,0.9383894062000001,0.9812004164117709
2017-05-22,0.9383894062000001,0.9833305285439637
2017-05-23,0.9383894062000001,0.9870650493784177
2017-05-24,0.9383894062000001,0.9870572374779126
2017-05-25,0.9383894062000001,1.0047828144645956
2017-05-26,0.9383894062000001,1.003277049022587
2017-05-31,0.9383894062000001,1.0068659110627523
2017-06-01,0.9383894062000001,1.0082650483867963
2017-06-02,0.9383894062000001,1.0050276353907572
2017-06-05,0.9383894062000001,0.9999099469476829
2017-06-06,0.9383894062000001,1.0068650751029196
2017-06-07,0.9383894062000001,1.0186809925967972
2017-06-08,0.9383894062000001,1.0264948532835723
2017-06-09,0.9383894062000001,1.0308740432800043
2017-06-12,0.9381549162000001,1.0303606774641545
2017-06-13,0.9399889162000001,1.032631605588847
2017-06-14,0.9305569162000001,1.0190923136606616
2017-06-15,0.9274129162000001,1.0172168521892144
2017-06-16,0.9258409162000001,1.0143251518232774
2017-06-19,0.9363209162000001,1.0243867067166375
2017-06-20,0.9334398692000001,1.0223194933553013
2017-06-21,0.9451856473250001,1.0342711246040792
2017-06-22,0.946243407325,1.0349593501559584
2017-06-23,0.955413407325,1.0443395689595083
2017-06-26,0.967203407325,1.0573715485740802
2017-06-27,0.9677274073250001,1.059280794353247
2017-06-28,0.961177407325,1.0510513174986398
2017-06-29,0.966941407325,1.0575837094143663
2017-06-30,0.965369407325,1.0569984798791099
2017-07-03,0.961177407325,1.052400297232725
2017-07-04,0.953317407325,1.0435038973888708
2017-07-05,0.9656314073250001,1.0549465732305714
2017-07-06,0.964845407325,1.0550668361416682
2017-07-07,0.964321407325,1.0538655330359505
2017-07-10,0.965369407325,1.053219105475704
2017-07-11,0.9732294073250001,1.0581546699800655
2017-07-12,0.9674654073250001,1.0546998497751354
2017-07-13,0.977421407325,1.0627991186792571
2017-07-14,0.983971407325,1.0674613243183424
2017-07-17,0.970609407325,1.0560644533102308
2017-07-18,0.9711334073250001,1.0571088842294216
2017-07-19,0.991307407325,1.0751442563996039
2017-07-20,0.996023407325,1.0803726662812028
2017-07-21,0.991045407325,1.0748130433486682
2017-07-24,0.996023407325,1.0790997877180897
2017-07-25,0.9884254073250001,1.0722075583337094
2017-07-26,0.982923407325,1.0681227126769732
2017-07-27,0.985805407325,1.0700847104042004
2017-07-28,0.989473407325,1.0728799006487681
2017-07-31,0.993141407325,1.0774868464602951
2017-08-01,1.001001407325,1.0868581291414963
2017-08-02,1.001001407325,1.0841109056956018
2017-08-03,0.991045407325,1.074590735685586
2017-08-04,0.985019407325,1.0687543523960423
2017-08-07,0.991045407325,1.0742933645947719
2017-08-08,0.991307407325,1.0758551969979702
2017-08-09,0.990521407325,1.0755182475330103
2017-08-10,0.9884254073250001,1.0711588034843498
2017-08-11,0.9695614073250001,1.0513925332413663
2017-08-14,0.981613407325,1.0650367813678505
2017-08-15,0.9842334073250001,1.068315329352896
2017-08-16,0.9826614073250001,1.066978975494904
2017-08-17,0.990251098825,1.072702792469051
2017-08-18,0.9907784163000001,1.0736822491309044
2017-08-21,0.9949639730500002,1.078386483371231
2017-08-22,0.9965360036500001,1.081644968320293
2017-08-23,0.9991560036500001,1.0827375966477664
2017-08-24,0.9939160036500001,1.0765565096451604
2017-08-25,1.0112080036500002,1.0941717975863359
2017-08-28,1.0227314209,1.107707860979995
2017-08-29,1.0206362209000002,1.105351520821367
2017-08-30,1.01958822355,1.1052831738984974
2017-08-31,1.0177542235500001,1.10176415774366
2017-09-01,1.01906422355,1.1041986745597416
2017-09-04,1.02273222355,1.1085450891654935
2017-09-05,1.02640022355,1.1118399527803764
2017-09-06,1.02325622355,1.109650170411853
2017-09-07,1.01880373505,1.1040064037982324
2017-09-08,1.01775613505,1.1028874283229302
2017-09-11,1.019326948925,1.1027882085386551
2017-09-12,1.0219429989250002,1.1063306027426054
2017-09-13,1.022727211175,1.107677362859204
2017-09-14,1.0193213136500001,1.1040306466333791
2017-09-15,1.0208933136500002,1.1044172348166776
2017-09-18,1.0248233136500002,1.1078320730806464
2017-09-19,1.0182733136500002,1.104653494361105
2017-09-20,1.0229893136500001,1.1076281277076812
2017-09-21,1.02325131365,1.1062970202182938
2017-09-22,1.02036931365,1.106271883770912
2017-09-25,1.01617731365,1.1005242563546351
2017-09-26,1.01670131365,1.1013861885944982
2017-09-27,1.0174873136500002,1.1015067974200088
2017-09-28,1.0190593136500001,1.101892664948279
2017-09-29,1.0224653136500002,1.1059175809328745
2017-10-09,1.03331547115,1.1190929708980475
2017-10-10,1.0346345386500002,1.1212999336824416
2017-10-11,1.0385645386500002,1.1249963462790071
2017-10-12,1.0430185386500002,1.1279558746961933
2017-10-13,1.04511453865,1.1302758361890008
2017-10-16,1.04144653865,1.1280978725629391
2017-10-17,1.04092253865,1.1279890824798904
2017-10-18,1.0472105386500001,1.136952243805552
2017-10-19,1.04432853865,1.1332298876279732
2017-10-20,1.0438045386500001,1.131962255433465
2017-10-23,1.0469472402750002,1.133099766156091
2017-10-24,1.053760040625,1.1413432525444456
2017-10-25,1.057166040625,1.1464033174114694
2017-10-26,1.064764040625,1.1511960192630513
2017-10-27,1.0700040406250002,1.1593804695914998
2017-10-30,1.065289629875,1.1558504706540336
2017-10-31,1.064504828575,1.154984560398415
2017-11-01,1.060836828575,1.152074324785154
2017-11-02,1.0626708285750002,1.1522219725873204
2017-11-03,1.0597888285750001,1.1509431270005743
2017-11-06,1.0692208285750002,1.1590697231433633
2017-11-07,1.0797008285750003,1.1686852502267036
2017-11-08,1.0773428285750002,1.1668862646668432
2017-11-09,1.0854648285750002,1.174927074035082
2017-11-10,1.0951588285750002,1.1853077926273068
2017-11-13,1.097516828575,1.189966712079464
2017-11-14,1.0891328285750002,1.181687164113501
2017-11-15,1.0812728285750002,1.1742841920975737
2017-11-16,1.0914908285750002,1.1833190730116363
2017-11-17,1.0928008285750002,1.1878847397031511
2017-11-20,1.101446828575,1.194509750203095
2017-11-21,1.1231928285750001,1.2158031172769201
2017-11-22,1.1229308285750002,1.218646850844184
2017-11-23,1.0872988285750003,1.1825650948949893
2017-11-24,1.0883468285750002,1.1830859266969307
2017-11-27,1.0707928285750001,1.1674460118403045
2017-11-28,1.075770828575,1.1691398394184578
2017-11-29,1.07472311495,1.1685429640979466
2017-11-30,1.062409412525,1.1548062415182505
2017-12-01,1.063195412525,1.1525108687750034
2017-12-04,1.067649412525,1.158483830605481
2017-12-05,1.074199412525,1.1646276453300315
2017-12-06,1.066077412525,1.157608667139301
2017-12-07,1.0540254125250001,1.1447048488149347
2017-12-08,1.064243412525,1.154022140021427
2017-12-11,1.081797412525,1.1730821683368278
2017-12-12,1.064767412525,1.1576649358838986
2017-12-13,1.072365412525,1.1674878674843392
2017-12-14,1.0689594125250002,1.1605865578466044
2017-12-15,1.054811412525,1.147529499437053
2017-12-18,1.0550731090249998,1.1488081144141902
2017-12-19,1.068953809025,1.1632321689335303
2017-12-20,1.066596007125,1.1618370961038447
2017-12-21,1.079696007125,1.1726061901038383
2017-12-22,1.074718007125,1.1687866896284653
2017-12-25,1.0697416941250002,1.1650224778068519
2017-12-26,1.0728844941250002,1.1685053459054773
2017-12-27,1.0550752941250001,1.150513501298995
2017-12-28,1.06476189025,1.1584954475645346
2017-12-29,1.06421669175,1.1619423405641551
2018-01-02,1.06421669175,1.1782424907313673
2018-01-03,1.06421669175,1.1851582711220672
2018-01-04,1.06421669175,1.190179622400979
2018-01-05,1.06421669175,1.1930445432260703
2018-01-08,1.0685245760999997,1.199215944625098
2018-01-09,1.0771639760999998,1.2076153807615433
2018-01-10,1.0817377761,1.212952696030995
2018-01-11,1.0802131760999998,1.2123107653581242
2018-01-12,1.0860574760999997,1.2179072858280997
2018-01-15,1.0840246760999999,1.2179759786653825
2018-01-16,1.0949509760999998,1.2275559918689356
2018-01-17,1.0916476760999998,1.2245705775231386
2018-01-18,1.09875700085,1.2312871976902602
2018-01-19,1.1018046927249998,1.2353165817360303
2018-01-22,1.1157813846749998,1.2500762885412793
2018-01-23,1.115273184675,1.2633408091203333
2018-01-24,1.116035484675,1.2654371657710077
2018-01-25,1.108920684675,1.2582865671459367
2018-01-26,1.1145108846749998,1.262962234620948
2018-01-29,1.0934643378,1.2401083899753773
2018-01-30,1.0822884012999998,1.2268725514664436
2018-01-31,1.0855917012999996,1.2325791303723175
2018-02-01,1.0779687012999997,1.223931039424961
2018-02-02,1.0845753013,1.2312340998277864
2018-02-05,1.0835589012999998,1.2320740376761905
2018-02-06,1.0530669012999998,1.1959661075363737
2018-02-07,1.0286592762999998,1.167604469467893
2018-02-08,1.0202813412999996,1.1565207951350134
2018-02-09,0.9732358412999997,1.1071142718464122
2018-02-12,0.9871969437999998,1.1213693760009538
2018-02-13,0.9990968201749998,1.134493311197117
2018-02-14,1.0079511408249997,1.1435242717478264
2018-02-22,1.0286505908249999,1.1682490233250664
2018-02-23,1.0342076543749996,1.1735402743251195
2018-02-26,1.0473647951249998,1.187183628839369
2018-02-27,1.0323847535249997,1.1700499114142011
2018-02-28,1.0227352740249995,1.159862991372145
2018-03-01,1.0227352740249995,1.1671977605962087
2018-03-02,1.0227352740249995,1.1577931260003052
2018-03-05,1.0227352740249995,1.1582647226507237
2018-03-06,1.0227352740249995,1.172236119333785
2018-03-07,1.0227352740249995,1.1636138854888385
2018-03-08,1.0227352740249995,1.1754172059328243
2018-03-09,1.0227352740249995,1.1844297465410143
2018-03-12,1.0227352740249995,1.1898493606146805
2018-03-13,1.0227352740249995,1.1793529048249352
2018-03-14,1.0227352740249995,1.174190535770116
2018-03-15,1.0227352740249995,1.1807680983430064
2018-03-16,1.0227352740249995,1.1693125371894026
2018-03-19,1.0227352740249995,1.1744508940186842
2018-03-20,1.0227352740249995,1.175447185181995
2018-03-21,1.0227352740249995,1.1706464984727014
2018-03-22,1.0227352740249995,1.1589138887000772
2018-03-23,1.0227352740249995,1.1256445610637236
2018-03-26,1.0227352740249995,1.118425759646789
2018-03-27,1.0227352740249995,1.1280467637083431
2018-03-28,1.0227352740249995,1.1077088987232355
2018-03-29,1.0227352740249995,1.1225066272877697
2018-03-30,1.0227352740249995,1.1237887878876454
2018-04-02,1.0227352740249995,1.1204510597116883
2018-04-03,1.0227352740249995,1.1134061379399447
2018-04-04,1.0227352740249995,1.1112104173739896
2018-04-09,1.0227352740249995,1.110653120427624
2018-04-10,1.0227352740249995,1.1320547587128778
2018-04-11,1.0227352740249995,1.135274789509638
2018-04-12,1.0227352740249995,1.1238284815665955
2018-04-13,1.0227352740249995,1.115903841788894
2018-04-16,1.0227352740249995,1.0979505089871158
2018-04-17,1.0227352740249995,1.080590851797524
2018-04-18,1.0227352740249995,1.0856760242857284
2018-04-19,1.0227352740249995,1.0988095297806653
2018-04-20,1.0227352740249995,1.084111424567222
2018-04-23,1.0227352740249995,1.0856886213356205
2018-04-24,1.0227352740249995,1.1079317540841394
2018-04-25,1.0227352740249995,1.1036691948974626
2018-04-26,1.0227352740249995,1.0825662825344755
2018-04-27,1.0227352740249995,1.082964775938839
2018-05-02,1.0227352740249995,1.0849161944502528
2018-05-03,1.0227352740249995,1.0933778375287275
2018-05-04,1.0227352740249995,1.0880732399975532
2018-05-07,1.0227352740249995,1.1052506579436274
2018-05-08,1.0227352740249995,1.1180751465624956
2018-05-09,1.0227352740249995,1.1160395843699955
2018-05-10,1.0227352740249995,1.122220296631987
2018-05-11,1.0227352740249995,1.1163921576359654
2018-05-14,1.0227352740249995,1.1269007492563847
2018-05-15,1.0227352740249995,1.1311682377234542
2018-05-16,1.0227352740249995,1.122159098606997
2018-05-17,1.0227352740249995,1.1138590263858326
2018-05-18,1.0227352740249995,1.1251049922310505
2018-05-21,1.0227352740249995,1.1303451343765074
2018-05-22,1.0227352740249995,1.1260114032992508
2018-05-23,1.0227352740249995,1.1111297040108372
2018-05-24,1.0227352740249995,1.1032412699417498
2018-05-25,1.0227352740249995,1.1001513894430726
2018-05-28,1.0227352740249995,1.104983208449582
2018-05-29,1.0227352740249995,1.0965513716630717
2018-05-30,1.0227352740249995,1.0733068166874418
2018-05-31,1.0227352740249995,1.0960805244938825
2018-06-01,1.0227352740249995,1.086917597594419
2018-06-04,1.0227352740249995,1.09758012112885
2018-06-05,1.0227352740249995,1.1084586393883171
2018-06-06,1.0227352740249995,1.106162545990042
2018-06-07,1.0227352740249995,1.1043354548840838
2018-06-08,1.0227352740249995,1.0895196811176446
2018-06-11,1.0227352740249995,1.0896251561875643
2018-06-12,1.0227352740249995,1.1028770220643238
2018-06-13,1.0227352740249995,1.0920342482942527
2018-06-14,1.0227352740249995,1.0877179282424763
2018-06-15,1.0227352740249995,1.0819723763126803
2018-06-19,1.0227352740249995,1.0438303541166207
2018-06-20,1.0227352740249995,1.0479602839519175
2018-06-21,1.0227352740249995,1.0357153172804832
2018-06-22,1.0227352740249995,1.040310098435135
2018-06-25,1.0227352740249995,1.0263504628421332
2018-06-26,1.0227352740249995,1.0178852164885177
2018-06-27,1.0227352740249995,0.997173850415423
2018-06-28,1.0227352740249995,0.9868723462238916
2018-06-29,1.0227352740249995,1.0120834534665264
2018-07-02,1.0227352740249995,0.9823864992832941
2018-07-03,1.0227352740249995,0.9827659385687133
2018-07-04,1.0227352740249995,0.9696405620624938
2018-07-05,1.0227352740249995,0.9634978715597874
2018-07-06,1.0227352740249995,0.9700370376327785
2018-07-09,1.0227352740249995,0.9971512506737403
2018-07-10,1.0227352740249995,0.9995529920991417
2018-07-11,1.0227352740249995,0.9822613647442069
2018-07-12,1.0227352740249995,1.0034561750363828
2018-07-13,1.0227352740249995,1.006809757622959
2018-07-16,1.0227352740249995,1.0008704647953965
2018-07-17,1.0227352740249995,0.9943244380865375
2018-07-18,1.0227352740249995,0.9891199827780743
2018-07-19,1.0227352740249995,0.9882610484631281
2018-07-20,1.0227352740249995,1.0068685918994569
2018-07-23,1.0227352740249995,1.0163398726723636
2018-07-24,1.0227352740249995,1.0324696888171232
2018-07-25,1.0227352740249995,1.0313300449556135
2018-07-26,1.0227352740249995,1.0193652689591222
2018-07-27,1.0227352740249995,1.015035948290638
2018-07-30,1.0227352740249995,1.013263857576428
2018-07-31,1.0227352740249995,1.0140068240842448
2018-08-01,1.0227352740249995,0.9937510561199436
2018-08-02,1.0227352740249995,0.9717191041208726
2018-08-03,1.0227352740249995,0.955670404906081
2018-08-06,1.0227352740249995,0.9435602007249098
2018-08-07,1.0227352740249995,0.9711170977365609
2018-08-08,1.0227352740249995,0.9554465982805401
2018-08-09,1.0227352740249995,0.9793787734578255
2018-08-10,1.0227352740249995,0.9815376541387419
2018-08-13,1.0227352740249995,0.9773074091235271
2018-08-14,1.0227352740249995,0.9722828869624914
2018-08-15,1.0227352740249995,0.948951622773875
2018-08-16,1.0227352740249995,0.9445560883214048
2018-08-17,1.0227352740249995,0.9309766991474535
2018-08-20,1.0227352740249995,0.9418239986311013
2018-08-21,1.0227352740249995,0.958946502664031
2018-08-22,1.0227352740249995,0.9535576173207647
2018-08-23,1.0227352740249995,0.9570372857110654
2018-08-24,1.0227352740249995,0.9585676687288354
2018-08-27,1.0227352740249995,0.9819857286090418
2018-08-28,1.0227352740249995,0.9801399869509553
2018-08-29,1.0227352740249995,0.9762205172100781
2018-08-30,1.0227352740249995,0.9659931540078421
2018-08-31,1.0227352740249995,0.9612107142838611
2018-09-03,1.0227352740249995,0.95755589789552
2018-09-04,1.0227352740249995,0.969684118452395
2018-09-05,1.0227352740249995,0.9507288157256842
2018-09-06,1.0227352740249995,0.940564581903914
2018-09-07,1.0227352740249995,0.9448201939761195
2018-09-10,1.0227352740249995,0.9311059270071006
2018-09-11,1.0227352740249995,0.9294177205381667
2018-09-12,1.0227352740249995,0.9230221089467823
2018-09-13,1.0227352740249995,0.9329790823824579
2018-09-14,1.0227352740249995,0.9345714417326484
2018-09-17,1.0227352740249995,0.9238573769506041
2018-09-18,1.0227352740249995,0.9424530151658679
2018-09-19,1.0227352740249995,0.9548628100553399
2018-09-20,1.0227352740249995,0.9541835206258098
2018-09-21,1.0227352740249995,0.9831134384232851
2018-09-25,1.0227352740249995,0.9742691851772675
2018-09-26,1.0227352740249995,0.9850608500927425
2018-09-27,1.0227352740249995,0.9811257565508551
2018-09-28,1.0227352740249995,0.9912941125193863
2018-10-08,1.0227352740249995,0.9486411069353475
2018-10-09,1.0227352740249995,0.9480045667620871
2018-10-10,1.0227352740249995,0.9459599819686346
2018-10-11,1.0227352740249995,0.9005633562138421
2018-10-12,1.0227352740249995,0.913999911561215
2018-10-15,1.0227352740249995,0.9012372263175605
2018-10-16,1.0227352740249995,0.8938929444471253
2018-10-17,1.0227352740249995,0.8988719500365833
2018-10-18,1.0227352740249995,0.8775825033261111
2018-10-19,1.0227352740249995,0.903685695014987
2018-10-22,1.0227352740249995,0.9426955299959395
2018-10-23,1.0227352740249995,0.9176606949731889
2018-10-24,1.0227352740249995,0.9190374631651594
2018-10-25,1.0227352740249995,0.9207977639631091
2018-10-26,1.0227352740249995,0.914838408099563
2018-10-29,1.0227352740249995,0.8869501827321715
2018-10-30,1.0227352740249995,0.8965699472670772
2018-10-31,1.0227352740249995,0.9091274764373191
2018-11-01,1.0227352740249995,0.9158181530234274
2018-11-02,1.0227352740249995,0.9484527853633925
2018-11-05,1.0227352740249995,0.9405514083299995
2018-11-06,1.0227352740249995,0.9348770571169843
2018-11-07,1.0227352740249995,0.9287542855192559
2018-11-08,1.0227352740249995,0.926120608479596
2018-11-09,1.0227352740249995,0.9130538356402653
2018-11-12,1.0227352740249995,0.9239203045476617
2018-11-13,1.0227352740249995,0.9332143330098457
2018-11-14,1.0227352740249995,0.9238632286694327
2018-11-15,1.0227352740249995,0.9346525298364153
2018-11-16,1.0227352740249995,0.9390635151326889
2018-11-19,1.0227352740249995,0.9497089159036515
2018-11-20,1.0227352740249995,0.9277446478248238
2018-11-21,1.0227352740249995,0.9300750155762376
2018-11-22,1.0227352740249995,0.9265972785414126
2018-11-23,1.0227352740249995,0.9061444834924164
2018-11-26,1.0227352740249995,0.9055011403356902
2018-11-27,1.0227352740249995,0.9043474869404337
2018-11-28,1.0227352740249995,0.9163655049304046
2018-11-29,1.0227352740249995,0.9044665103248821
2018-11-30,1.0227352740249995,0.9145660004989239
2018-12-03,1.0227352740249995,0.9400080632649789
2018-12-04,1.0227352740249995,0.9419565126776767
2018-12-05,1.0227352740249995,0.9374292424860615
2018-12-06,1.0227352740249995,0.9171554581460566
2018-12-07,1.0227352740249995,0.9171242105440363
2018-12-10,1.0227352740249995,0.906515736136716
2018-12-11,1.0227352740249995,0.9108548577135829
2018-12-12,1.0227352740249995,0.9139661849058976
2018-12-13,1.0227352740249995,0.9281150068568884
2018-12-14,1.0227352740249995,0.912611843498403
2018-12-17,1.0227352740249995,0.9112528898987283
2018-12-18,1.0227352740249995,0.9018065149635944
2018-12-19,1.0227352740249995,0.8910540536816507
2018-12-20,1.0227352740249995,0.8842197649615334
2018-12-21,1.0227352740249995,0.8732595244218747
2018-12-24,1.0227352740249995,0.875797094906981
2018-12-25,1.0227352740249995,0.8697676337222967
2018-12-26,1.0227352740249995,0.865371983965022
2018-12-27,1.0227352740249995,0.8620491877612483
2018-12-28,1.0227352740249995,0.8678570619378783
2019-01-02,1.0227352740249995,0.8560042180803583
2019-01-03,1.0227352740249995,0.854651346809121
2019-01-04,1.0227352740249995,0.8751271739928168
2019-01-07,1.0227352740249995,0.8804395257720938
2019-01-08,1.0227352740249995,0.8785371406287951
2019-01-09,1.0227352740249995,0.8874076545440384
2019-01-10,1.0227352740249995,0.8857387616298588
2019-01-11,1.0227352740249995,0.8921069883301737
2019-01-14,1.0227352740249995,0.884325730076872
2019-01-15,1.0227352740249995,0.9016808039004848
2019-01-16,1.0227352740249995,0.9018714315685298
2019-01-17,1.0227352740249995,0.896903264630695
2019-01-18,1.0227352740249995,0.9132641804298804
2019-01-21,1.0227352740249995,0.9182979558014776
2019-01-22,1.0227352740249995,0.9060989092684366
2019-01-23,1.0227352740249995,0.905446312901149
2019-01-24,1.0227352740249995,0.9105567659677408
2019-01-25,1.0227352740249995,0.9179616116867414
2019-01-28,1.0227352740249995,0.9177621632011519
2019-01-29,1.0227352740249995,0.920700158446097
2019-01-30,1.0227352740249995,0.9133532533913593
2019-01-31,1.0227352740249995,0.9229091967169724
2019-02-01,1.0227352740249995,0.9361012194001948
2019-02-11,1.0227352740249995,0.9531304130200801
2019-02-12,1.0227352740249995,0.9600091517423335
2019-02-13,1.0227352740249995,0.9792340082757717
2019-02-14,1.0227352740249995,0.9807078054607317
2019-02-15,1.0103836704249998,0.9624217318193581
2019-02-18,1.0395659832999997,0.9932773263306419
2019-02-19,1.0368412497999995,0.9915082623675501
2019-02-20,1.0395565497999997,0.995059506215246
2019-02-21,1.0383468199249997,0.9924012404260257
2019-02-22,1.0661588341999997,1.0147163521987559
2019-02-25,1.1405538441999996,1.0750682993596374
2019-02-26,1.1150016129999996,1.062157159180185
2019-02-27,1.1089596129999997,1.0603407049424425
2019-02-28,1.1068449129999998,1.0577400627292728
2019-03-01,1.1293919267499997,1.0809001857618052
2019-03-04,1.1410872417499995,1.0936960499629553
2019-03-05,1.150759583,1.1000116400200146
2019-03-06,1.1586141829999996,1.1092582493813463
2019-03-07,1.1459259829999997,1.097946675102366
2019-03-08,1.1060487829999999,1.0543410788759233
2019-03-11,1.1208516829999997,1.0752042148979457
2019-03-12,1.1284005034999995,1.0825252916764747
2019-03-13,1.1217534279499997,1.0735436815820927
2019-03-14,1.1135988500749998,1.066132955318062
2019-03-15,1.1283668540749996,1.079542673472187
2019-03-18,1.1630955002749996,1.1103125965137246
2019-03-19,1.1546395002749996,1.1051857701648933
2019-03-20,1.1546398048249995,1.1056115619817228
2019-03-21,1.1552431700749997,1.1060300031172652
2019-03-22,1.1567536833499998,1.1051392735024774
2019-03-25,1.1280541833499995,1.0789143199400462
2019-03-26,1.1163254298499998,1.0666959310260495
2019-03-27,1.1259574298499997,1.0790764961475798
2019-03-28,1.1229497084999995,1.0747547279437908
2019-03-29,1.1687797147499996,1.116248862590169
2019-04-01,1.1988258869999997,1.145532477875458
2019-04-02,1.1967084985999998,1.1447706590321047
2019-04-03,1.2127187015999996,1.1594349511116275
2019-04-04,1.2268806745999998,1.170986849429394
2019-04-08,1.2191518540999997,1.1695448763704768
2019-04-09,1.2263748309999993,1.1747916773683937
2019-04-10,1.2281936267999998,1.1777944739134698
2019-04-11,1.2070536267999998,1.1523498167893134
2019-04-12,1.2028256267999997,1.1497667009064283
2019-04-15,1.1956443792999998,1.1459926593502308
2019-04-16,1.2319792505999996,1.1777777835430179
2019-04-17,1.2289582505999996,1.1781959652427503
2019-04-18,1.2268435505999995,1.1738246159730246
2019-04-19,1.2449633427249998,1.1878146920344153
2019-04-22,1.2138469397249998,1.160430694577117
2019-04-23,1.2117322397249994,1.1585265510355494
2019-04-24,1.2135438278499997,1.161721474211129
2019-04-25,1.1884770278499996,1.1362758081699333
2019-04-26,1.1721636278499996,1.1211301761840118
2019-04-29,1.1766886118499997,1.1243180945927178
2019-04-30,1.1772958286499995,1.1280300733378912
2019-05-06,1.1099275286499997,1.0621350494839215
2019-05-07,1.1201729576499995,1.0725273562089994
2019-05-08,1.1057261519749997,1.0571886463279367
2019-05-09,1.0900169519749996,1.0376567907525085
2019-05-10,1.1239572557249995,1.0753473946389376
2019-05-13,1.1034894289749997,1.0575541913844133
2019-05-14,1.0980516289749995,1.050758356816598
2019-05-15,1.1214953584749996,1.0743791225431212
2019-05-16,1.1269421196249996,1.0792424485874612
2019-05-17,1.1015657196249995,1.051799155634447
2019-05-20,1.0894817196249995,1.042872113538796
2019-05-21,1.0878182814999995,1.0569922822458677
2019-05-22,1.0878182814999995,1.0519775033408125
2019-05-23,1.0878182814999995,1.0331208438743542
2019-05-24,1.0878182814999995,1.035988849102966
2019-05-27,1.0878182814999995,1.0484657513886588
2019-05-28,1.0878182814999995,1.0585731975942112
2019-05-29,1.0878182814999995,1.0561657774071882
2019-05-30,1.0878182814999995,1.0496148214179366
2019-05-31,1.0878182814999995,1.0463303640616601
2019-06-03,1.0878182814999995,1.0469712858174918
2019-06-04,1.0878182814999995,1.0373012195616216
2019-06-05,1.0878182814999995,1.0369087220070923
2019-06-06,1.0878182814999995,1.027561192115619
2019-06-10,1.0878182814999995,1.0408401834476377
2019-06-11,1.0878182814999995,1.0721259513583223
2019-06-12,1.0878182814999995,1.0640026702286627
2019-06-13,1.0878182814999995,1.0623588849356635
2019-06-14,1.0878182814999995,1.0535630308813362
2019-06-17,1.0878182814999995,1.053547147644516
2019-06-18,1.0878182814999995,1.0572350853379506
2019-06-19,1.0878182814999995,1.0711637904171445
2019-06-20,1.0878182814999995,1.103616385297
2019-06-21,1.0878182814999995,1.1051787653980196
2019-06-24,1.0878182814999995,1.1072910341117157
2019-06-25,1.0878182814999995,1.09577320836368
2019-06-26,1.0878182814999995,1.093761485439511
2019-06-27,1.0878182814999995,1.1054321188797145
2019-06-28,1.0878182814999995,1.1027714893420022
2019-07-01,1.0878182814999995,1.1345449677495343
2019-07-02,1.0878182814999995,1.1349362834298176
2019-07-03,1.0878182814999995,1.1223579705685638
2019-07-04,1.0878182814999995,1.116468143502133
2019-07-05,1.0878182814999995,1.1222623828856306
2019-07-08,1.0674872375499997,1.096199807314141
2019-07-09,1.06498259905,1.0934151962853864
2019-07-10,1.0652645021749996,1.0915730002500383
2019-07-11,1.0655441426749996,1.0911354185169484
2019-07-12,1.0741827874249996,1.097912487227831
2019-07-15,1.0780831874249996,1.1023680666572462
2019-07-16,1.0736255874249996,1.0973687674221957
2019-07-17,1.0719539874249995,1.0967327172943542
2019-07-18,1.0649889874249994,1.0862871109233947
2019-07-19,1.0761121134249996,1.0976887959070945
2019-07-22,1.0677535341249995,1.090115605173519
2019-07-23,1.0702589751249998,1.0924880880047778
2019-07-24,1.0788756846249996,1.1011125991196131
2019-07-25,1.0886267104249994,1.1101161747792532
2019-07-26,1.0900197104249996,1.112278802866316
2019-07-29,1.0883481104249997,1.1110397374371235
2019-07-30,1.0933591329249999,1.1156655355841867
2019-07-31,1.0855607373749996,1.1055882704112132
2019-08-01,1.0755311373749996,1.0963957390031933
2019-08-02,1.0590937373749998,1.0802439861193769
2019-08-05,1.0407061373749995,1.0595613309426035
2019-08-06,1.0298407373749996,1.0482154823104846
2019-08-07,1.0231713586249997,1.0439209836929604
2019-08-08,1.0381452766249997,1.0577179530330092
2019-08-09,1.0300851222999996,1.0474085504623694
2019-08-12,1.0464729368999997,1.06631136067683
2019-08-13,1.0375801914999996,1.0566969001629314
2019-08-14,1.0415673443749995,1.0614964626503811
2019-08-15,1.0459347083749997,1.0648400425451667
2019-08-16,1.0503923083749998,1.0696073196873555
2019-08-19,1.0753348133749994,1.0928285542662748
2019-08-20,1.0708912878749997,1.0918593597320223
2019-08-21,1.0706126878749995,1.0901371383457599
2019-08-22,1.0728397988749996,1.093523698106424
2019-08-23,1.0803550135749997,1.1014098837318238
2019-08-26,1.0639910095749996,1.085568934948546
2019-08-27,1.0639910095749996,1.1002805019979152
2019-08-28,1.0639910095749996,1.09614062712323
2019-08-29,1.0639910095749996,1.0925668411862535
2019-08-30,1.0639910095749996,1.0952763887872765
2019-09-02,1.0639910095749996,1.1093244055129303
2019-09-03,1.0639910095749996,1.1108495421620954
2019-09-04,1.0639910095749996,1.1201865216639566
2019-09-05,1.0639910095749996,1.131521502818251
2019-09-06,1.0674407451249996,1.138204713418268
2019-09-09,1.0716972431249996,1.1452500964092296
2019-09-10,1.0687812286749996,1.1413056920043785
2019-09-11,1.0611097954249997,1.1328985016198307
2019-09-12,1.0719624954249998,1.1450862194558293
2019-09-16,1.068252093125,1.1408590011917328
2019-09-17,1.0488803908749995,1.1216911340579203
2019-09-18,1.0533859291249998,1.1271285915500835
2019-09-19,1.0584114291249997,1.1312503347442606
2019-09-20,1.0599974298749997,1.1344987016967274
2019-09-23,1.0507124316749996,1.1215299379412245
2019-09-24,1.0515086316749995,1.1245319561788703
2019-09-25,1.0443428316749999,1.115857546909886
2019-09-26,1.0372103890499997,1.1072543960100847
2019-09-27,1.0395918999249998,1.110573617764919
2019-09-30,1.027120108925,1.0995835709332962
2019-10-08,1.0337501404249998,1.1062570959297344
2019-10-09,1.0366711461749998,1.1078598615385316
2019-10-10,1.0441023461749996,1.1169112598658393
2019-10-11,1.0568235756749997,1.127601802467765
2019-10-14,1.0644968734249995,1.13956923047476
2019-10-15,1.0610466704999997,1.1346712841628677
2019-10-16,1.05733387,1.1307611829373563
2019-10-17,1.05892507,1.1314922730503094
2019-10-18,1.043537370225,1.1153945981198052
2019-10-21,1.0459267721749999,1.1186986861190484
2019-10-22,1.0499029981749999,1.1230344638565848
2019-10-23,1.0443311014749999,1.1158866901992242
2019-10-24,1.0456576014749999,1.1157664849405295
2019-10-25,1.0520277031499998,1.1232971858536456
2019-10-28,1.0581235181499997,1.131885289476459
2019-10-29,1.0546751186999996,1.1271696112342855
2019-10-30,1.0477759204,1.1216924888893731
2019-10-31,1.0472481478999998,1.1204029199558083
2019-11-01,1.0687475553999997,1.1393230835433465
2019-11-04,1.0721977553999997,1.1467413334458707
2019-11-05,1.0783019554,1.1538588684182505
2019-11-06,1.0737901553999998,1.1486899846419765
2019-11-07,1.0751171553999999,1.1507058873653087
2019-11-08,1.0709443753999996,1.145268055132531
2019-11-11,1.05319856955,1.125080374655289
2019-11-12,1.0518715695499998,1.125285184814288
2019-11-13,1.05107536955,1.1242165110599502
2019-11-14,1.0518715695499998,1.1259101945070982
2019-11-15,1.0468289695499997,1.1176175306196232
2019-11-18,1.0542601695499998,1.1265075022206263
2019-11-19,1.06487616955,1.1377814583071375
2019-11-20,1.0539947695499998,1.1264887651898945
2019-11-21,1.04868676955,1.1212233424660503
2019-11-22,1.0375629951749996,1.1098072443817877
2019-11-25,1.0449821972999997,1.1179394904599975
2019-11-26,1.04657221055,1.1218158073777893
2019-11-27,1.0449804195499997,1.1171936125058668
2019-11-28,1.0433880195499998,1.1133552020425554
2019-11-29,1.0319758195499997,1.1036602876013146
2019-12-02,1.0340981331749997,1.105790053819094
2019-12-03,1.0383453360249997,1.1101221706290874
2019-12-04,1.0341321110249997,1.1097565679202086
2019-12-05,1.0341321110249997,1.1182732113904312
2019-12-06,1.0341321110249997,1.1249094352826128
2019-12-09,1.0341321110249997,1.1229093293174977
2019-12-10,1.0341321110249997,1.1243326229980852
2019-12-11,1.0341321110249997,1.12501433382851
2019-12-12,1.0341321110249997,1.1216344617465068
2019-12-13,1.0341321110249997,1.1438873954034086
2019-12-16,1.0341321110249997,1.1494581452495776
2019-12-17,1.0341321110249997,1.1650972817987733
2019-12-18,1.0341321110249997,1.1624980232432578
2019-12-19,1.0341321110249997,1.160874214507639
2019-12-20,1.0341321110249997,1.1580213430346182
2019-12-23,1.0341321110249997,1.1435631294669442
2019-12-24,1.0341321110249997,1.1510181327759037
2019-12-25,1.0341321110249997,1.1504153769103627
2019-12-26,1.0341321110249997,1.1605393693553614
2019-12-27,1.0341321110249997,1.1593978229645776
2019-12-30,1.0516757240249996,1.1765798531028322
2019-12-31,1.0570937240249996,1.1808889954305282
2020-01-02,1.0707199140249997,1.1969332842365474
2020-01-03,1.0681358750249996,1.1948359186688335
2020-01-06,1.0640126624249997,1.1903189970834225
2020-01-07,1.0722529619249996,1.1992355176156626
2020-01-08,1.0616863416749995,1.1854248270038779
2020-01-09,1.0730031001749998,1.2004295853448976
2020-01-10,1.0727374589249996,1.200088052513959
2020-01-13,1.0843474433249995,1.2118501226641336
2020-01-14,1.0797034433249997,1.2077850229551685
2020-01-15,1.0714474433249996,1.2011112385229201
2020-01-16,1.0699017836999996,1.1960115952817503
2020-01-17,1.0711902836999996,1.1976862822623564
2020-01-20,1.0789212836999995,1.2066158898899075
2020-01-21,1.0593183714749996,1.1859988431468964
2020-01-22,1.0629303714749998,1.191078769266496
2020-01-23,1.0311963714749997,1.1541726416175049
2020-02-03,0.9442503714749997,1.0632134376680387
2020-02-04,0.9728883714749997,1.0912555084708386
2020-02-05,0.9824121874749997,1.1036189508289003
2020-02-06,1.0055444317249997,1.1241570137808266
2020-02-07,1.0032484642249997,1.124184168062287
2020-02-10,1.0066024642249995,1.128835535049749
2020-02-11,1.0174229097249996,1.1393453085444145
2020-02-12,1.0246481158249996,1.1485605261727203
2020-02-13,1.0192301158249997,1.1414941577073392
2020-02-14,1.0261961158249997,1.1495122808552918
2020-02-17,1.0486006245749995,1.1753664718188428
2020-02-18,1.0421536174499995,1.1696262239100539
2020-02-19,1.0400780074499996,1.1678389706140517
2020-02-20,1.0400780074499996,1.194746903359757
2020-02-21,1.0400780074499996,1.1961404195745817
2020-02-24,1.0400780074499996,1.191340424694115
2020-02-25,1.0400780074499996,1.1887505346539653
2020-02-26,1.0400780074499996,1.1740955534374062
2020-02-27,1.0400780074499996,1.177514542674337
2020-02-28,1.0400780074499996,1.1357663915436378
2020-03-02,1.0400780074499996,1.1731301639617024
2020-03-03,1.0400780074499996,1.1793840947745533
2020-03-04,1.0400780074499996,1.1862132812570712
2020-03-05,1.0400780074499996,1.212639038136545
2020-03-06,1.0283410908249997,1.1929744090787313
2020-03-09,0.9956565908249996,1.1522214537157003
2020-03-10,1.0176125908249998,1.1768963936173946
2020-03-11,1.0008960908249995,1.1612430169248427
2020-03-12,0.9851775908249996,1.1388975799885281
2020-03-13,0.9704570908249996,1.122870702207989
2020-03-16,0.9297885908249997,1.0745945983965368
2020-03-17,0.9216838234499997,1.0693604521009141
2020-03-18,0.9237539429499996,1.0481946121408694
2020-03-19,0.9237539429499996,1.0345990514680867
2020-03-20,0.9237539429499996,1.0530856689906927
2020-03-23,0.9237539429499996,1.0176530502646504
2020-03-24,0.9237539429499996,1.0449828256376312
2020-03-25,0.9237539429499996,1.0730605544512237
2020-03-26,0.9237539429499996,1.0660065235999243
2020-03-27,0.9237539429499996,1.069469501619773
2020-03-30,0.9237539429499996,1.0591065687936425
2020-03-31,0.9237539429499996,1.0625784829358402
2020-04-01,0.9237539429499996,1.0593847416345066
2020-04-02,0.9237539429499996,1.0765233018614635
2020-04-03,0.9237539429499996,1.0703797753989244
2020-04-07,0.9237539429499996,1.0948252875658584
2020-04-08,0.9237539429499996,1.0897297088190476
2020-04-09,0.9237539429499996,1.0933231830513928
2020-04-10,0.9237539429499996,1.0865108887227346
2020-04-13,0.9237539429499996,1.0819212962842855
2020-04-14,0.9237539429499996,1.1028037170348608
2020-04-15,0.9237539429499996,1.094635294074238
2020-04-16,0.9237539429499996,1.0960818793253353
2020-04-17,0.9237539429499996,1.1067782736460894
2020-04-20,0.9237539429499996,1.1108047174193447
2020-04-21,0.9237539429499996,1.0977154024907336
2020-04-22,0.9237539429499996,1.106748380875522
2020-04-23,0.9237539429499996,1.103972158271295
2020-04-24,0.9237539429499996,1.0945228142374452
2020-04-27,0.9237539429499996,1.101959080515673
2020-04-28,0.9237539429499996,1.1095627117176374
2020-04-29,0.9237539429499996,1.1147184219199968
2020-04-30,0.9237539429499996,1.127847372875156
2020-05-06,0.9237539429499996,1.134672466037114
2020-05-07,0.9237539429499996,1.131398011372628
2020-05-08,0.9237539429499996,1.1425615631088273
2020-05-11,0.9237539429499996,1.141569538223283
2020-05-12,0.9237539429499996,1.1415861132889304
2020-05-13,0.9237539429499996,1.1438965621353665
2020-05-14,0.9237539429499996,1.1314911488284658
2020-05-15,0.9237539429499996,1.1279161810172431
2020-05-18,0.9237539429499996,1.1308264166305042
2020-05-19,0.9218864654499996,1.1404364379094292
2020-05-20,0.9181456654499996,1.1343750084676967
2020-05-21,0.9120749905749996,1.1281983895262648
2020-05-22,0.8919687982249996,1.1023323798202525
2020-05-25,0.8924363982249998,1.1038487821304765
2020-05-26,0.9031574057249996,1.1163724981667977
2020-05-27,0.8989499365499997,1.108544282031862
2020-05-28,0.9001184365499997,1.1117206123077155
2020-05-29,0.9038576365499997,1.1147158852142978
2020-06-01,0.9275602660499996,1.1447865134427242
2020-06-02,0.9301291804499996,1.1483112371853843
2020-06-03,0.9299104829499998,1.148334298146285
2020-06-04,0.9303722836249997,1.1479126861286186
2020-06-05,0.9357473872999996,1.153408631982866
2020-06-08,0.9401813647999997,1.1593768086639569
2020-06-09,0.9464861599999999,1.1666048056390506
2020-06-10,0.9443831588749996,1.164493517016193
2020-06-11,0.9357362588749996,1.151861731551851
2020-06-12,0.9380732588749996,1.1539367279874913
2020-06-15,0.9247523588749995,1.1400728818608303
2020-06-16,0.9391801726249996,1.157248080189418
2020-06-17,0.9401082621249996,1.1581197556852618
2020-06-18,0.9473537617999996,1.1658423237930713
2020-06-19,0.9595061617999998,1.181502244033279
2020-06-22,0.9604409617999997,1.182464001407641
2020-06-23,0.9648812617999997,1.1881567437369744
2020-06-24,0.9732788755499995,1.193113437846761
2020-06-29,0.9648721567999996,1.1846751151649975
2020-06-30,0.9765219717999996,1.2003125509683268
2020-07-01,0.9984377484249997,1.2244746150995907
2020-07-02,1.0213408146749996,1.249859256073003
2020-07-03,1.0416115286749996,1.2740014877778925
2020-07-06,1.1170343841749995,1.3462109486408762
2020-07-07,1.1058516557749996,1.3542913652094617
2020-07-08,1.1203238438249996,1.3761640524473129
2020-07-09,1.1375954438249998,1.395410442152992
2020-07-10,1.1172896438249997,1.370147764836543
2020-07-13,1.1406296438249997,1.39892435607023
2020-07-14,1.1305934438249996,1.3855861845472996
2020-07-15,1.1171051913249999,1.3676500898137949
2020-07-16,1.0639319925749995,1.3018642307834887
2020-07-17,1.0753465788249998,1.3100645643487576
2020-07-20,1.1036402465749997,1.3491540172972196
2020-07-21,1.1064092967749997,1.3522493459479092
2020-07-22,1.1187858954749996,1.358995512971185
2020-07-23,1.1127174954749994,1.3584161928071594
2020-07-24,1.0632366954749997,1.2987906082622465
2020-07-27,1.0697652752249998,1.3053801048824032
2020-07-28,1.0778844983499998,1.316855123721767
2020-07-29,1.1087095714749995,1.3487802567734222
2020-07-30,1.1005405714749996,1.342191336677288
2020-07-31,1.1089429714749997,1.3534034605623841
2020-08-03,1.1263741939749996,1.3753876475461897
2020-08-04,1.1272878666249997,1.3766824051959572
2020-08-05,1.1277616200249998,1.3770590195136663
2020-08-06,1.1235604200249996,1.37292398744077
2020-08-07,1.1123572200249996,1.3571162752673902
2020-08-10,1.1160916200249995,1.3620004426551444
2020-08-11,1.1051263218999996,1.3495803856380717
2020-08-12,1.0976583037749996,1.3397393800095252
2020-08-13,1.0941683568999998,1.3362998376911919
2020-08-14,1.1153977880999995,1.3561657601114674
2020-08-17,1.1384264900999996,1.3880467602491988
2020-08-18,1.1367910577999996,1.3873348395599945
2020-08-19,1.1190531927749994,1.3665574903125226
2020-08-20,1.1071497927749998,1.3488224583318704
2020-08-21,1.1164616381499999,1.3602632028180954
2020-08-24,1.1234306381499994,1.3709306268067183
2020-08-25,1.1255192555499995,1.3726894862946115
2020-08-26,1.1117499122249996,1.3565985566951704
2020-08-27,1.1201451199749997,1.363867054482846
2020-08-28,1.1476872803249998,1.3964176296203283
2020-08-31,1.1377353446999996,1.3883319090307356
2020-09-01,1.1456797632499998,1.395799912956403
2020-09-02,1.1447497037499996,1.3963086089276704
2020-09-03,1.1400836139499997,1.3885855507744418
2020-09-04,1.1272466139499995,1.375072923082298
2020-09-07,1.1046068139499996,1.3460013245062892
2020-09-08,1.11020183645,1.3532141300733898
2020-09-09,1.0843108839499997,1.3215627594538264
2020-09-10,1.0852998594499996,1.3208100496900288
2020-09-11,1.0937361601999995,1.3338697889362847
2020-09-14,1.1000270764499995,1.340721229246072
2020-09-15,1.1082019001999999,1.3515114240252897
2020-09-16,1.1016667001999998,1.3425394995344857
2020-09-17,1.0948981001999998,1.3354355128766353
2020-09-18,1.1231273133249997,1.365522716170709
2020-09-21,1.1102958133249998,1.3523604997794507
2020-09-22,1.0969949951999995,1.3363137319201346
2020-09-23,1.1002610073249997,1.3410892245296442
2020-09-24,1.0822918901999998,1.3153584961855151
2020-09-25,1.0829917294499998,1.3173636179096264
2020-09-28,1.08233818645,1.320790159611252
2020-09-29,1.08233818645,1.323641301512205
2020-09-30,1.08233818645,1.322371795614624
2020-10-09,1.08233818645,1.3493951772958381
2020-10-12,1.08233818645,1.390333168043896
2020-10-13,1.08233818645,1.3949578131429143
2020-10-14,1.08233818645,1.385704919669737
2020-10-15,1.08233818645,1.3832933196835506
2020-10-16,1.08233818645,1.3812581610578663
2020-10-19,1.08233818645,1.3708265065682517
2020-10-20,1.08233818645,1.3817744959724318
2020-10-21,1.08233818645,1.3815903541996402
2020-10-22,1.08233818645,1.3773114217307239
2020-10-23,1.0717683152499997,1.3601608698040986
2020-10-26,1.0637079152499997,1.3523050958208866
2020-10-27,1.059471447375,1.3546236736560402
2020-10-28,1.059471447375,1.3655754969449705
2020-10-29,1.059471447375,1.375851461122304
2020-10-30,1.0414757878249998,1.353486364716822
2020-11-02,1.047604987825,1.360836325348879
2020-11-03,1.0587436878249998,1.377189285116554
2020-11-04,1.0668261455749999,1.387594275370127
2020-11-05,1.0833759055749999,1.4081921526893892
2020-11-06,1.083796522375,1.408366839468212
2020-11-09,1.104931642375,1.4359338833026591
2020-11-10,1.099029583375,1.4280141439791492
2020-11-11,1.088751857375,1.4138957913227486
2020-11-12,1.0880957348749998,1.4149234165666829
2020-11-13,1.0769388111,1.4000457241202258
2020-11-16,1.0885010298499997,1.413686368971569
2020-11-17,1.0865365881,1.410980857038704
2020-11-18,1.0850049880999997,1.410083093830841
2020-11-19,1.0941945881,1.4205520494247126
2020-11-20,1.0974765881,1.4249621987611536
2020-11-23,1.1101380155999998,1.4427592359004275
2020-11-24,1.10313745525,1.4338975428027287
2020-11-25,1.089607195875,1.4155682586858676
2020-11-26,1.0911391738749998,1.4181312538803668
2020-11-27,1.106673973875,1.4357653365046767
2020-11-30,1.1012166393749998,1.4298521890415352
2020-12-01,1.125504536675,1.460651947201238
2020-12-02,1.1230977366750001,1.4606653225585604
2020-12-03,1.122660136675,1.457758373132228
2020-12-04,1.125066936675,1.460311221503931
2020-12-07,1.115439736675,1.4477195909377572
2020-12-08,1.111938936675,1.4441576813956447
2020-12-09,1.0988452523,1.4247922394793155
2020-12-10,1.09666162605,1.4241656443454438
2020-12-11,1.08442674355,1.4094943474990473
2020-12-14,1.0940445195750002,1.4225255199799878
2020-12-15,1.097326269675,1.4254844718731514
2020-12-16,1.0995124146750002,1.4280116649258523
2020-12-17,1.1150471635749999,1.446348415028805
2020-12-18,1.108701963575,1.4413007742544666
2020-12-21,1.118547963575,1.4548121335937607
2020-12-22,1.101700363575,1.4311553639420316
2020-12-23,1.1106631035749999,1.443363490728427
2020-12-24,1.1106628498749997,1.4413144955262025
2020-12-25,1.1198524498749998,1.4534210099536296
2020-12-28,1.122915649875,1.4598783672678255
2020-12-29,1.1194183653749998,1.453686902832814
2020-12-30,1.133422109875,1.4740884737224098
2020-12-31,1.157239664375,1.5022165042569666
2021-01-04,1.167524968375,1.5184830142474652
2021-01-05,1.1891861683749998,1.5475360199237476
2021-01-06,1.199890644875,1.5617077875308345
2021-01-07,1.2254542076250001,1.5893777985557034
2021-01-08,1.219336207625,1.5841238774861084
2021-01-11,1.205551089725,1.5684792351324974
2021-01-12,1.240559089725,1.613215827360112
2021-01-13,1.235760937225,1.6079171680263695
2021-01-14,1.2132238314750001,1.5769247355383416
2021-01-15,1.209504231475,1.5733574643228196
2021-01-18,1.2066598314749999,1.59077981849986
2021-01-19,1.1902571417249999,1.5674314315477749
2021-01-20,1.1968212058249998,1.5786477640582357
2021-01-21,1.2173454789500002,1.604169243008392
2021-01-22,1.218003684325,1.6055548320179072
2021-01-25,1.232444484325,1.6217399368164263
2021-01-26,1.2061884843250001,1.5891791860299467
2021-01-27,1.208376484325,1.5935133783264208
2021-01-28,1.178619684325,1.5500259695245941
2021-01-29,1.170565877325,1.542768079778933
2021-02-01,1.184349207725,1.5617022240740173
2021-02-02,1.2018376527249999,1.5857556999056404
2021-02-03,1.200524578175,1.5811750147633388
2021-02-04,1.1981177781749999,1.5779311158720464
2021-02-05,1.199867035175,1.5806599482016226
2021-02-08,1.215550935175,1.6040517762388047
2021-02-09,1.245621498925,1.6391299191696025
2021-02-10,1.270721370975,1.6741447885889291
2021-02-18,1.2618953771,1.6628052240686557
2021-02-19,1.26898860445,1.6658206176636234
2021-02-22,1.22367630445,1.6134983817835473
2021-02-23,1.2203928044499996,1.6084063486594748
2021-02-24,1.1882915119499997,1.5674443745120803
2021-02-25,1.199424135075,1.5766659050784328
2021-02-26,1.1669833405749999,1.538385430638366
2021-03-01,1.186377988075,1.5620294879353989
2021-03-02,1.171323362725,1.5420951321136507
2021-03-03,1.1943239961499998,1.5716657410573482
2021-03-04,1.15776769615,1.5222268747710839
2021-03-05,1.1531707961499997,1.5170641021494486
2021-03-08,1.1127327836499998,1.4643781084373655
2021-03-09,1.0906162067,1.432950285007533
2021-03-10,1.0952888957,1.442351287502095
2021-03-11,1.1233755373,1.4782697430219118
2021-03-12,1.1262082514250003,1.4835054459323953
2021-03-15,1.103886155775,1.4515560700455932
2021-03-16,1.1111131557749998,1.4641872213335103
2021-03-17,1.1066622545249998,1.4703836150489142
2021-03-18,1.1066622545249998,1.482176413929489
2021-03-19,1.1066622545249998,1.4433540357344576
2021-03-22,1.1066622545249998,1.4577848067586603
2021-03-23,1.1066622545249998,1.4439752980211216
2021-03-24,1.1066622545249998,1.4207527374369506
2021-03-25,1.1066622545249998,1.420078665549824
2021-03-26,1.1066622545249998,1.4522611012727284
2021-03-29,1.1066622545249998,1.4548230010715852
2021-03-30,1.1066622545249998,1.4686168571819123
2021-03-31,1.1066622545249998,1.4552506089390858
2021-04-01,1.1066622545249998,1.4732427994599813
2021-04-02,1.1066622545249998,1.487880773217876
2021-04-06,1.1066622545249998,1.4817652658228315
2021-04-07,1.1066622545249998,1.4712151644727909
2021-04-08,1.1066622545249998,1.473655533007701
2021-04-09,1.1066622545249998,1.451496486287866
2021-04-12,1.1066622545249998,1.4262471843287394
2021-04-13,1.1066622545249998,1.423911656687324
2021-04-14,1.1066622545249998,1.4357258157829331
2021-04-15,1.1066622545249998,1.426601227730967
2021-04-16,1.1066622545249998,1.4315613521586874
2021-04-19,1.1066622545249998,1.466393607593882
2021-04-20,1.1066622545249998,1.465341134164577
2021-04-21,1.1066622545249998,1.4697744597667233
2021-04-22,1.1066622545249998,1.467035567092954
2021-04-23,1.1066622545249998,1.4803561258069966
2021-04-26,1.1066622545249998,1.4635746069071842
2021-04-27,1.1066622545249998,1.46740338941932
2021-04-28,1.1066622545249998,1.4756830238638858
2021-04-29,1.1066622545249998,1.4886338000698862
2021-04-30,1.1066622545249998,1.4769072437994983
2021-05-06,1.1066622545249998,1.4589298987721824
2021-05-07,1.1066622545249998,1.4401721996541894
2021-05-10,1.1066622545249998,1.4391256067699139
2021-05-11,1.1066622545249998,1.4479572341398386
2021-05-12,1.1066622545249998,1.4541515811949624
2021-05-13,1.1066622545249998,1.4392846697477262
2021-05-14,1.1066622545249998,1.4731889809424796
2021-05-17,1.1066622545249998,1.494634290922439
2021-05-18,1.1066622545249998,1.4953883843438907
2021-05-19,1.1066622545249998,1.4909695294947094
2021-05-20,1.1066622545249998,1.4950455543339012
2021-05-21,1.1066622545249998,1.4799799150561035
2021-05-24,1.1066622545249998,1.4861600219678712
2021-05-25,1.1066622545249998,1.5331151651127326
2021-05-26,1.1057632088999998,1.5337247527879405
2021-05-27,1.1097057088999998,1.5388097523189381
2021-05-28,1.1065932088999997,1.5338677019193234
2021-05-31,1.1078382088999998,1.536888976059321
2021-06-01,1.1094982088999998,1.539803362645544
2021-06-02,1.1005798400249995,1.524898429439023
2021-06-03,1.0920725075249997,1.5148991679662958
2021-06-04,1.0989200075249999,1.5226798496955751
2021-06-07,1.0976750075249997,1.521339402517023
2021-06-08,1.0889600075249999,1.5082204254274536
2021-06-09,1.0906200075249999,1.5094694070698333
2021-06-10,1.0976750075249997,1.519563420265661
2021-06-11,1.0875121458999997,1.5060833950069907
2021-06-15,1.0752695148999998,1.4893228904077989
2021-06-16,1.0605370148999997,1.4645125250132152
2021-06-17,1.0628195149,1.4706817644471586
2021-06-18,1.0638570148999997,1.4708470250582129
2021-06-21,1.0624045148999999,1.46736473348361
2021-06-22,1.0677903748999997,1.476523653541117
2021-06-23,1.0742094308999999,1.4837980895262246
2021-06-24,1.0769038013999999,1.4862713775828202
2021-06-25,1.0936951013999998,1.510483829913652
2021-06-28,1.0955608013999998,1.5138830155504095
2021-06-29,1.0843555374499998,1.4962367970954258
2021-06-30,1.0907880374499996,1.5058925655555377
2021-07-01,1.0903804826999997,1.507513520497245
2021-07-02,1.0611425996999997,1.4646930635108661
2021-07-05,1.0625950996999998,1.4660407460659008
2021-07-06,1.0640475996999996,1.4652658689534375
2021-07-07,1.0750450996999996,1.4818079574266987
2021-07-08,1.0659290538249997,1.4667510813140434
2021-07-09,1.0609534698249998,1.4613258461311576
2021-07-12,1.075012457325,1.4795649618908973
2021-07-13,1.0783320446749998,1.4822718286552157
2021-07-14,1.0665045446749999,1.465260276670419
2021-07-15,1.0806145446749997,1.4849709699976321
2021-07-16,1.0700320446749998,1.4686294254056034
2021-07-19,1.0745970446749997,1.4740262091279779
2021-07-20,1.0718995446749997,1.4727289147725113
2021-07-21,1.0799768071749998,1.4828321235264983
2021-07-22,1.0810128866749995,1.4850543065450867
2021-07-23,1.0702280866749996,1.4670311566841818
2021-07-26,1.0647334615499995,1.4197765957882267
2021-07-27,1.0647325391749995,1.3696230414974495
2021-07-28,1.0647325391749995,1.3722662888358832
2021-07-29,1.0647325391749995,1.3981499113507836
2021-07-30,1.0647325391749995,1.3868773965743288
2021-08-02,1.0647325391749995,1.4222086623772126
2021-08-03,1.0647325391749995,1.4224168740279444
2021-08-04,1.0647325391749995,1.4352127094028932
2021-08-05,1.0647325391749995,1.4265136537319465
2021-08-06,1.0647325391749995,1.418700138959585
2021-08-09,1.0647325391749995,1.4371483311560904
2021-08-10,1.0647325391749995,1.4537479855529998
2021-08-11,1.0647325391749995,1.4457321685011373
2021-08-12,1.0647325391749995,1.4336281331270069
2021-08-13,1.0647325391749995,1.425738978402891
2021-08-16,1.0647325391749995,1.4243220841389537
2021-08-17,1.0647325391749995,1.3944396333514766
2021-08-18,1.0647325391749995,1.4108230047613388
2021-08-19,1.0647325391749995,1.4015700824619604
2021-08-20,1.0647325391749995,1.374798728257189
2021-08-23,1.0647325391749995,1.3939999761319055
2021-08-24,1.0647325391749995,1.4091371908670984
2021-08-25,1.0647325391749995,1.4119526459310576
2021-08-26,1.0647325391749995,1.384121582920499
2021-08-27,1.0647325391749995,1.39145321008864
2021-08-30,1.0647325391749995,1.38748297740758
2021-08-31,1.0647325391749995,1.3852747750965375
2021-09-01,1.0647325391749995,1.403679958600963
2021-09-02,1.0647325391749995,1.4036662949816292
2021-09-03,1.0647325391749995,1.3960709080731868
2021-09-06,1.0647325391749995,1.4222058374095021
2021-09-07,1.0647325391749995,1.4392430447133004
2021-09-08,1.0647325391749995,1.4332768858662888
2021-09-09,1.0647325391749995,1.4326660298382312
2021-09-10,1.0647325391749995,1.4452079063812617
2021-09-13,1.0647325391749995,1.438905893464933
2021-09-14,1.0647325391749995,1.4174309213240148
2021-09-15,1.0647325391749995,1.4030630778968702
2021-09-16,1.0647325391749995,1.3858766373498435
2021-09-17,1.0647325391749995,1.3997830886017684
2021-09-22,1.0647325391749995,1.3899323973696436
2021-09-23,1.0647325391749995,1.3989919535118702
2021-09-24,1.0647325391749995,1.397905782253449
2021-09-27,1.0647325391749995,1.405960428198228
2021-09-28,1.0647325391749995,1.407822081919336
2021-09-29,1.0647325391749995,1.3934378363837507
2021-09-30,1.0647325391749995,1.4027932358281314
2021-10-08,1.0647325391749995,1.4211146792182863
2021-10-11,1.0647325391749995,1.4229165762244604
2021-10-12,1.0647325391749995,1.4078246474512364
2021-10-13,1.0647325391749995,1.4240457273487603
2021-10-14,1.0647325391749995,1.416407764141255
2021-10-15,1.0647325391749995,1.4217394871276887
2021-10-18,1.0647325391749995,1.4052125324100186
2021-10-19,1.0647325391749995,1.419034090499628
2021-10-20,1.0647325391749995,1.415419688445265
2021-10-21,1.0647325391749995,1.4205596883680107
2021-10-22,1.0647325391749995,1.4297004190926077
2021-10-25,1.0647325391749995,1.4354074592176995
2021-10-26,1.0604670197999997,1.4306727268565815
2021-10-27,1.0465740197999998,1.4119547214175385
2021-10-28,1.0421535197999996,1.4021462029176612
2021-10-29,1.0488895197999997,1.4150119418303402
2021-11-01,1.0455215197999996,1.4097987233567348
2021-11-02,1.0345755197999997,1.3951436556615724
2021-11-03,1.0303655197999997,1.3897434127950627
2021-11-04,1.0402358209249998,1.403473332391293
2021-11-05,1.0366634581749996,1.3958643395159192
2021-11-08,1.0358214581749996,1.3975459736109965
2021-11-09,1.0354075569249996,1.3971322887986397
2021-11-10,1.0301467199749998,1.3897666467131702
2021-11-11,1.0267571437249996,1.4120955374100383
2021-11-12,1.0252634309249995,1.409132780458326
2021-11-15,1.0240262309249997,1.407404015524408
2021-11-16,1.0232014309249995,1.4076758177748236
2021-11-17,1.0229952309249994,1.4083773898578238
2021-11-18,1.0139224309249995,1.394501638510098
2021-11-19,1.0116258784249996,1.4096178101184693
2021-11-22,1.0116258784249996,1.4160580158429954
2021-11-23,1.0116258784249996,1.4163309134890536
2021-11-24,1.0116258784249996,1.4172856949227433
2021-11-25,1.0116258784249996,1.411458103624543
2021-11-26,1.0116258784249996,1.4009898398594989
2021-11-29,1.0116258784249996,1.3984809514445125
2021-11-30,1.0116258784249996,1.3928895332121363
2021-12-01,1.0116258784249996,1.396298231495265
2021-12-02,1.0116258784249996,1.3998473133778766
2021-12-03,1.0116258784249996,1.4127771617618596
2021-12-06,1.0116258784249996,1.4103567409581286
2021-12-07,1.0116258784249996,1.4188548780072283
2021-12-08,1.0116258784249996,1.4401367722530056
2021-12-09,1.0116258784249996,1.4639934227833413
2021-12-10,1.0113730999749995,1.4571982512181518
2021-12-13,1.0139325329749995,1.4654666146180777
2021-12-14,1.0078521055749996,1.455635323419311
2021-12-15,0.9988085055749995,1.4430105427218423
2021-12-16,1.0041167055749995,1.4513220012924515
2021-12-17,0.9897649055749996,1.4282690540757048
2021-12-20,0.9750199055749996,1.406839050808543
2021-12-21,0.9791485055749997,1.4163711548658253
2021-12-22,0.9797398095749996,1.4166505095809354
2021-12-23,0.9871954095749995,1.426533428505919
2021-12-24,0.9826767582749996,1.4186367789695105
2021-12-27,0.9834629084249997,1.4180541726185565
2021-12-28,0.9885745084249996,1.4286162656682653
2021-12-29,0.9754023084249996,1.4077218820442228
2021-12-30,0.9824799084249997,1.4186846304633793
2021-12-31,0.9848374034249996,1.424121943824537
2022-01-04,0.9813115471749996,1.4176049162740105
2022-01-05,0.9720772003249996,1.4032941198988937
2022-01-06,0.9610676003249995,1.3889131893764377
2022-01-07,0.9634247503249996,1.3901057581432146
2022-01-10,0.9659844615249996,1.3963541831516504
2022-01-11,0.9571374615249996,1.3830158386715135
2022-01-12,0.9673359985249995,1.396796261772116
2022-01-13,0.9682841485249997,1.3738334252600886
2022-01-14,0.9682841485249997,1.3625371865201072
2022-01-17,0.9682841485249997,1.3742246256355672
2022-01-18,0.9682841485249997,1.3875051447562459
2022-01-19,0.9682841485249997,1.378001492159475
2022-01-20,0.9682841485249997,1.3904344344884512
2022-01-21,0.9682841485249997,1.377694723727094
2022-01-24,0.9682841485249997,1.3798346367676695
2022-01-25,0.9682841485249997,1.3486197236593525
2022-01-26,0.9682841485249997,1.3583802177081545
2022-01-27,0.9682841485249997,1.3317348916547052
2022-01-28,0.9682841485249997,1.3155620956440668
2022-02-07,0.9682841485249997,1.335832074925523
2022-02-08,0.9682841485249997,1.328534145586498
2022-02-09,0.9682841485249997,1.341012431529845
2022-02-10,0.9682841485249997,1.3374960962117126
2022-02-11,0.9682841485249997,1.3264074637722394
2022-02-14,0.9682841485249997,1.3120786798476198
2022-02-15,0.9682841485249997,1.3260347986440846
2022-02-16,0.9682841485249997,1.3311908835870587
2022-02-17,0.9682841485249997,1.3344123845200762
2022-02-18,0.9682841485249997,1.3407745865443559
2022-02-21,0.9682841485249997,1.335896703268447
2022-02-22,0.9682841485249997,1.3185544571043353
2022-02-23,0.9682841485249997,1.332648682230394
2022-02-24,0.9682841485249997,1.3056305757439854
2022-02-25,0.9682841485249997,1.3183446023601393
2022-02-28,0.9682841485249997,1.3207144620070959
2022-03-01,0.9682841485249997,1.3316800353939628
2022-03-02,0.9682841485249997,1.319836646530412
2022-03-03,0.9682841485249997,1.3120615282579502
2022-03-04,0.9682841485249997,1.2961499841081152
2022-03-07,0.9682841485249997,1.254740396709639
2022-03-08,0.9682841485249997,1.2295501884628202
2022-03-09,0.9682841485249997,1.2182950847118454
2022-03-10,0.9682841485249997,1.2374619429286187
2022-03-11,0.9682841485249997,1.24140660676928
2022-03-14,0.9682841485249997,1.2034240511178482
2022-03-15,0.9682841485249997,1.1483816595947347
2022-03-16,0.9682841485249997,1.1980402680121816
2022-03-17,0.9682841485249997,1.2215666567562187
2022-03-18,0.9682841485249997,1.22969740387197
2022-03-21,0.9682841485249997,1.227634658571808
2022-03-22,0.9682841485249997,1.226639895197157
2022-03-23,0.9682841485249997,1.232757506904884
2022-03-24,0.9682841485249997,1.225490046860449
2022-03-25,0.9682841485249997,1.2033711550387824
2022-03-28,0.9682841485249997,1.1958452392750534
2022-03-29,0.9682841485249997,1.1917166930974106
2022-03-30,0.9682841485249997,1.226295105005491
2022-03-31,0.9682841485249997,1.2172142463006328
2022-04-01,0.9682841485249997,1.2326539055380379
2022-04-06,0.9682841485249997,1.229103411171571
2022-04-07,0.9682841485249997,1.2133235739346802
2022-04-08,0.9682841485249997,1.2195693757588135
2022-04-11,0.9682841485249997,1.1818945109781993
2022-04-12,0.9682841485249997,1.2049273375065601
2022-04-13,0.9682841485249997,1.1933289137001766
2022-04-14,0.9682841485249997,1.2082699373105072
2022-04-15,0.9682841485249997,1.2074566925243455
2022-04-18,0.9682841485249997,1.2010103468189797
2022-04-19,0.9682841485249997,1.1919350803971398
2022-04-20,0.9682841485249997,1.173453795721742
2022-04-21,0.9682841485249997,1.1518459924460362
2022-04-22,0.9682841485249997,1.1568674590297527
2022-04-25,0.9682841485249997,1.0996944076766249
2022-04-26,0.9682841485249997,1.0908179843901509
2022-04-27,0.9682841485249997,1.122935071115103
2022-04-28,0.9682841485249997,1.1303062766573897
2022-04-29,0.9682841485249997,1.1577297083578284
2022-05-05,0.9682841485249997,1.1559912578203322
2022-05-06,0.9682841485249997,1.1267628735364
2022-05-09,0.9682841485249997,1.117717615189932
2022-05-10,0.9682841485249997,1.1299491488516418
2022-05-11,0.9682841485249997,1.1462517204197487
2022-05-12,0.9682841485249997,1.141154354448468
2022-05-13,0.9682841485249997,1.1497619157570413
2022-05-16,0.9682841485249997,1.140519543847275
2022-05-17,0.9682841485249997,1.1547468883701324
2022-05-18,0.9682841485249997,1.150715111749669
2022-05-19,0.9682841485249997,1.1529322790092618
2022-05-20,0.9682841485249997,1.1754171194542207
2022-05-23,0.9682841485249997,1.1686090914033291
2022-05-24,0.9682841485249997,1.14127372374733
2022-05-25,0.9682841485249997,1.1481990167844014
2022-05-26,0.9682841485249997,1.1510430674398775
2022-05-27,0.9682841485249997,1.1534224397332054
2022-05-30,0.9682841485249997,1.1614128032494737
2022-05-31,0.9682841485249997,1.1794290924745108
2022-06-01,0.9682841485249997,1.1770248719958125
2022-06-02,0.9682841485249997,1.178867154509764
2022-06-06,0.9682841485249997,1.2009240411728088
2022-06-07,0.9682841485249997,1.2046839867166559
2022-06-08,0.9682841485249997,1.216411551904083
2022-06-09,0.9682841485249997,1.203688387382172
2022-06-10,0.9682841485249997,1.2219408208468319
2022-06-13,0.9682841485249997,1.2076312351721625
2022-06-14,0.9682841485249997,1.2171319763226194
2022-06-15,0.9682841485249997,1.2332476676288275
2022-06-16,0.9590341711249997,1.2251312471350357
2022-06-17,0.9732217711249996,1.242133805345081
2022-06-20,0.9779444056249996,1.2482992685466767
2022-06-21,0.9774935714249996,1.2468962685116818
2022-06-22,0.9662335714249997,1.23105828882712
2022-06-23,0.9831235714249996,1.2521750377666474
2022-06-24,0.9939157839249997,1.2668459022200267
2022-06-27,1.0046949230499997,1.2811124503764153
2022-06-28,1.0164052425499996,1.2944453467045396
2022-06-29,1.0040192425499996,1.2745092613107238
2022-06-30,1.0152792425499997,1.292858233722954
2022-07-01,1.0119119175499998,1.287585085577208
2022-07-04,1.0182244577999997,1.2960347369560143
2022-07-05,1.0159743262999996,1.2941633399789256
2022-07-06,1.0026895012999997,1.2752624322937394
2022-07-07,1.0062927012999996,1.280884636908918
2022-07-08,1.005415426175,1.2766493184823051
2022-07-11,0.9883188035249997,1.255270568200745
2022-07-12,0.9802116035249997,1.2434523157845763
2022-07-13,0.9817870591499996,1.2457132412174778
2022-07-14,0.9820125502749998,1.2458898016993736
2022-07-15,0.9673745502749997,1.2246890243835644
2022-07-18,0.9777062382749997,1.237389416206586
2022-07-19,0.9727541708749997,1.2306885639714804
2022-07-20,0.9754601458749997,1.2348575821355037
2022-07-21,0.9653410671249996,1.2210945412341798
2022-07-22,0.9660213037499995,1.221721885849281
2022-07-25,0.9619697538749996,1.214345260981183
2022-07-26,0.9684948846249997,1.2239535238618393
2022-07-27,0.9630918701249996,1.2179172885198906
2022-07-28,0.9637735781249996,1.2181010843782687
2022-07-29,0.9504955356749997,1.202081960845832
2022-08-01,0.9545517253749998,1.2074368600979708
2022-08-02,0.9385625253749996,1.1838989985258856
2022-08-03,0.9284601903749996,1.1723545085418086
2022-08-04,0.9354189556249995,1.1823172183915083
2022-08-05,0.9500415322249997,1.198279554307727
2022-08-08,0.9468919221749996,1.1957323270452433
2022-08-09,0.9484683221749998,1.198100716555942
2022-08-10,0.9383343221749998,1.1846811398410326
2022-08-11,0.9409852076749996,1.2088390818255357
2022-08-12,0.9409852076749996,1.2081499050090194
2022-08-15,0.9409852076749996,1.2065723623262075
2022-08-16,0.9409852076749996,1.2043116963291158
2022-08-17,0.9409852076749996,1.2155889674287563
2022-08-18,0.9409852076749996,1.2049639179557885
2022-08-19,0.9409852076749996,1.196596882469409
2022-08-22,0.9409852076749996,1.2053377649581896
2022-08-23,0.9409852076749996,1.1994819528090872
2022-08-24,0.9409852076749996,1.176806455869882
2022-08-25,0.9409852076749996,1.1865555059168371
2022-08-26,0.9409852076749996,1.184049327164757
2022-08-29,0.9409852076749996,1.178853404411827
2022-08-30,0.9409852076749996,1.1748964894356873
2022-08-31,0.9409852076749996,1.1757746796529855
2022-09-01,0.9409852076749996,1.1656564812744132
2022-09-02,0.9409852076749996,1.1598548047310253
2022-09-05,0.9409852076749996,1.1574948901234574
2022-09-06,0.9409852076749996,1.1681184406339666
2022-09-07,0.9409852076749996,1.1688975551979954
2022-09-08,0.9409852076749996,1.1639108818390378
2022-09-09,0.9409852076749996,1.1800833895876648
2022-09-13,0.9409852076749996,1.1850781342829375
2022-09-14,0.9409852076749996,1.171888561826811
2022-09-15,0.9409852076749996,1.160865307211491
2022-09-16,0.9409852076749996,1.1336429959163075
2022-09-19,0.9409852076749996,1.1322932090485907
2022-09-20,0.9409852076749996,1.1336872441350354
2022-09-21,0.9409852076749996,1.125298444866806
2022-09-22,0.9409852076749996,1.1153848836900258
2022-09-23,0.9409852076749996,1.1115444265664345
2022-09-26,0.9409852076749996,1.105968315046856
2022-09-27,0.9409852076749996,1.122000785110414
2022-09-28,0.9409852076749996,1.103671587472156
2022-09-29,0.9409852076749996,1.103220053857721
2022-09-30,0.9409852076749996,1.0968038891849339
2022-10-10,0.9409852076749996,1.0726046392542177
2022-10-11,0.9409852076749996,1.0745504654826132
2022-10-12,0.9409852076749996,1.0908717740814515
2022-10-13,0.9409852076749996,1.081753037748314
2022-10-14,0.9409852076749996,1.1076380727470694
2022-10-17,0.9409852076749996,1.1087744304216507
2022-10-18,0.9409852076749996,1.10642647868755
2022-10-19,0.9409852076749996,1.0886311422941424
2022-10-20,0.9409852076749996,1.08240278032169
2022-10-21,0.9409852076749996,1.078933835278208
2022-10-24,0.9409852076749996,1.0473634951100097
2022-10-25,0.9409852076749996,1.045657243439171
2022-10-26,0.9409852076749996,1.0541461272777095
2022-10-27,0.9409852076749996,1.0467211032179207
2022-10-28,0.9409852076749996,1.020830764198158
2022-10-31,0.9409852076749996,1.0114258989926452
2022-11-01,0.9409852076749996,1.0475940758928153
2022-11-02,0.9409852076749996,1.0601714951418337
2022-11-03,0.9409852076749996,1.0515500107781166
2022-11-04,0.9409852076749996,1.0859333269569775
2022-11-07,0.9409852076749996,1.0882747351434225
2022-11-08,0.9409852076749996,1.0807879941870235
2022-11-09,0.9409852076749996,1.070683055860969
2022-11-10,0.9409852076749996,1.0624439798813872
2022-11-11,0.9409852076749996,1.0920629591905742
2022-11-14,0.9409852076749996,1.093670999994177
2022-11-15,0.9409852076749996,1.1144130371452698
2022-11-16,0.9409852076749996,1.1053089445223039
2022-11-17,0.9409852076749996,1.100775764959458
2022-11-18,0.9409852076749996,1.0958478105721936
2022-11-21,0.9409852076749996,1.086496100881557
2022-11-22,0.9409852076749996,1.0866246080861761
2022-11-23,0.9409852076749996,1.0877649726027137
2022-11-24,0.9409852076749996,1.08294508764347
2022-11-25,0.9409852076749996,1.0884128991254187
2022-11-28,0.9409852076749996,1.0761519627385605
2022-11-29,0.9409852076749996,1.1093539811952853
2022-11-30,0.9409852076749996,1.110684050941432
2022-12-01,0.9409852076749996,1.1227138588476633
2022-12-02,0.9409852076749996,1.1158471983036817
2022-12-05,0.9409852076749996,1.137734385120699
2022-12-06,0.9409852076749996,1.1438807077247473
2022-12-07,0.9409852076749996,1.1410681352809007
2022-12-08,0.9428587290499997,1.1412811320810192
2022-12-09,0.9508249290499997,1.152541914593616
2022-12-12,0.9409843290499998,1.1396275170534365
2022-12-13,0.9384078267999998,1.1373900273220499
2022-12-14,0.9407488255499997,1.1400433061784752
2022-12-15,0.9402802251499998,1.1392081534794578
2022-12-16,0.9412175248749999,1.1398534279916595
2022-12-19,0.9276397193749998,1.1222676292542355
2022-12-20,0.9128814221249997,1.1037602280406178
2022-12-21,0.9121791468749998,1.1041987033859428
2022-12-22,0.9140630623749998,1.1057811465229461
2022-12-23,0.9117409000749997,1.1035300508246282
2022-12-26,0.9138496000749997,1.1079317829103403
2022-12-27,0.9248342725749998,1.1207206135184158
2022-12-28,0.9218045076499998,1.115938462056446
2022-12-29,0.9189929076499999,1.1117403006030844
2022-12-30,0.9227369706499998,1.116044946043405
2023-01-03,0.9253142832499998,1.1207336429613248
2023-01-04,0.9264857832499999,1.122188933725162
2023-01-05,0.9439875207499998,1.1439903337676287
2023-01-06,0.9477325124999998,1.1475390120834246
2023-01-09,0.9535774312499999,1.1568299273158869
2023-01-10,0.9549836142499998,1.1580850489391064
2023-01-11,0.9549836142499998,1.1559395724417136
2023-01-12,0.9563875831249996,1.158199056564559
2023-01-13,0.9708893831249997,1.17448816629674
2023-01-16,0.9706725767499997,1.192817911632819
2023-01-17,0.9697357767499999,1.1926097576344894
2023-01-18,0.9676312219999998,1.1906127072466937
2023-01-19,0.9741912129249999,1.1980191384067562
2023-01-20,0.9795685615499997,1.2053752966720555
2023-01-30,0.9853464240499998,1.2110881596897747
2023-01-31,0.9745612108499997,1.1982641899425268
2023-02-01,0.9818183108499999,1.2095281433372473
2023-02-02,0.9794840098499997,1.2052665065890065
2023-02-03,0.9694240867499997,1.19387514138531
2023-02-06,0.9560689867499998,1.178091643220876
2023-02-07,0.9584092544999998,1.180211983270887
2023-02-08,0.9544272498999998,1.1749966316583984
2023-02-09,0.9670799482249998,1.1907690029091977
2023-02-10,0.9614567482249996,1.183693092971244
2023-02-13,0.9689543482249997,1.1944349750373744
2023-02-14,0.9710605953499998,1.194929690301096
2023-02-15,0.9645007847749997,1.1887029714221078
2023-02-16,0.9577088697749997,1.1799969686366896
2023-02-17,0.9441195676499997,1.1629951022554714
2023-02-20,0.9687000591499998,1.1915280256110419
2023-02-21,0.9698713524499999,1.1946597041013516
2023-02-22,0.9604993524499998,1.1838778400942593
2023-02-23,0.9604991266999998,1.1829253359304588
2023-02-24,0.9513614217999996,1.1706452012936508
2023-02-27,0.9478469217999997,1.165686719959394
2023-02-28,0.9539272790499997,1.1730703495943664
2023-03-01,0.9654097689999998,1.1896404571351218
2023-03-02,0.9642382689999998,1.186987351235903
2023-03-03,0.9663450744999997,1.1906810253433617
2023-03-06,0.9604890588749999,1.1844715445326468
2023-03-07,0.9471342564999998,1.16713019198077
2023-03-08,0.9433854564999997,1.1628799992343761
2023-03-09,0.9410457444999998,1.158770190087465
2023-03-10,0.9281667452499996,1.1435743716853832
2023-03-13,0.9384759452499998,1.1555518888627723
2023-03-14,0.9326184452499997,1.1486363679078824
2023-03-15,0.9324149347499998,1.1492723892095227
2023-03-16,0.9216623487499996,1.1355074457789245
2023-03-17,0.9268286637499997,1.1411772424521618
2023-03-20,0.9268286637499997,1.1354862585210972
2023-03-21,0.9268286637499997,1.1479683495229926
2023-03-22,0.9268286637499997,1.1528873966141089
2023-03-23,0.9268286637499997,1.1643160629220624
2023-03-24,0.9268286637499997,1.1608442929108704
2023-03-27,0.9268286637499997,1.1566447189736535
2023-03-28,0.9268286637499997,1.1529081514789197
2023-03-29,0.9268286637499997,1.1548191268301538
2023-03-30,0.9268286637499997,1.164153540800115
2023-03-31,0.9268286637499997,1.167727989739717
2023-04-03,0.9268286637499997,1.1791552435638155
2023-04-04,0.9268286637499997,1.1827693573561668
2023-04-06,0.9268286637499997,1.18090568580098
2023-04-07,0.9268286637499997,1.1885849569546987
2023-04-10,0.9268286637499997,1.1832613053045802
2023-04-11,0.9268286637499997,1.1819168801102728
2023-04-12,0.9268286637499997,1.1810923642794708
2023-04-13,0.9268286637499997,1.1729319550027613
2023-04-14,0.9268286637499997,1.1795678041543283
2023-04-17,0.9268286637499997,1.1961096620179805
2023-04-18,0.9268286637499997,1.1997557152411793
2023-04-19,0.9268286637499997,1.1889536440670978
2023-04-20,0.9268286637499997,1.185627186935781
2023-04-21,0.9268286637499997,1.1624359316060326
2023-04-24,0.9268286637499997,1.1480446524773726
2023-04-25,0.9219410277499996,1.1422860134522657
2023-04-26,0.9198458277499997,1.1412962658366104
2023-04-27,0.9279938277499997,1.149709538549596
2023-04-28,0.9370532299999997,1.1614323762400383
2023-05-04,0.9370598280499998,1.1617671349137124
2023-05-05,0.9333350280499997,1.157913158301793
2023-05-08,0.9437981220499998,1.1711112344872519
2023-05-09,0.9356606220499997,1.1610834639016112
2023-05-10,0.9284441207749997,1.1521456408067392
2023-05-11,0.9296087027749997,1.1503567444172729
2023-05-12,0.9296087027749997,1.1351072516286946
2023-05-15,0.9296087027749997,1.152727267066855
2023-05-16,0.9296087027749997,1.1467654898024142
2023-05-17,0.9296087027749997,1.141565127814511
2023-05-18,0.9296087027749997,1.1403847237046094
2023-05-19,0.9296087027749997,1.1370611203672043
2023-05-22,0.9296087027749997,1.1442063861450669
2023-05-23,0.9296087027749997,1.1280235009640347
2023-05-24,0.9296087027749997,1.1124300539436232
2023-05-25,0.9296087027749997,1.1099527590450708
2023-05-26,0.9296087027749997,1.1100829093431541
2023-05-29,0.9296087027749997,1.105179716662657
2023-05-30,0.9296087027749997,1.1062784273185677
2023-05-31,0.9296087027749997,1.0949757603357353
2023-06-01,0.9296087027749997,1.0973753974484546
2023-06-02,0.9296087027749997,1.113219949506873
2023-06-05,0.9296087027749997,1.1081510061699025
2023-06-06,0.9296087027749997,1.0977486967530339
2023-06-07,0.9296087027749997,1.0923232886129415
2023-06-08,0.9296087027749997,1.1012147015240008
2023-06-09,0.9296087027749997,1.105975608075741
2023-06-12,0.9296087027749997,1.1082038157703649
2023-06-13,0.9296087027749997,1.1141059804508775
2023-06-14,0.9296087027749997,1.1138515315735398
2023-06-15,0.9296087027749997,1.1315723522370371
2023-06-16,0.9296087027749997,1.1424835017561785
2023-06-19,0.9296087027749997,1.1331314173249274
2023-06-20,0.9296087027749997,1.1312086520574327
2023-06-21,0.9296087027749997,1.1138537223648253
2023-06-26,0.9296087027749997,1.0981906888948962
2023-06-27,0.9296087027749997,1.1084923660436343
2023-06-28,0.9296087027749997,1.1071563292738547
2023-06-29,0.9296087027749997,1.1016922940242535
2023-06-30,0.9296087027749997,1.1076328263784645
2023-07-03,0.9296087027749997,1.1221700237372234
2023-07-04,0.9296087027749997,1.12393741578065
2023-07-05,0.9296087027749997,1.1152296257707621
2023-07-06,0.9296087027749997,1.107720198594077
2023-07-07,0.9296087027749997,1.1028036305562574
2023-07-10,0.9296087027749997,1.1081734041281772
2023-07-11,0.9296087027749997,1.1154258457218256
2023-07-12,0.9296087027749997,1.1079168509381574
2023-07-13,0.9296087027749997,1.1237672258892033
2023-07-14,0.9296087027749997,1.1239631864044566
2023-07-17,0.9296087027749997,1.1147596145614056
2023-07-18,0.9296087027749997,1.1112325558964542
2023-07-19,0.9296087027749997,1.1100584647245995
2023-07-20,0.9296087027749997,1.1022258958332936
2023-07-21,0.9296087027749997,1.101711463448002
2023-07-24,0.9296087027749997,1.0969006587421133
2023-07-25,0.9296087027749997,1.1285790106859304
2023-07-26,0.9296087027749997,1.1262433677397103
2023-07-27,0.9263447772749998,1.1248980489331681
2023-07-28,0.9487319772749996,1.1509545710024212
2023-07-31,0.9524827522749997,1.1572653470838923
2023-08-01,0.9482905162749997,1.152471809272478
2023-08-02,0.9415277162749998,1.1443699171840536
2023-08-03,0.9499229162749998,1.1544847140708931
2023-08-04,0.9548565856499998,1.158980246615069
2023-08-07,0.9476664419499998,1.1502095578343243
2023-08-08,0.9441684419499998,1.1472056082412032
2023-08-09,0.9423028419499998,1.1436983243502241
2023-08-10,0.9434688419499998,1.1460480633087948
2023-08-11,0.9213148419499998,1.119682812625484
2023-08-14,0.9150184419499998,1.1115112476089386
2023-08-15,0.9140859510749998,1.1088101172586444
2023-08-16,0.9070915535249996,1.1006805808433404
2023-08-17,0.9101231535249997,1.1043608219410745
2023-08-18,0.8984631535249997,1.0907845459968448
2023-08-21,0.8863367535249997,1.0750890253982468
2023-08-22,0.8916905810249998,1.0833541026112445
2023-08-23,0.8788766285249997,1.065599122899413
2023-08-24,0.8842340128999997,1.073323218795882
2023-08-25,0.8826058296999997,1.0692075291039416
2023-08-28,0.8971791495749998,1.0817376157307115
2023-08-29,0.9025425660749997,1.0925437802253528
2023-08-30,0.9023090000749997,1.0920834257933734
2023-08-31,0.8978666071749997,1.0853836689539105
2023-09-01,0.9009477989249998,1.0929428789799398
2023-09-04,0.9009477989249998,1.1095065582778443
2023-09-05,0.9009477989249998,1.1012523773688723
2023-09-06,0.9009477989249998,1.0988629447313516
2023-09-07,0.9009477989249998,1.083425505111433
2023-09-08,0.9009477989249998,1.078097817793157
2023-09-11,0.9009477989249998,1.0860377931098575
2023-09-12,0.9009477989249998,1.084039503195413
2023-09-13,0.9009477989249998,1.0771346191087388
2023-09-14,0.9009477989249998,1.0762284386501473
2023-09-15,0.9009477989249998,1.0690994020235185
2023-09-18,0.9009477989249998,1.0745574702494867
2023-09-19,0.9009477989249998,1.0724794182365271
2023-09-20,0.9009477989249998,1.0682095948471666
2023-09-21,0.9009477989249998,1.0586263242828862
2023-09-22,0.9009477989249998,1.0777922600612233
2023-09-25,0.9009477989249998,1.0707791335893215
2023-09-26,0.9009477989249998,1.0645207058890949
2023-09-27,0.9009477989249998,1.0667121313510821
2023-09-28,0.9009477989249998,1.0635476486438915
2023-10-09,0.9009477989249998,1.0621668736099645
2023-10-10,0.9009477989249998,1.0542104673586223
2023-10-11,0.9009477989249998,1.0572148493447602
2023-10-12,0.9009477989249998,1.067256197071131
2023-10-13,0.9009477989249998,1.0560220499683748
2023-10-16,0.9009477989249998,1.0454102028955228
2023-10-17,0.9009477989249998,1.04910128264488
2023-10-18,0.9009477989249998,1.04079210134416
2023-10-19,0.9009477989249998,1.0185866444405125
2023-10-20,0.9009477989249998,1.0119694170148728
2023-10-23,0.9009477989249998,1.0014925053894908
2023-10-24,0.9009477989249998,1.005207164971369
2023-10-25,0.9009477989249998,1.010201996145245
2023-10-26,0.9009477989249998,1.0129944479007058
2023-10-27,0.9009477989249998,1.026900293802407
2023-10-30,0.9009477989249998,1.0330652669585838
2023-10-31,0.9009477989249998,1.029817649487346
2023-11-01,0.9009477989249998,1.0293913676250974
2023-11-02,0.9009477989249998,1.0245376407057323
2023-11-03,0.9009477989249998,1.0331703672878885
2023-11-06,0.9009477989249998,1.0471430034975981
2023-11-07,0.9009477989249998,1.0434390960887399
2023-11-08,0.9009477989249998,1.0409349639969394
2023-11-09,0.9009477989249998,1.0414405755646865
2023-11-10,0.9009477989249998,1.033848618974178
2023-11-13,0.9009477989249998,1.0318091075921236
2023-11-14,0.9009477989249998,1.032571358828494
2023-11-15,0.9009477989249998,1.0398318141060552
2023-11-16,0.9009477989249998,1.029776860412753
2023-11-17,0.9009477989249998,1.028538602117192
2023-11-20,0.9009477989249998,1.0309181473677267
2023-11-21,0.9009477989249998,1.0322856911753369
2023-11-22,0.9009477989249998,1.0217205425483087
2023-11-23,0.9009477989249998,1.026651033641272
2023-11-24,0.9009477989249998,1.0198735037111715
2023-11-27,0.9009477989249998,1.0123595796471108
2023-11-28,0.9009477989249998,1.014256574290799
2023-11-29,0.9009477989249998,1.005546478184821
2023-11-30,0.9009477989249998,1.0078224508947105
2023-12-01,0.9009477989249998,1.0039823685117337
2023-12-04,0.9009477989249998,0.997426339111084
2023-12-05,0.9009477989249998,0.9784353783735806
2023-12-06,0.9009477989249998,0.9799749569495099
2023-12-07,0.9009477989249998,0.9775778565424896
2023-12-08,0.9009477989249998,0.9799356956635765
2023-12-11,0.9009477989249998,0.9856989180546626
2023-12-12,0.9009477989249998,0.9878171249657904
2023-12-13,0.9009477989249998,0.9713291144458414
2023-12-14,0.9009477989249998,0.9662438554790336
2023-12-15,0.9009477989249998,0.9632424137654103
2023-12-18,0.9009477989249998,0.9597296528962174
2023-12-19,0.9009477989249998,0.9610774219298553
2023-12-20,0.9009477989249998,0.9505446163004903
2023-12-21,0.9009477989249998,0.9601632277873509
2023-12-22,0.9009477989249998,0.9619960841335341
2023-12-25,0.9009477989249998,0.9649429001960239
2023-12-26,0.9009477989249998,0.9584107100637053
2023-12-27,0.9009477989249998,0.9617450367479293
2023-12-28,0.9009477989249998,0.984282254400334
2023-12-29,0.9009477989249998,0.9890586406220786
2024-01-02,0.9009477989249998,0.9761566960007854
2024-01-03,0.9009477989249998,0.973834716673899
2024-01-04,0.9009477989249998,0.964827912479733
2024-01-05,0.9009477989249998,0.9596563478667544
2024-01-08,0.9009477989249998,0.9472452269720306
2024-01-09,0.9009477989249998,0.9491024991105675
2024-01-10,0.9009477989249998,0.9446717966927237
2024-01-11,0.9009477989249998,0.950016952688882
2024-01-12,0.9009477989249998,0.946700498249356
2024-01-15,0.9009477989249998,0.9457644538463982
2024-01-16,0.9009477989249998,0.9515172123264756
2024-01-17,0.9009477989249998,0.9308216718377988
2024-01-18,0.9009477989249998,0.9439798525608994
2024-01-19,0.9009477989249998,0.9425522926025452
2024-01-22,0.9009477989249998,0.9278870492583854
2024-01-23,0.9009477989249998,0.9316434780056949
2024-01-24,0.9009477989249998,0.9446660026262975
2024-01-25,0.9009477989249998,0.9636365255872027
2024-01-26,0.9009477989249998,0.9610140331135796
2024-01-29,0.9009477989249998,0.9524062700215983
2024-01-30,0.9009477989249998,0.9354213822728433
2024-01-31,0.9009477989249998,0.9268637767708209
2024-02-01,0.9009477989249998,0.9275438156815802
2024-02-02,0.9009477989249998,0.916565847028229
2024-02-05,0.9009477989249998,0.9225600249427353
2024-02-06,0.9009477989249998,0.9546350542402448
2024-02-07,0.9009477989249998,0.9638415951820117
2024-02-08,0.9009477989249998,0.9699814030646057
2024-02-19,0.9009477989249998,0.9811884823645048
2024-02-20,0.9009477989249998,0.983219691800635
2024-02-21,0.9009477989249998,0.9964846735989067
2024-02-22,0.9009477989249998,1.0050758616252409
2024-02-23,0.9009477989249998,1.0059599323875685
2024-02-26,0.9009477989249998,0.9954720668057587
2024-02-27,0.9009477989249998,1.0074144448439757
2024-02-28,0.9009477989249998,0.9945788293114728
2024-02-29,0.9009477989249998,1.0135530420261223
2024-03-01,0.9009477989249998,1.0198144388250647
2024-03-04,0.9009477989249998,1.0206979042371689
2024-03-05,0.9009477989249998,1.0278023232880362
2024-03-06,0.8984402655249996,1.0236322673807723
2024-03-07,0.8936218655249997,1.0174840422474498
2024-03-08,0.8961578655249995,1.0218628575032669
2024-03-11,0.9083306655249996,1.0346483154458106
2024-03-12,0.9095986655249996,1.0370208271032706
2024-03-13,0.9042730655249996,1.0297759668005182
2024-03-14,0.9009762655249997,1.026853537704181
2024-03-15,0.9032586655249996,1.0290933623578586
2024-03-18,0.9111202655249997,1.0387602289054039
2024-03-19,0.9052874655249996,1.0312949058164411
2024-03-20,0.9060482655249997,1.033529945320732
2024-03-21,0.9055438280249996,1.0322922635491938
2024-03-22,0.8976832821499996,1.0218894929131073
2024-03-25,0.8928648821499996,1.0163436489047109
2024-03-26,0.8956544821499997,1.0215275511317714
2024-03-27,0.8860176821499995,1.0097203103244325
2024-03-28,0.8903288821499996,1.0149603948174872
2024-03-29,0.8943864821499996,1.0197223391124677
2024-04-01,0.9090516996499998,1.0364883206898732
2024-04-02,0.9060085934749996,1.0321728365979295
2024-04-03,0.9024581934749996,1.0284620973794043
2024-04-08,0.8951037934749996,1.0194119962311472
2024-04-09,0.8935821934749997,1.0185700982010661
2024-04-10,0.8869885934749996,1.0102743499100708
2024-04-11,0.8862277934749996,1.0101406251630483
2024-04-12,0.8791269934749997,1.0019523121236487
2024-04-15,0.8976397934749996,1.0230637570421688
2024-04-16,0.8895245934749997,1.012120956354191
2024-04-17,0.9011901934749995,1.0277702397261832
2024-04-18,0.9027117934749996,1.0290382466613062
2024-04-19,0.8956109934749997,1.0209265824907001
2024-04-22,0.8938357934749996,1.0178256327307909
2024-04-23,0.8874957934749996,1.0107114415977418
2024-04-24,0.8910424790999997,1.015149811785085
2024-04-25,0.8935812163749998,1.0176459878453745
2024-04-26,0.9062612163749996,1.0332084755257769
2024-04-29,0.9171573221249997,1.0446362770476965
2024-04-30,0.9125925413749996,1.0390099502857568
2024-05-06,0.9252374013749997,1.0544268944766748
2024-05-07,0.9257504498749995,1.0547528899852068
2024-05-08,0.9183960498749996,1.0464554697745463
2024-05-09,0.9272720498749997,1.0563537242385286
2024-05-10,0.9277794183749997,1.0568484106760487
2024-05-13,0.9270266546749997,1.0563911118213887
2024-05-14,0.9255050546749997,1.0541872622667159
2024-05-15,0.9189114546749997,1.0452541666688284
2024-05-16,0.9219508396749996,1.0493772646944586
2024-05-17,0.9323480761749997,1.0602189142426857
2024-05-20,0.9343748954249997,1.0639642160763607
2024-05-21,0.9313329194999997,1.0596975923953251
2024-05-22,0.9333617194999997,1.062087255642455
2024-05-23,0.9239785194999995,1.049790200025586
2024-05-24,0.9135809194999996,1.0381685423010951
2024-05-27,0.9211857688749996,1.0480364716014932
2024-05-28,0.9153529780999996,1.0403872950017499
2024-05-29,0.9156065780999996,1.0416412059245221
2024-05-30,0.9120561780999995,1.036103635035849
2024-05-31,0.9085104273499996,1.0319562941750722
2024-06-03,0.9097787588499997,1.0344998028576105
2024-06-04,0.9161187588499997,1.0422607098129173
2024-06-05,0.9128219588499997,1.03624243319427
2024-06-06,0.9128229558499997,1.0355078839371816
2024-06-07,0.9069939757499996,1.0302813765848573
2024-06-11,0.9006555973999998,1.0212768784867812
2024-06-12,0.8996411973999997,1.0216358799956022
2024-06-13,0.8963526755249995,1.016449498715245
2024-06-14,0.9014277346499995,1.0208894543436502
2024-06-17,0.8988917346499996,1.019351720644593
2024-06-18,0.9016782037749996,1.022058962149526
2024-06-19,0.8991439148499996,1.0172042839655235
2024-06-20,0.8933113376999996,1.0098630288462065
2024-06-21,0.8917897376999996,1.007654394142147
2024-06-24,0.8871292036999996,1.0022323010151837
2024-06-25,0.8871292036999996,0.9967818717325141
2024-06-26,0.8871292036999996,1.0032281309592765
2024-06-27,0.8871292036999996,0.9956908576723038
2024-06-28,0.8871292036999996,0.9978642091061853
2024-07-01,0.8871292036999996,1.0026279406256358
2024-07-02,0.8871292036999996,1.0007839285396167
2024-07-03,0.8871292036999996,0.9983707142861672
2024-07-04,0.8871292036999996,0.9932969281474074
2024-07-05,0.8871292036999996,0.9890444004787224
2024-07-08,0.8871292036999996,0.9805982947226547
2024-07-09,0.8871292036999996,0.9915668660344388
2024-07-10,0.8871292036999996,0.9884405492175388
2024-07-11,0.8871292036999996,0.999741371323499
2024-07-12,0.8871292036999996,1.0009614114599485
2024-07-15,0.8871292036999996,1.0020698653718398
2024-07-16,0.8871292036999996,1.0084220070519265
2024-07-17,0.8871292036999996,1.0093735311248888
2024-07-18,0.8871292036999996,1.0149506515615065
2024-07-19,0.8871292036999996,1.0201637547303075
2024-07-22,0.8871292036999996,1.0132193210956884
2024-07-23,0.8871292036999996,0.9915861219367909
2024-07-24,0.8871292036999996,0.9853274924531563
2024-07-25,0.8871292036999996,0.9798808682290352
2024-07-26,0.8871292036999996,0.9827696859748597
2024-07-29,0.8871292036999996,0.9774221085778069
2024-07-30,0.8871292036999996,0.9712648608435318
2024-07-31,0.8871292036999996,0.9922221720646323
2024-08-01,0.8871292036999996,0.9856446671441438
2024-08-02,0.8871292036999996,0.9755916159801159
2024-08-05,0.8871292036999996,0.9637522916109239
2024-08-06,0.8871292036999996,0.9636538213078781
2024-08-07,0.8871292036999996,0.9632243397373045
2024-08-08,0.8871292036999996,0.9636417143034053
2024-08-09,0.8871292036999996,0.9603816150870801
2024-08-12,0.8871292036999996,0.9587203899424
2024-08-13,0.8871292036999996,0.9611780541979855
2024-08-14,0.8871292036999996,0.9539278610480248
2024-08-15,0.8871292036999996,0.9633580933105282
2024-08-16,0.8871292036999996,0.9644191857739699
2024-08-19,0.8871292036999996,0.9676862609309675
2024-08-20,0.8871292036999996,0.960691785011194
2024-08-21,0.8871292036999996,0.9575011857657834
2024-08-22,0.8871292036999996,0.955051160453496
2024-08-23,0.8871292036999996,0.9591026253693284
2024-08-26,0.8871292036999996,0.9582472366771208
2024-08-27,0.8871292036999996,0.9528021690678603
2024-08-28,0.8871292036999996,0.9473718316473753
2024-08-29,0.8871292036999996,0.9448309749753405
2024-08-30,0.8871292036999996,0.9574427550561012
2024-09-02,0.8871292036999996,0.9411786376402963
2024-09-03,0.8871292036999996,0.9436049966414592
2024-09-04,0.8871292036999996,0.9374755950174719
2024-09-05,0.8871292036999996,0.939087815620238
2024-09-06,0.8871292036999996,0.9314742105526841
2024-09-09,0.8871292036999996,0.9204066500662339
2024-09-10,0.8871292036999996,0.9212148214409975
2024-09-11,0.8871292036999996,0.9184402131040335
2024-09-12,0.8871292036999996,0.9145039376879
2024-09-13,0.8871292036999996,0.9106908942815792
2024-09-18,0.8871292036999996,0.9140817779724123
2024-09-19,0.8871292036999996,0.9212956789351554
2024-09-20,0.8871292036999996,0.9227410246596043
2024-09-23,0.8871292036999996,0.9261177835118857
2024-09-24,0.8871292036999996,0.9662280298946154
2024-09-25,0.8871292036999996,0.9805327439412945
2024-09-26,0.8871292036999996,1.0219811890588886
2024-09-27,0.8871292036999996,1.067631658340795
2024-09-30,0.8871292036999996,1.1581948191129934
2024-10-08,0.8871292036999996,1.226870850720577
2024-10-09,0.8324928620749996,1.1403598755192392
2024-10-10,0.8456859608249996,1.1524103806378787
2024-10-11,0.8231982280499994,1.1205225775166814
2024-10-14,0.8362097345499996,1.1419045275065665
2024-10-15,0.8136676331499996,1.1115368452755383
2024-10-16,0.8084951331499995,1.1045015514549708
2024-10-17,0.7996667293999996,1.092000406334131
2024-10-18,0.8313425719999996,1.1314958474992491
2024-10-21,0.8313425719999996,1.1343679172222196
2024-10-22,0.8363105719999996,1.1408763257386094
2024-10-23,0.8394155719999995,1.1453251886631624
2024-10-24,0.8303075719999996,1.132533417782572
2024-10-25,0.8363105719999996,1.14048587484436
2024-10-28,0.8375525719999996,1.1427158409372526
2024-10-29,0.8307247657499995,1.1313272142226631
2024-10-30,0.8220318657249995,1.1211803049477693
2024-10-31,0.8220318657249995,1.1216389009814802
2024-11-01,0.8236878657249995,1.1213450755134047
2024-11-04,0.8346533679749996,1.137124999228899
2024-11-05,0.8563890673749994,1.1658966035297913
2024-11-06,0.8510070673749995,1.1600479402785684
2024-11-07,0.8793660673749996,1.1950464364156557
2024-11-08,0.8683203033749995,1.1830408425183698
2024-11-11,0.8727328425749995,1.1908481884836903
2024-11-12,0.8632108425749995,1.1777644946642989
2024-11-13,0.8685928425749997,1.1850134482876111
2024-11-14,0.8538958425749994,1.1644687264832247
2024-11-15,0.8396128425749995,1.1440631487516726
2024-11-18,0.8361133804499996,1.1387446569915558
2024-11-19,0.8402495744499995,1.1463866558672187
2024-11-20,0.8423206732999995,1.1489468549202086
2024-11-21,0.8433556732999997,1.1499630361622963
2024-11-22,0.8185156732999995,1.1143341398327884
2024-11-25,0.8139616732999996,1.1092584223385533
2024-11-26,0.8123056732999996,1.1069793652251432
2024-11-27,0.8255536732999995,1.1262525632978695
2024-11-28,0.8195506732999995,1.1163091958291254
2024-11-29,0.8284516732999997,1.1290021504922563
2024-12-02,0.8346616732999994,1.1379523400274114
2024-12-03,0.8354896732999996,1.1391801055857624
2024-12-04,0.8311426732999996,1.1330302085327746
2024-12-05,0.8296936732999994,1.1304448730324026
2024-12-06,0.8400436732999996,1.1453054715415922
2024-12-09,0.8394226732999995,1.143411676606229
2024-12-10,0.8463812084249996,1.1517903290516622
2024-12-11,0.8443468855749995,1.1498283889768377
2024-12-12,0.8530492855749996,1.1612648960114973
2024-12-13,0.8329508855749995,1.1337866080503163
2024-12-16,0.8279780855749994,1.1276353273396742
2024-12-17,0.8302572855749994,1.130573236106016
2024-12-18,0.8337742705749996,1.1362971395587664
2024-12-19,0.8350312705749995,1.1373272438559978
2024-12-20,0.8325448705749995,1.1322194139737085
2024-12-23,0.8333736705749996,1.133899318496718
2024-12-24,0.8431120705749996,1.148345972757741
2024-12-25,0.8437331615749996,1.148905460495392
2024-12-26,0.8426790225749996,1.1494390334782312
2024-12-27,0.8426790225749996,1.147579916462822
2024-12-30,0.8426790225749996,1.152775608606143
2024-12-31,0.8426790225749996,1.134285330155994
2025-01-02,0.8192139750749997,1.1012748041533482
2025-01-03,0.8108339750749998,1.0882365980793332
2025-01-06,0.8089838281999998,1.0864507860933872
2025-01-07,0.8089838281999998,1.094273006378489
2025-01-08,0.8089838281999998,1.0922868234685172
2025-01-09,0.8089838281999998,1.0895950328073878
2025-01-10,0.8089838281999998,1.075932364738384
2025-01-13,0.8089838281999998,1.0730590843149663
2025-01-14,0.8089838281999998,1.1013164003615727
2025-01-15,0.8089838281999998,1.0942500895485936
2025-01-16,0.8089838281999998,1.0955062200888528
2025-01-17,0.8089838281999998,1.0989536319600934
2025-01-20,0.8089838281999998,1.103950221532238
2025-01-21,0.8089838281999998,1.104797164147516
2025-01-22,0.8089838281999998,1.094535641896946
2025-01-23,0.8089838281999998,1.0964748669252837
2025-01-24,0.8089838281999998,1.1048689990407217
2025-01-27,0.8089838281999998,1.100319215586027
2025-02-05,0.8089838281999998,1.0939787773435974
2025-02-06,0.8089838281999998,1.1077423082903404
2025-02-07,0.8089838281999998,1.1221183383586049
2025-02-10,0.8089838281999998,1.1245279205107126
2025-02-11,0.8089838281999998,1.1193603627396906
2025-02-12,0.8089838281999998,1.1299472174961664
2025-02-13,0.8089838281999998,1.1257034529926238
2025-02-14,0.8089838281999998,1.1354665125733259
2025-02-17,0.8089838281999998,1.1378849731953802
2025-02-18,0.8089838281999998,1.1279066683708716
2025-02-19,0.8089838281999998,1.135798503931692
2025-02-20,0.8089838281999998,1.1325514341582756
2025-02-21,0.8089838281999998,1.1468342691183004
2025-02-24,0.8089838281999998,1.1443185777198486
2025-02-25,0.8089838281999998,1.1316159086269382
2025-02-26,0.8139999232999999,1.1415006436025925
2025-02-27,0.8166090232999998,1.143857070239824
2025-02-28,0.8019579232999999,1.1213532621545244
2025-03-03,0.7993488232999998,1.1208992783129939
2025-03-04,0.7985460232999999,1.1199615619903707
2025-03-05,0.8019579232999999,1.1249628502332991
2025-03-06,0.812961306425,1.1404328058080875
2025-03-07,0.8109614974249998,1.1369094945492824
2025-03-10,0.8077502974249999,1.1325243087030163
2025-03-11,0.8101586974249999,1.1361604168868267
2025-03-12,0.808151697425,1.1320716508667374
2025-03-13,0.8041376974249999,1.127559716214121
2025-03-14,0.8243885944249999,1.1549380925622001
2025-03-17,0.821988250175,1.1521220321480172
2025-03-18,0.8237900366749997,1.1552742637197295
2025-03-19,0.8249966219749999,1.155979093163457
2025-03-20,0.8183735219749998,1.1458391310030347
2025-03-21,0.8051273219749998,1.1284580271198053
2025-03-24,0.8085392219749998,1.1342673714326925
2025-03-25,0.8089406219749998,1.1335312943869447
2025-03-26,0.8057294219749999,1.12980161635428
2025-03-27,0.8085392219749998,1.1335649057374575
2025-03-28,0.8047259219749998,1.1285936832223034
2025-03-31,0.7999091219749999,1.120562530631442
2025-04-01,0.7995078234749999,1.120671637802703
2025-04-02,0.7989055238999999,1.11972086321097
2025-04-03,0.7948915239,1.1131247365645545
2025-04-07,0.7419067238999999,1.0346993666480044
2025-04-08,0.7489312238999999,1.0523751319591421
2025-04-09,0.7561564238999998,1.0627627400134365
2025-04-10,0.7687585957749999,1.076691791007044
2025-04-11,0.7710114145249999,1.081131487199639
2025-04-14,0.7738565878999999,1.0836178911777468
2025-04-15,0.7738565878999999,1.084221108262506
2025-04-16,0.7738565878999999,1.0875607966201395
2025-04-17,0.7738565878999999,1.0873883294588036
2025-04-18,0.7738565878999999,1.0874750674979912
2025-04-21,0.7738565878999999,1.091037294128316
2025-04-22,0.7738565878999999,1.090769671677064
2025-04-23,0.7738565878999999,1.091614337022453
2025-04-24,0.7738565878999999,1.0908864754440257
2025-04-25,0.7738565878999999,1.091646420584306
2025-04-28,0.7738565878999999,1.090097041099994
2025-04-29,0.7738565878999999,1.0882112021961414
2025-04-30,0.7738565878999999,1.0869122359210095
2025-05-06,0.7738565878999999,1.0978580921863064
2025-05-07,0.7738565878999999,1.1045125054113984
2025-05-08,0.7738565878999999,1.1106436366074535
2025-05-09,0.7738565878999999,1.1087008371301763
2025-05-12,0.7738565878999999,1.1215149483166391
2025-05-13,0.7738565878999999,1.1231432539396335
2025-05-14,0.7738565878999999,1.1366778760232363
2025-05-15,0.7738565878999999,1.126297099778609
2025-05-16,0.7738565878999999,1.1210755793590794
2025-05-19,0.7738565878999999,1.1176337021184548
2025-05-20,0.7738565878999999,1.1236944685575616
2025-05-21,0.7738565878999999,1.1289437774349766
2025-05-22,0.7738565878999999,1.1282186255194553
2025-05-23,0.7738565878999999,1.119112140321796
2025-05-26,0.7738565878999999,1.11272212101343
2025-05-27,0.7738565878999999,1.106752272412674
2025-05-28,0.7738565878999999,1.1058412779784945
2025-05-29,0.7777812842749999,1.1123165651897908
2025-05-30,0.7764085842749999,1.106993086496879
2025-06-03,0.7760163842749999,1.1103889282943058
2025-06-04,0.779350084275,1.1152116093950586
2025-06-05,0.7813099870249999,1.117752004847875
2025-06-06,0.7817019870249999,1.1167224482484652
2025-06-09,0.7834659870249999,1.1199687973668533
2025-06-10,0.778957987025,1.1142667730007574
2025-06-11,0.7852299870249998,1.1226724932490477
2025-06-12,0.785622687075,1.1219731696097353
2025-06-13,0.780524087075,1.113896932840313
2025-06-16,0.782485087075,1.1166679667283372
2025-06-17,0.7822889870749999,1.1156831195668735
2025-06-18,0.765620487075,1.1170068763749736
2025-06-19,0.759541387075,1.1078171987608654
2025-06-20,0.760521887075,1.108841422513067
2025-06-23,0.7630711870749999,1.1120864744524044
2025-06-24,0.7718867130749999,1.1253847505129766
2025-06-25,0.7846202130749999,1.1415366475277986
2025-06-26,0.781679713325,1.1374875175342574
2025-06-27,0.777171614575,1.1304937910957131
2025-06-30,0.78089761555,1.134622077837546
2025-07-01,0.78207421555,1.1365485040325838
2025-07-02,0.7828586155499999,1.136814541042774
2025-07-03,0.7873689155499998,1.1438431471846804
2025-07-04,0.7907026155499999,1.1479179613234247
2025-07-07,0.78717281555,1.1430092051861103
2025-07-08,0.79384021555,1.1526020172229632
2025-07-09,0.79325191555,1.150569164693369
2025-07-10,0.7971739155500001,1.1559376699124393
2025-07-11,0.7999193155499998,1.157316340633684
2025-07-14,0.7997232155499999,1.1581410005954917
2025-07-15,0.7997231052999999,1.1585435873204148
2025-07-16,0.7979591052999999,1.155124079211864
2025-07-17,0.8044303035749999,1.1629904900632912
2025-07-18,0.8103074765749999,1.1699253822253377
2025-07-21,0.815204976575,1.17772534868317
2025-07-22,0.8238286725999998,1.187339175020644
2025-07-23,0.8234366726,1.1875727537283665
2025-07-24,0.8285355677249997,1.1960096927524762
2025-07-25,0.8242213677249999,1.18970442247542
2025-07-28,0.8263784677249999,1.1922010021025253
2025-07-29,0.830496567725,1.1968709908159145
2025-07-30,0.8299082677249999,1.1966441862654567
2025-07-31,0.8148085677249999,1.1748381163784074
2025-08-01,0.8104943677249999,1.168881873744583
2025-08-04,0.8142202677249999,1.173428832231567
2025-08-05,0.8202993677249998,1.1828687500976487
2025-08-06,0.8224564677249999,1.1857615170330273
2025-08-07,0.8222603677249998,1.1861018968159212
2025-08-08,0.8202993677249998,1.1833060147425265
2025-08-11,0.8240252677249998,1.1883631969894375
2025-08-12,0.8291238677249998,1.1945073864546027
2025-08-13,0.8359805092249998,1.2039486591521371
2025-08-14,0.8346082025999998,1.2030076278163848
2025-08-15,0.84225739655,1.2113788142757262
2025-08-18,0.8485291593,1.222061573803348
2025-08-19,0.8442149511499999,1.2174383123619836
2025-08-20,0.8557848511499999,1.2312811441880238
2025-08-21,0.8585287051499999,1.236087884399554
2025-08-22,0.878334995775,1.262010422285974
2025-08-25,0.89513693215,1.2883068360009964
2025-08-26,0.89044082135,1.2835126928393583
2025-08-27,0.8775048213499997,1.2643536753492912
2025-08-28,0.8939688213499999,1.286738777138355
2025-08-29,0.9022008213499999,1.2962448223098193
2025-09-01,0.9051393454749997,1.3040140600372516
2025-09-02,0.9000435301499999,1.2944269555882213
2025-09-03,0.89200753015,1.2855994503650578
2025-09-04,0.87377953015,1.2583237817715902
2025-09-05,0.8929875301499999,1.285742226539234
2025-09-08,0.8931835301499998,1.2878316649016384
2025-09-09,0.8878915301499998,1.2788047688452873
2025-09-10,0.8898515301499998,1.2814298268508106
2025-09-11,0.9137635301499999,1.3110255722418902
2025-09-12,0.90611953015,1.303520238385765
2025-09-15,0.9076875301499998,1.3067077532276552
2025-09-16,0.9059235301499999,1.3039061347402363
2025-09-17,0.9123915301499997,1.3118870432625356
2025-09-18,0.90082753015,1.2966339471988169
2025-09-19,0.9027875301499999,1.2977323695927163
2025-09-22,0.9057275301499998,1.3036960782126326
2025-09-23,0.9063153733999999,1.302880325546973
2025-09-24,0.91435614355,1.3162247523555475
2025-09-25,0.9206281435499999,1.3241279454396113
2025-09-26,0.9120041435499999,1.3116061895849667
2025-09-29,0.9270961435499999,1.33178571224729
2025-09-30,0.9296428517999998,1.3377356419430682
2025-10-09,0.9443149690499998,1.3575647533045059
2025-10-10,0.92531409035,1.3308578833116531
2025-10-13,0.9200220903499998,1.3242694820871392
2025-10-14,0.9108990028499998,1.3084398331747027
2025-10-15,0.92284432465,1.3278178144885215
2025-10-16,0.9257889901999998,1.3313155569069277
2025-10-17,0.9067672901999998,1.3012823162613614
2025-10-20,0.9099105950749997,1.3081964535585973
2025-10-21,0.923581729475,1.32827430620955
2025-10-22,0.9206530259749999,1.3238634650442818
2025-10-23,0.9241810259749998,1.3278341877707607
2025-10-24,0.9353290709749998,1.3434979995481204
2025-10-27,0.9462554619749999,1.3594490067672966
2025-10-28,0.9415651767249998,1.3525175737493853
2025-10-29,0.9533135742249998,1.368621273355925
2025-10-30,0.945670131325,1.3576884177073356
2025-10-31,0.9325381313249999,1.3377281759569764
2025-11-03,0.9339101313249999,1.3413992503227525
2025-11-04,0.9272461313249999,1.3313954631364484
2025-11-05,0.928422131325,1.3338624094287965
2025-11-06,0.9421283458249998,1.3529298460778867
2025-11-07,0.9401711063249999,1.3487186840078174
2025-11-10,0.942523106325,1.3534047577414348
2025-11-11,0.9339081028249999,1.3410425837362228
2025-11-12,0.9343016651249998,1.339238755374573
2025-11-13,0.9435136651249999,1.3554292506727026
2025-11-14,0.9295976651249999,1.3341168871323354
2025-11-17,0.9235216651249999,1.3254438615210051
2025-11-18,0.9182296651249999,1.3168364443434373
2025-11-19,0.9209736651249999,1.3226303378125213
2025-11-20,0.916899760125,1.31590117824791
2025-11-21,0.894977598875,1.2838058841310092
2025-11-24,0.893613737,1.2822032050008154
2025-11-25,0.9014269195000001,1.2944130901854798
2025-11-26,0.9071051144999999,1.3022598127415383
2025-11-27,0.9063215144999999,1.3016190639429133
2025-11-28,0.9088694989749999,1.304864577101469
2025-12-01,0.919047456725,1.3192269435503998
2025-12-02,0.914931405275,1.3128416805652197
2025-12-03,0.9108154052749998,1.3061291825448589
2025-12-04,0.913167405275,1.3106023747831619
2025-12-05,0.921203405275,1.321547798655442
2025-12-08,0.9225972102750001,1.3322762477118482
2025-12-09,0.9225972102750001,1.325493067846327
2025-12-10,0.9225972102750001,1.3236493728485204
2025-12-11,0.9225972102750001,1.3122219460672153
2025-12-12,0.9225972102750001,1.320513860473461
2025-12-15,0.9225972102750001,1.3121858556634056
2025-12-16,0.9225972102750001,1.296474105913574
2025-12-17,0.9225972102750001,1.3202039788113584
2025-12-18,0.9225972102750001,1.312397151717658
2025-12-19,0.9225972102750001,1.3168322068918719
2025-12-22,0.9225972102750001,1.3293558652757909
2025-12-23,0.9225972102750001,1.33198210515556
2025-12-24,0.9225972102750001,1.3358230523245709
2025-12-25,0.9225972102750001,1.3382666782202082
2025-12-26,0.9225972102750001,1.3425053693123525
2025-12-29,0.9225972102750001,1.3373547325213913
2025-12-30,0.9225972102750001,1.3407878465968737
2025-12-31,0.9225972102750001,1.334635672273997
2026-01-05,0.9225972102750001,1.3599468640869408
2026-01-06,0.9354836140250001,1.3809750301104082
2026-01-07,0.9320618140250002,1.3769312906164775
2026-01-08,0.9248380140250003,1.3656855553808687
2026-01-09,0.9290202140250002,1.3718164559673147
2026-01-12,0.9343377907750003,1.380750675787046
2026-01-13,0.9311094907750003,1.372424775289673
2026-01-14,0.9254062459750002,1.3669184520030202
2026-01-15,0.9271171459750003,1.369656566369359
2026-01-16,0.9241154147250003,1.364019170346187
2026-01-19,0.9012341120500004,1.364763693468865
2026-01-20,0.8985713120500003,1.3602733208146907
2026-01-21,0.8997125120500004,1.361481426903874
2026-01-22,0.8991451415500002,1.361665885764878
2026-01-23,0.8947739049500002,1.3555511278510626
2026-01-26,0.8962933159500002,1.3568389095601576
2026-01-27,0.8959125625500003,1.3564721826294348
2026-01-28,0.8987626094250002,1.3600176900631067
2026-01-29,0.9069411189250002,1.3703600409816337
2026-01-30,0.8960997189250003,1.3566590628913338
2026-02-02,0.8749875189250002,1.3277290297890538
2026-02-03,0.8871126389250001,1.3433319318034345
2026-02-04,0.8953085781250002,1.3544518694973304
2026-02-05,0.8899829781250003,1.346304316706323
2026-02-06,0.8842769781250003,1.338572293604544
2026-02-09,0.8990444143750003,1.3603245449740913
2026-02-10,0.9001730395000002,1.3618349514344812
2026-02-11,0.8982730031500001,1.3588148015163273
2026-02-12,0.8982898745250002,1.3604750465701694
2026-02-13,0.8982898745250002,1.3434178915351918
2026-02-24,0.8982898745250002,1.3570061015266874
2026-02-25,0.8982898745250002,1.3651759657973663
2026-02-26,0.8982898745250002,1.362578177378108
2026-02-27,0.8982898745250002,1.3579005497214205
2026-03-02,0.8982898745250002,1.3630955788621157
2026-03-03,0.8982898745250002,1.3421180028216237
2026-03-04,0.8982898745250002,1.3267618530888803
2026-03-05,0.8982898745250002,1.3397530724550601
2026-03-06,0.8982898745250002,1.3434275194863678
2026-03-09,0.8982898745250002,1.330460369998128
2026-03-10,0.8982898745250002,1.3475546243539542
2026-03-11,0.8982898745250002,1.3561274500901712
2026-03-12,0.8982898745250002,1.3512455023199037
2026-03-13,0.8982898745250002,1.345935687246326
2026-03-16,0.8982898745250002,1.3466330218777607
2026-03-17,0.8982898745250002,1.3367975508798302
2026-03-18,0.8982898745250002,1.3428202667334512
2026-03-19,0.8982898745250002,1.3211771801875676
2026-03-20,0.8982898745250002,1.31649776530641
2026-03-23,0.8982898745250002,1.273540729779097
2026-03-24,0.8982898745250002,1.2898924788463244
2026-03-25,0.8982898745250002,1.3079789598711031
2026-03-26,0.8982898745250002,1.2907030427957817
2026-03-27,0.8982898745250002,1.2979198263786376
2026-03-30,0.8982898745250002,1.294858541471477
2026-03-31,0.8982898745250002,1.2827801614163488
2026-04-01,0.8982898745250002,1.3046931188571724
2026-04-02,0.8982898745250002,1.2911007867189157
2026-04-03,0.8982898745250002,1.2801107398872928
2026-04-07,0.8982898745250002,1.2800609570379486
2026-04-08,0.8982898745250002,1.3247242154098988
2026-04-09,0.8982898745250002,1.3162688276170686
2026-04-10,0.8982898745250002,1.336545696360594
2026-04-13,0.8982898745250002,1.3393098696127503
2026-04-14,0.8982898745250002,1.3552014948576074
2026-04-15,0.8982898745250002,1.3505785505044556
2026-04-16,0.8982898745250002,1.3653840621432936
2026-04-17,0.8982898745250002,1.363096385995747
2026-04-20,0.8982898745250002,1.3713897705382503
2026-04-21,0.8982898745250002,1.3744324048932823
2026-04-22,0.8982898745250002,1.3835501323093806
2026-04-23,0.8982898745250002,1.3797163340382492
2026-04-24,0.8982898745250002,1.3748278427203262
2026-04-27,0.8982898745250002,1.3752827490002928
2026-04-28,0.8982898745250002,1.3716106945436786
2026-04-29,0.9105262385250001,1.3866402434176668
2026-04-30,0.9110926310250003,1.3857639557296426
2026-05-06,0.9231265237750003,1.4058806949259142
2026-05-07,0.9276269201500003,1.4126308111387438
2026-05-08,0.9227305866500003,1.404387209445585
