date,nav_strategy,nav_benchmark
2016-01-04,1.0,1.0
2016-01-05,1.0,1.002800033046357
2016-01-06,1.0,1.0203922312004308
2016-01-07,1.0,0.9496457288707836
2016-01-08,1.0,0.9690109690037048
2016-01-11,1.0,0.9202620290151856
2016-01-12,1.0,0.9269670033970524
2016-01-13,1.0,0.9097199413490581
2016-01-14,1.0,0.9286566511760426
2016-01-15,1.0,0.8990114111976301
2016-01-18,1.0,0.9024702094183155
2016-01-19,1.0,0.9291045238629346
2016-01-20,1.0,0.9150526156001288
2016-01-21,1.0,0.8882348223853439
2016-01-22,1.0,0.8974929910533271
2016-01-25,1.0,0.9019389713577676
2016-01-26,1.0,0.8476368943319674
2016-01-27,1.0,0.8447091323884219
2016-01-28,1.0,0.8226295018526887
2016-01-29,1.0,0.8492458864002076
2016-02-01,1.0,0.836261844758108
2016-02-02,1.074162691,0.8536400083688227
2016-02-03,1.0997433665,0.8499804933096982
2016-02-04,1.13738607475,0.8603928630707594
2016-02-05,1.1111448915,0.8543478933898696
2016-02-15,1.12769485275,0.8494235711039472
2016-02-16,1.20559663225,0.8754619038402899
2016-02-17,1.2418063532499999,0.8830387555014083
2016-02-18,1.21970111875,0.8802652713862883
2016-02-19,1.2346232489999998,0.8796560296254939
2016-02-22,1.26064783,0.8990510183979769
2016-02-23,1.2482217439999999,0.8905460495392101
2016-02-24,1.2532654267499999,0.8963638111028264
2016-02-25,1.1281158272499998,0.841364774186206
2016-02-26,1.09503400975,0.8498052300068532
2016-02-29,0.9920274447499999,0.8294643094444263
2016-03-01,1.01405030625,0.84480766034387
2016-03-02,1.0652472099999999,0.8795833011200535
2016-03-03,1.05940210375,0.8816268481702654
2016-03-04,0.98056536625,0.8918508098807685
2016-03-07,1.014176043,0.8950073365564485
2016-03-08,1.0231278667500001,0.8958239828343431
2016-03-09,1.02289023375,0.8855140902182841
2016-03-10,1.00422569025,0.8685754396961349
2016-03-11,0.99201797275,0.8700567316933876
2016-03-14,1.0476418140000001,0.8837220805990961
2016-03-15,1.0407351985,0.8863421516718244
2016-03-16,1.034468586,0.8907390697819487
2016-03-17,1.08256790575,0.9005892997948554
2016-03-18,1.140316014,0.9143564340167392
2016-03-21,1.18537383675,0.9366893027293627
2016-03-22,1.206033702,0.9298727997753401
2016-03-23,1.23286316325,0.9328425038415237
2016-03-24,1.226680935,0.9172066823054572
2016-03-25,1.2040069755,0.9218091312296086
2016-03-28,1.1928252515,0.9137122549001804
2016-03-29,1.1649438355000001,0.9038195350668141
2016-03-30,1.2088892692500002,0.9271299867382178
2016-03-31,1.20923887275,0.9276524904598246
2016-04-01,1.19445396325,0.9287498751104836
2016-04-05,1.23831579875,0.9410272424319835
2016-04-06,1.2482353932499999,0.9390214577052464
2016-04-07,1.2018668659999998,0.9251164477633779
2016-04-08,1.1843286312499999,0.9183237264252841
2016-04-11,1.20556020125,0.9311138830386113
2016-04-12,1.18501568625,0.9277567836554979
2016-04-13,1.1968769375,0.9401328518896526
2016-04-14,1.20678089225,0.944297949690323
2016-04-15,1.19691734875,0.9432524810278916
2016-04-18,1.17481611475,0.9306403838589186
2016-04-19,1.1927026907499998,0.93347970701741
2016-04-20,1.1258868597499998,0.9169690679295771
2016-04-21,1.09023520725,0.9110818640474488
2016-04-22,1.100885176,0.915203405458218
2016-04-25,1.0843324085,0.9114940210711459
2016-04-26,1.095725501,0.9164311998427703
2016-04-27,1.0875262267499999,0.9126131983298559
2016-04-28,1.0833687989999998,0.9110754069783966
2016-04-29,1.0756588015,0.9099696915556122
2016-05-03,1.11068025425,0.9263414171802198
2016-05-04,1.10726188975,0.9251657982197053
2016-05-05,1.155845903,0.9264510143969001
2016-05-06,1.1055347439999998,0.9023622552950993
2016-05-09,1.0095423934999999,0.8837004609482517
2016-05-10,1.004658778,0.8847085132016218
2016-05-11,0.983686808,0.8886566073602169
2016-05-12,0.9675848409999999,0.8907691643359241
2016-05-13,0.9589686974999999,0.8863869764145752
2016-05-16,0.9802056642499999,0.8922598536747439
2016-05-17,0.9842783199999999,0.8895837444670268
2016-05-18,0.9320072039999999,0.8843981703203012
2016-05-19,0.937177258,0.8828024671307799
2016-05-20,0.9456410767499999,0.8873333982499382
2016-05-23,0.9678329877499999,0.8899289670517097
2016-05-24,0.9578494509999999,0.883106698857462
2016-05-25,0.9596738772499999,0.8818586108273171
2016-05-26,0.9663867679999999,0.8832956546058417
2016-05-27,0.95108690925,0.8828022076949699
2016-05-30,0.9446539092499999,0.8840158484147693
2016-05-31,0.9930127714999999,0.9136636827512833
2016-06-01,1.0076611444999999,0.911065634896215
2016-06-02,1.0086535902499998,0.912954529377387
2016-06-03,1.0009708414999998,0.9193613831872104
2016-06-06,1.0073860449999996,0.9163239087221801
2016-06-07,1.0052995627499997,0.9158238606112503
2016-06-08,1.0012208234999997,0.9120570832577365
2016-06-13,0.9456080314999997,0.8839097103422241
2016-06-14,0.9481070679999998,0.8866891614809772
2016-06-15,0.9887619114999997,0.8983305651532392
2016-06-16,0.9916148854999998,0.8920771820382095
2016-06-17,0.9958533832499997,0.8965978222035659
2016-06-20,0.9915556569999998,0.8972657829360534
2016-06-21,0.9877141309999997,0.8954333301566859
2016-06-22,1.0041549637499998,0.9034019298911043
2016-06-23,1.0012738529999998,0.8986040104971188
2016-06-24,0.9757113017499998,0.8870270045581718
2016-06-27,0.9961697664999998,0.8995343761384548
2016-06-28,1.0284560657499997,0.9041053468509768
2016-06-29,1.0374901719999998,0.9084259620067209
2016-06-30,1.0362973109999998,0.9091556108096178
2016-07-01,1.0328413394999998,0.9092361223893622
2016-07-04,1.04724597925,0.9237921720836575
2016-07-05,1.041011192,0.9245665879769028
2016-07-06,1.04538598925,0.9272822467325644
2016-07-07,1.0526766427499998,0.9253078537388534
2016-07-08,1.048738002,0.9202131686042774
2016-07-11,1.02916378875,0.9233982908714742
2016-07-12,1.03722839825,0.9435341130128908
2016-07-13,1.0625915444999998,0.946326161201536
2016-07-14,1.07115672025,0.9445664945800111
2016-07-15,1.05670450225,0.9444263415901374
2016-07-18,1.0513028894999998,0.9403170801410476
2016-07-19,1.0562340872499998,0.936342494703618
2016-07-20,1.06472278675,0.933278557785954
2016-07-21,1.0623744625,0.9375787351651
2016-07-22,1.044754515,0.9296917135798677
2016-07-25,1.04461685625,0.9313414082440975
2016-07-26,1.0590953424999998,0.9424980705182276
2016-07-27,1.0009523905,0.9276971998977707
2016-07-28,0.9923173942499999,0.9285312860273465
2016-07-29,0.9850938929999999,0.923571421035436
2016-08-01,0.951044624,0.9157533805494976
2016-08-02,0.9639706674999999,0.9192828029629414
2016-08-03,0.96313190125,0.9205668372658902
2016-08-04,0.976768707,0.9228099481064961
2016-08-05,0.9653060394999999,0.9239114837301172
2016-08-08,0.98970579075,0.9322921828358306
2016-08-09,1.0149774114999999,0.938863980168496
2016-08-10,1.0137890052499998,0.934931971030129
2016-08-11,1.0017909375,0.9320549720267661
2016-08-12,1.006229648,0.9496024319166928
2016-08-15,1.025166372,0.9781951984658003
2016-08-16,1.030526195,0.9738197270493137
2016-08-17,1.055004395,0.9723214852457989
2016-08-18,1.04809855375,0.9698532417744001
2016-08-19,1.0641912919999998,0.9700073466456188
2016-08-22,1.03714322125,0.9618712090302571
2016-08-23,1.0301296599999998,0.9633225794307413
2016-08-24,1.0377823852499999,0.9598730344206172
2016-08-25,1.0195203852499999,0.9538509527434212
2016-08-26,1.0298222565,0.9533084724644344
2016-08-29,1.02504663075,0.9535076615142137
2016-08-30,1.0324138917499999,0.954720091533566
2016-08-31,1.03146015925,0.9592765338407205
2016-09-01,1.0206791984999999,0.951719139865362
2016-09-02,1.01913575975,0.9553332248315123
2016-09-05,1.02984333875,0.9569377200123768
2016-09-06,1.04394104025,0.963552064817904
2016-09-07,1.03837565325,0.9630306853181412
2016-09-08,1.0422729949999998,0.9626694353656323
2016-09-09,1.040742502,0.9564660368833549
2016-09-12,1.0039733775,0.9404848774578011
2016-09-13,1.0112672974999999,0.9398301479516303
2016-09-14,1.027817236,0.9336027948962172
2016-09-19,1.037937033,0.9406347448774544
2016-09-20,1.0303447049999999,0.9389856555634482
2016-09-21,1.0308175789999998,0.9416471498871944
2016-09-22,1.03211303025,0.9487051875804502
2016-09-23,1.01590850075,0.9442502135012585
2016-09-26,0.99409229375,0.9282854850103466
2016-09-27,1.0085434615,0.9341864389904119
2016-09-28,0.998462228,0.9313429648589583
2016-09-29,0.9884486975,0.9352336372249108
2016-09-30,0.98663930275,0.9377984196438799
2016-10-10,1.00999679025,0.9494972739349856
2016-10-11,1.02305728975,0.9531548576386348
2016-10-12,1.02377909275,0.9512674909461226
2016-10-13,1.0173203825,0.9520272343029949
2016-10-14,1.03391368975,0.9529504222202505
2016-10-17,1.02932633075,0.9448879067225642
2016-10-18,1.0514952337499999,0.9574139576811764
2016-10-19,1.09020336675,0.9559462139984528
2016-10-20,1.15558129775,0.956627578914464
2016-10-21,1.1392149295,0.9592610253445147
2016-10-24,1.1645029120000001,0.9707447496966186
2016-10-25,1.18091451675,0.9707092646430326
2016-10-26,1.17511505675,0.9670614818477663
2016-10-27,1.18318231925,0.9644367697566567
2016-10-28,1.1957958127500001,0.9628314962683617
2016-10-31,1.180354838,0.9617221487442354
2016-11-01,1.19403881425,0.9682869413100275
2016-11-02,1.2132568854999999,0.9608788670565007
2016-11-03,1.2498180359999997,0.9700261701549541
2016-11-04,1.2309081645,0.9668812027859255
2016-11-07,1.2087710867500001,0.9675778455885333
2016-11-08,1.21208943325,0.9717651683902716
2016-11-09,1.21104437775,0.966558291680914
2016-11-10,1.23604464775,0.9773846056901421
2016-11-11,1.27835564775,0.9850550272001152
2016-11-14,1.29409194825,0.9888102452469774
2016-11-15,1.2846225734999999,0.9887011380757161
2016-11-16,1.27313572225,0.9886211165413907
2016-11-17,1.25525899475,0.9906224908593556
2016-11-18,1.2411536685,0.9851225669893529
2016-11-21,1.230472523,0.9919414625180689
2016-11-22,1.236085206,0.999797495937091
2016-11-23,1.219228206,1.001632341291152
2016-11-24,1.20546606675,1.0056712668094947
2016-11-25,1.1978532707499998,1.015056559024443
2016-11-28,1.20019497875,1.0190294725422073
2016-11-29,1.181430801,1.0273774539096427
2016-11-30,1.188168697,1.019871284093685
2016-12-01,1.1916146970000001,1.0276644475680516
2016-12-02,1.185517697,1.0172635794612392
2016-12-05,1.1981430375000004,1.00009832617204
2016-12-06,1.2246261350000003,0.997142487508598
2016-12-07,1.2278521915000002,1.0019259073234175
2016-12-08,1.2019001397500004,1.0003102852289183
2016-12-09,1.1697831397500003,1.0071011040377378
2016-12-12,1.1071641022500003,0.9827369105841797
2016-12-13,1.1127243442500003,0.9815423816357266
2016-12-14,1.1014751740000004,0.9740215681095966
2016-12-15,1.1315608695000003,0.9629201656630247
2016-12-16,1.1435519280000004,0.9645334816614337
2016-12-19,1.1108163845,0.9596192485459055
2016-12-20,1.1140773845000003,0.953877472848457
2016-12-21,1.1265907887500004,0.9623731020180589
2016-12-22,1.1187527887500004,0.9615475196178153
2016-12-23,1.0965199932500003,0.9534551690019636
2016-12-26,1.1043889932500004,0.9577218791616026
2016-12-27,1.0994161422500002,0.9559878678590797
2016-12-28,1.0910258857500004,0.9518090776128746
2016-12-29,1.0909873782500004,0.9506203139046466
2016-12-30,1.0834418545000004,0.9541705488353033
2017-01-03,1.0949598790000001,0.9634371347540153
2017-01-04,1.1210152595000005,0.9709563051866811
2017-01-05,1.1125747367500003,0.9708056882857986
2017-01-06,1.0940467367500004,0.9650050783118522
2017-01-09,1.1042413167500003,0.9696849832384288
2017-01-10,1.1178416012500003,0.9680621257674471
2017-01-11,1.1188760090000003,0.9612083505353687
2017-01-12,1.1206466140000002,0.9563449956648276
2017-01-13,1.0856916140000004,0.9570045679727877
2017-01-16,1.0143033627500002,0.9568700360921333
2017-01-17,1.0158069612500003,0.9588621571995368
2017-01-18,0.9986775315000003,0.9626121577039953
2017-01-19,0.9864588097500002,0.959707572026155
2017-01-20,0.9988498097500003,0.967087079514366
2017-01-23,1.0085758097500002,0.9697366974432485
2017-01-24,1.0051598040000003,0.9698433832136151
2017-01-25,1.0101528565000002,0.9731449345071592
2017-01-26,1.0116723197500002,0.9766203366196932
2017-02-03,1.0236873197500003,0.9698553172608813
2017-02-06,1.0373264817500003,0.9723668865125722
2017-02-07,1.0380124817500003,0.9701990985355079
2017-02-08,1.0573823502500002,0.9752733458934857
2017-02-09,1.0704891602500002,0.9790220780450946
2017-02-10,1.0548871602500003,0.9839785703714734
2017-02-13,1.0617717290000004,0.9905475427364285
2017-02-14,1.0607388440000003,0.9904118289815281
2017-02-15,1.0437484737500002,0.986349900154687
2017-02-16,1.05087047375,0.9918902960110706
2017-02-17,1.036302607,0.9862717234972338
2017-02-20,1.0523856070000004,1.0006706127429912
2017-02-21,1.0788485632500002,1.0039655628364774
2017-02-22,1.0827775105000004,1.0059642851439385
2017-02-23,1.0830082575000004,1.001227246686731
2017-02-24,1.0835774125000004,1.0013794778548764
2017-02-27,1.0682307967500002,0.9934151155720233
2017-02-28,1.0683541815000002,0.9953140415711871
2017-03-01,1.0820901815000001,0.9969361783871407
2017-03-02,1.0653883052500004,0.9902077683037585
2017-03-03,1.0590220837500004,0.9881226250453219
2017-03-06,1.0685483457500002,0.993490409609364
2017-03-07,1.0873351077500004,0.9956444474884911
2017-03-08,1.1002436187500004,0.9941382208272647
2017-03-09,1.0945709100000003,0.9878577122569756
2017-03-10,1.0878618750000004,0.9881309269912462
2017-03-13,1.0885034480000004,0.9968382846081172
2017-03-14,1.0896409895000003,0.996433391787104
2017-03-15,1.0778602220000002,0.998436870417751
2017-03-16,1.0859326620000003,1.0035860947248572
2017-03-17,1.0718936170000004,0.9932947085299207
2017-03-20,1.0670416170000003,0.9943922661377865
2017-03-21,1.0702190510000005,0.9992161002865843
2017-03-22,1.0483212807500004,0.9945184095939131
2017-03-23,1.0365051182500005,0.9979567988642015
2017-03-24,1.0365093297500003,1.0059190280081711
2017-03-27,1.0661099252500004,1.0025863732436124
2017-03-28,1.0696228865000001,1.000214207500566
2017-03-29,1.0693373710000003,0.9988835900565979
2017-03-30,1.0218300550000001,0.9906867732878663
2017-03-31,1.02591373575,0.9962466268300098
2017-04-05,1.0229696812500002,1.0100393010660909
2017-04-06,1.01753634475,1.0129662270498037
2017-04-07,1.0011293997500001,1.0139510742112676
2017-04-10,0.9633175652500001,1.0103984755321187
2017-04-11,0.9655294715000001,1.0139120435349431
2017-04-12,0.9535368377500001,1.0116378580495236
2017-04-13,0.9544775030000001,1.0131159215122503
2017-04-14,0.9361525310000001,1.0050267994309245
2017-04-17,0.9115951722500001,1.003134993503439
2017-04-18,0.8965645457500002,0.9981772328242108
2017-04-19,0.8891583302500001,0.99331517513272
2017-04-20,0.8874388815000002,0.9978328173731593
2017-04-21,0.8652493005000002,0.9993428490929346
2017-04-24,0.8428272062500002,0.9891015340093537
2017-04-25,0.8438328657500002,0.9919021724059344
2017-04-26,0.8377436155000001,0.9931154383851193
2017-04-27,0.8512706420000001,0.9935584970964232
2017-04-28,0.8529540437500001,0.9915501180115848
2017-05-02,0.843766515,0.9877518624464415
2017-05-03,0.8744358830000001,0.9838751996142362
2017-05-04,0.8778767292499999,0.9813552707642188
2017-05-05,0.8578709855,0.9750607238339816
2017-05-08,0.81540159925,0.9682180466893366
2017-05-09,0.8279500605,0.9664077324324338
2017-05-10,0.8063407655,0.9621323167600548
2017-05-11,0.798701188,0.9675934982157446
2017-05-12,0.79206162275,0.9758760729328255
2017-05-15,0.79324062275,0.9798584126183582
2017-05-16,0.82066062275,0.9883492854647743
2017-05-17,0.8165598660000001,0.9829635421774309
2017-05-18,0.822554866,0.979546801384188
2017-05-19,0.80923022325,0.9812004164117709
2017-05-22,0.78532222325,0.9833305285439637
2017-05-23,0.76408722325,0.9870650493784177
2017-05-24,0.76678837425,0.9870572374779126
2017-05-25,0.77530507575,1.0047828144645956
2017-05-26,0.7729536644999999,1.003277049022587
2017-05-31,0.76676416475,1.0068659110627523
2017-06-01,0.7257777464999999,1.0082650483867963
2017-06-02,0.7329380405,1.0050276353907572
2017-06-05,0.7380587487499999,0.9999099469476829
2017-06-06,0.74455880125,1.0068650751029196
2017-06-07,0.7728276847499999,1.0186809925967972
2017-06-08,0.7603184335,1.0264948532835723
2017-06-09,0.75749627825,1.0308740432800043
2017-06-12,0.7324181205,1.0303606774641545
2017-06-13,0.7434048185,1.032631605588847
2017-06-14,0.73946471925,1.0190923136606616
2017-06-15,0.760390441,1.0172168521892144
2017-06-16,0.770248441,1.0143251518232774
2017-06-19,0.77739760175,1.0243867067166375
2017-06-20,0.7719794655,1.0223194933553013
2017-06-21,0.7708573,1.0342711246040792
2017-06-22,0.75627840625,1.0349593501559584
2017-06-23,0.75677840625,1.0443395689595083
2017-06-26,0.766325877,1.0573715485740802
2017-06-27,0.7671155287499999,1.059280794353247
2017-06-28,0.7537623585,1.0510513174986398
2017-06-29,0.7547416392499999,1.0575837094143663
2017-06-30,0.7533508497499999,1.0569984798791099
2017-07-03,0.7578849632499999,1.052400297232725
2017-07-04,0.7594301259999999,1.0435038973888708
2017-07-05,0.76547492425,1.0549465732305714
2017-07-06,0.7642674349999999,1.0550668361416682
2017-07-07,0.764874828,1.0538655330359505
2017-07-10,0.748482828,1.053219105475704
2017-07-11,0.7396123524999999,1.0581546699800655
2017-07-12,0.7346513499999999,1.0546998497751354
2017-07-13,0.7270305142499999,1.0627991186792571
2017-07-14,0.7247385074999999,1.0674613243183424
2017-07-17,0.6803826559999999,1.0560644533102308
2017-07-18,0.6834547637499999,1.0571088842294216
2017-07-19,0.68457223,1.0751442563996039
2017-07-20,0.681525399,1.0803726662812028
2017-07-21,0.6862527772499999,1.0748130433486682
2017-07-24,0.6906513719999999,1.0790997877180897
2017-07-25,0.6879730504999999,1.0722075583337094
2017-07-26,0.6815690504999999,1.0681227126769732
2017-07-27,0.6975862457500002,1.0700847104042004
2017-07-28,0.6939977512500001,1.0728799006487681
2017-07-31,0.711886079,1.0774868464602951
2017-08-01,0.7124982575000001,1.0868581291414963
2017-08-02,0.70341267375,1.0841109056956018
2017-08-03,0.7075679745000001,1.074590735685586
2017-08-04,0.7009833982500001,1.0687543523960423
2017-08-07,0.7042193982500001,1.0742933645947719
2017-08-08,0.70684011875,1.0758551969979702
2017-08-09,0.7064159215000001,1.0755182475330103
2017-08-10,0.696953594,1.0711588034843498
2017-08-11,0.685803481,1.0513925332413663
2017-08-14,0.700854481,1.0650367813678505
2017-08-15,0.7014694810000001,1.068315329352896
2017-08-16,0.7107394810000001,1.066978975494904
2017-08-17,0.7153375470000001,1.072702792469051
2017-08-18,0.715192547,1.0736822491309044
2017-08-21,0.7235668430000001,1.078386483371231
2017-08-22,0.7128178430000001,1.081644968320293
2017-08-23,0.7074308430000001,1.0827375966477664
2017-08-24,0.7100450045000002,1.0765565096451604
2017-08-25,0.7168891370000001,1.0941717975863359
2017-08-28,0.7278177967500001,1.107707860979995
2017-08-29,0.73886479675,1.105351520821367
2017-08-30,0.7395592585000001,1.1052831738984974
2017-08-31,0.7391378135000002,1.10176415774366
2017-09-01,0.7419878135000002,1.1041986745597416
2017-09-04,0.7469996115000002,1.1085450891654935
2017-09-05,0.7485949915000001,1.1118399527803764
2017-09-06,0.7456526305000001,1.109650170411853
2017-09-07,0.7426118147500002,1.1040064037982324
2017-09-08,0.7410268147500001,1.1028874283229302
2017-09-11,0.7427066810000001,1.1027882085386551
2017-09-12,0.7494346810000001,1.1063306027426054
2017-09-13,0.7491928510000001,1.107677362859204
2017-09-14,0.7478340582500002,1.1040306466333791
2017-09-15,0.7502390582500001,1.1044172348166776
2017-09-18,0.7483987407500001,1.1078320730806464
2017-09-19,0.7478597407500002,1.104653494361105
2017-09-20,0.7504657895000002,1.1076281277076812
2017-09-21,0.7470983885000002,1.1062970202182938
2017-09-22,0.7442479022500001,1.106271883770912
2017-09-25,0.7373607322500001,1.1005242563546351
2017-09-26,0.7399437340000001,1.1013861885944982
2017-09-27,0.7455673925000001,1.1015067974200088
2017-09-28,0.7361022952500001,1.101892664948279
2017-09-29,0.7381637307500001,1.1059175809328745
2017-10-09,0.7477949757500002,1.1190929708980475
2017-10-10,0.7622720895000001,1.1212999336824416
2017-10-11,0.7603322437500002,1.1249963462790071
2017-10-12,0.7607510637500002,1.1279558746961933
2017-10-13,0.7637628822500001,1.1302758361890008
2017-10-16,0.7503408822500002,1.1280978725629391
2017-10-17,0.7468288822500001,1.1279890824798904
2017-10-18,0.7339908822500001,1.136952243805552
2017-10-19,0.7274348822500002,1.1332298876279732
2017-10-20,0.7418838822500001,1.131962255433465
2017-10-23,0.7541777702500002,1.133099766156091
2017-10-24,0.7509344067500002,1.1413432525444456
2017-10-25,0.7533654067500002,1.1464033174114694
2017-10-26,0.75758282125,1.1511960192630513
2017-10-27,0.75774582125,1.1593804695914998
2017-10-30,0.73712011025,1.1558504706540336
2017-10-31,0.7248772335,1.154984560398415
2017-11-01,0.7422646537500001,1.152074324785154
2017-11-02,0.73531101575,1.1522219725873204
2017-11-03,0.7225117732499999,1.1509431270005743
2017-11-06,0.7230388452500001,1.1590697231433633
2017-11-07,0.72626415025,1.1686852502267036
2017-11-08,0.7265763865,1.1668862646668432
2017-11-09,0.7245528542499999,1.174927074035082
2017-11-10,0.7217078867500001,1.1853077926273068
2017-11-13,0.72111555975,1.189966712079464
2017-11-14,0.7040286557500001,1.181687164113501
2017-11-15,0.6947694982500001,1.1742841920975737
2017-11-16,0.69314835325,1.1833190730116363
2017-11-17,0.65913620025,1.1878847397031511
2017-11-20,0.66257414775,1.194509750203095
2017-11-21,0.6623232210000001,1.2158031172769201
2017-11-22,0.66053605175,1.218646850844184
2017-11-23,0.65524446075,1.1825650948949893
2017-11-24,0.67267965175,1.1830859266969307
2017-11-27,0.66438062825,1.1674460118403045
2017-11-28,0.67787326075,1.1691398394184578
2017-11-29,0.67937568075,1.1685429640979466
2017-11-30,0.6786056239999999,1.1548062415182505
2017-12-01,0.68577720575,1.1525108687750034
2017-12-04,0.66331207275,1.158483830605481
2017-12-05,0.629703209,1.1646276453300315
2017-12-06,0.64125331725,1.157608667139301
2017-12-07,0.6419272505,1.1447048488149347
2017-12-08,0.65136545675,1.154022140021427
2017-12-11,0.6595943255000001,1.1730821683368278
2017-12-12,0.64067999425,1.1576649358838986
2017-12-13,0.64566315825,1.1674878674843392
2017-12-14,0.64687698575,1.1605865578466044
2017-12-15,0.6545925714999999,1.147529499437053
2017-12-18,0.66154507175,1.1488081144141902
2017-12-19,0.665222402,1.1632321689335303
2017-12-20,0.6531900945,1.1618370961038447
2017-12-21,0.6306942875000001,1.1726061901038383
2017-12-22,0.63807491375,1.1687866896284653
2017-12-25,0.61767945175,1.1650224778068519
2017-12-26,0.62659422375,1.1685053459054773
2017-12-27,0.6264982320000001,1.150513501298995
2017-12-28,0.6300214620000001,1.1584954475645346
2017-12-29,0.6374548560000001,1.1619423405641551
2018-01-02,0.63887920825,1.1782424907313673
2018-01-03,0.63924720825,1.1851582711220672
2018-01-04,0.64521227925,1.190179622400979
2018-01-05,0.64331591425,1.1930445432260703
2018-01-08,0.63692852175,1.199215944625098
2018-01-09,0.6342984230000001,1.2076153807615433
2018-01-10,0.6209794230000001,1.212952696030995
2018-01-11,0.630281358,1.2123107653581242
2018-01-12,0.626221358,1.2179072858280997
2018-01-15,0.6117897805,1.2179759786653825
2018-01-16,0.6238783445,1.2275559918689356
2018-01-17,0.63837361825,1.2245705775231386
2018-01-18,0.64764915125,1.2312871976902602
2018-01-19,0.65323557225,1.2353165817360303
2018-01-22,0.66449757225,1.2500762885412793
2018-01-23,0.6684011164999999,1.2633408091203333
2018-01-24,0.6759006375,1.2654371657710077
2018-01-25,0.6766783427499999,1.2582865671459367
2018-01-26,0.6689996162499999,1.262962234620948
2018-01-29,0.6579892059999999,1.2401083899753773
2018-01-30,0.6520925319999998,1.2268725514664436
2018-01-31,0.6292715319999999,1.2325791303723175
2018-02-01,0.60758713525,1.223931039424961
2018-02-02,0.6006735289999999,1.2312340998277864
2018-02-05,0.588551274,1.2320740376761905
2018-02-06,0.548591274,1.1959661075363737
2018-02-07,0.5610744717499999,1.167604469467893
2018-02-08,0.57725923575,1.1565207951350134
2018-02-09,0.574550973,1.1071142718464122
2018-02-12,0.5986691677499999,1.1213693760009538
2018-02-13,0.59878896225,1.134493311197117
2018-02-14,0.59258985225,1.1435242717478264
2018-02-22,0.6023678377499999,1.1682490233250664
2018-02-23,0.6112670042499999,1.1735402743251195
2018-02-26,0.6262163557499999,1.187183628839369
2018-02-27,0.6437203767499999,1.1700499114142011
2018-02-28,0.63431553,1.159862991372145
2018-03-01,0.6437616019999999,1.1671977605962087
2018-03-02,0.6424428939999999,1.1577931260003052
2018-03-05,0.6347710004999999,1.1582647226507237
2018-03-06,0.6359219624999999,1.172236119333785
2018-03-07,0.6350395709999999,1.1636138854888385
2018-03-08,0.63837380775,1.1754172059328243
2018-03-09,0.6587712259999999,1.1844297465410143
2018-03-12,0.6882313989999999,1.1898493606146805
2018-03-13,0.7097278452499999,1.1793529048249352
2018-03-14,0.6913892802499998,1.174190535770116
2018-03-15,0.6823391265,1.1807680983430064
2018-03-16,0.6818237497499998,1.1693125371894026
2018-03-19,0.6798497497499998,1.1744508940186842
2018-03-20,0.6824097497499998,1.175447185181995
2018-03-21,0.6712371947499999,1.1706464984727014
2018-03-22,0.6732261947499999,1.1589138887000772
2018-03-23,0.6442709044999997,1.1256445610637236
2018-03-26,0.6427527677499998,1.118425759646789
2018-03-27,0.6606267292499998,1.1280467637083431
2018-03-28,0.6569061974999998,1.1077088987232355
2018-03-29,0.6678145264999998,1.1225066272877697
2018-03-30,0.6664519259999997,1.1237887878876454
2018-04-02,0.6649709259999997,1.1204510597116883
2018-04-03,0.6515409259999998,1.1134061379399447
2018-04-04,0.6530332994999998,1.1112104173739896
2018-04-09,0.6493545047499998,1.110653120427624
2018-04-10,0.6533455047499998,1.1320547587128778
2018-04-11,0.6551778857499998,1.135274789509638
2018-04-12,0.6575261499999998,1.1238284815665955
2018-04-13,0.6551363464999997,1.115903841788894
2018-04-16,0.6463033464999998,1.0979505089871158
2018-04-17,0.6340884889999997,1.080590851797524
2018-04-18,0.6388204889999997,1.0856760242857284
2018-04-19,0.6430734889999997,1.0988095297806653
2018-04-20,0.6310114889999997,1.084111424567222
2018-04-23,0.6283934889999997,1.0856886213356205
2018-04-24,0.6467370449999998,1.1079317540841394
2018-04-25,0.6490180449999998,1.1036691948974626
2018-04-26,0.6388380449999999,1.0825662825344755
2018-04-27,0.6374520649999998,1.082964775938839
2018-05-02,0.6384120649999998,1.0849161944502528
2018-05-03,0.6418890649999999,1.0933778375287275
2018-05-04,0.6347670649999998,1.0880732399975532
2018-05-07,0.6509505942499999,1.1052506579436274
2018-05-08,0.6508918982499998,1.1180751465624956
2018-05-09,0.6481678982499999,1.1160395843699955
2018-05-10,0.6572705014999998,1.122220296631987
2018-05-11,0.6520656852499997,1.1163921576359654
2018-05-14,0.6437806852499998,1.1269007492563847
2018-05-15,0.6460716852499997,1.1311682377234542
2018-05-16,0.6345325599999998,1.122159098606997
2018-05-17,0.6326755599999998,1.1138590263858326
2018-05-18,0.6336260419999998,1.1251049922310505
2018-05-21,0.6480240419999997,1.1303451343765074
2018-05-22,0.6545800419999998,1.1260114032992508
2018-05-23,0.6449358399999998,1.1111297040108372
2018-05-24,0.6434310369999998,1.1032412699417498
2018-05-25,0.6316293127499998,1.1001513894430726
2018-05-28,0.6124933127499999,1.104983208449582
2018-05-29,0.6080803139999997,1.0965513716630717
2018-05-30,0.5802831119999998,1.0733068166874418
2018-05-31,0.5896325357499999,1.0960805244938825
2018-06-01,0.5767706754999998,1.086917597594419
2018-06-04,0.5735447954999998,1.09758012112885
2018-06-05,0.5900453552499998,1.1084586393883171
2018-06-06,0.5923243302499998,1.106162545990042
2018-06-07,0.5872140359999999,1.1043354548840838
2018-06-08,0.5837006599999998,1.0895196811176446
2018-06-11,0.5719377309999998,1.0896251561875643
2018-06-12,0.5753909254999998,1.1028770220643238
2018-06-13,0.5632869254999998,1.0920342482942527
2018-06-14,0.5603189254999997,1.0877179282424763
2018-06-15,0.5411152882499998,1.0819723763126803
2018-06-19,0.5036072882499998,1.0438303541166207
2018-06-20,0.5170414752499998,1.0479602839519175
2018-06-21,0.5011704752499998,1.0357153172804832
2018-06-22,0.5195703122499998,1.040310098435135
2018-06-25,0.5103451199999998,1.0263504628421332
2018-06-26,0.5177907167499998,1.0178852164885177
2018-06-27,0.5192553639999997,0.997173850415423
2018-06-28,0.5147238179999998,0.9868723462238916
2018-06-29,0.5330755319999998,1.0120834534665264
2018-07-02,0.5272484692499998,0.9823864992832941
2018-07-03,0.5431738489999998,0.9827659385687133
2018-07-04,0.5244268017499998,0.9696405620624938
2018-07-05,0.5126047279999998,0.9634978715597874
2018-07-06,0.5108377864999998,0.9700370376327785
2018-07-09,0.5252444239999998,0.9971512506737403
2018-07-10,0.5321351302499998,0.9995529920991417
2018-07-11,0.5157712884999998,0.9822613647442069
2018-07-12,0.5334760584999998,1.0034561750363828
2018-07-13,0.5310870584999998,1.006809757622959
2018-07-16,0.5237590584999998,1.0008704647953965
2018-07-17,0.5230769987499998,0.9943244380865375
2018-07-18,0.5162925977499998,0.9891199827780743
2018-07-19,0.5124745977499998,0.9882610484631281
2018-07-20,0.5133232162499998,1.0068685918994569
2018-07-23,0.5032642162499998,1.0163398726723636
2018-07-24,0.5120959434999999,1.0324696888171232
2018-07-25,0.5080496824999998,1.0313300449556135
2018-07-26,0.5082486824999998,1.0193652689591222
2018-07-27,0.5013166824999998,1.015035948290638
2018-07-30,0.4854376824999998,1.013263857576428
2018-07-31,0.4822632029999998,1.0140068240842448
2018-08-01,0.4729662029999998,0.9937510561199436
2018-08-02,0.44956121624999984,0.9717191041208726
2018-08-03,0.4483983872499998,0.955670404906081
2018-08-06,0.4319637564999998,0.9435602007249098
2018-08-07,0.44295533274999976,0.9711170977365609
2018-08-08,0.42457314424999976,0.9554465982805401
2018-08-09,0.43918550674999984,0.9793787734578255
2018-08-10,0.44229233449999983,0.9815376541387419
2018-08-13,0.4452596687499998,0.9773074091235271
2018-08-14,0.44448866874999976,0.9722828869624914
2018-08-15,0.43131566874999977,0.948951622773875
2018-08-16,0.42381766874999977,0.9445560883214048
2018-08-17,0.41220288374999975,0.9309766991474535
2018-08-20,0.4111809644999997,0.9418239986311013
2018-08-21,0.4167051154999997,0.958946502664031
2018-08-22,0.41881668824999974,0.9535576173207647
2018-08-23,0.43183521899999977,0.9570372857110654
2018-08-24,0.44398639224999975,0.9585676687288354
2018-08-27,0.4478590307499997,0.9819857286090418
2018-08-28,0.44301111024999973,0.9801399869509553
2018-08-29,0.43867736774999977,0.9762205172100781
2018-08-30,0.4343752862499997,0.9659931540078421
2018-08-31,0.42615166024999973,0.9612107142838611
2018-09-03,0.4304114019999997,0.95755589789552
2018-09-04,0.44068936649999974,0.969684118452395
2018-09-05,0.43419703099999973,0.9507288157256842
2018-09-06,0.43023237199999975,0.940564581903914
2018-09-07,0.4388225314999997,0.9448201939761195
2018-09-10,0.42142003499999975,0.9311059270071006
2018-09-11,0.4228993109999998,0.9294177205381667
2018-09-12,0.4256212422499997,0.9230221089467823
2018-09-13,0.42751402324999976,0.9329790823824579
2018-09-14,0.4205858984999998,0.9345714417326484
2018-09-17,0.40501742574999977,0.9238573769506041
2018-09-18,0.41709320549999973,0.9424530151658679
2018-09-19,0.42567541174999973,0.9548628100553399
2018-09-20,0.4307597137499998,0.9541835206258098
2018-09-21,0.4330415774999998,0.9831134384232851
2018-09-25,0.4337009422499997,0.9742691851772675
2018-09-26,0.4389515692499998,0.9850608500927425
2018-09-27,0.43419551274999973,0.9811257565508551
2018-09-28,0.43575645499999976,0.9912941125193863
2018-10-08,0.4110212369999997,0.9486411069353475
2018-10-09,0.40776631074999975,0.9480045667620871
2018-10-10,0.4089958762499997,0.9459599819686346
2018-10-11,0.37240532374999974,0.9005633562138421
2018-10-12,0.37033484374999975,0.913999911561215
2018-10-15,0.3677026882499998,0.9012372263175605
2018-10-16,0.3568536882499998,0.8938929444471253
2018-10-17,0.35899101449999976,0.8988719500365833
2018-10-18,0.34924421899999974,0.8775825033261111
2018-10-19,0.35917775199999974,0.903685695014987
2018-10-22,0.37818817324999965,0.9426955299959395
2018-10-23,0.38009361299999966,0.9176606949731889
2018-10-24,0.38047878949999964,0.9190374631651594
2018-10-25,0.3682647894999997,0.9207977639631091
2018-10-26,0.36450839924999967,0.914838408099563
2018-10-29,0.35488112524999965,0.8869501827321715
2018-10-30,0.36288896024999967,0.8965699472670772
2018-10-31,0.37003162249999966,0.9091274764373191
2018-11-01,0.37662544674999965,0.9158181530234274
2018-11-02,0.38870307524999964,0.9484527853633925
2018-11-05,0.40136207424999965,0.9405514083299995
2018-11-06,0.3981744559999997,0.9348770571169843
2018-11-07,0.39947641624999963,0.9287542855192559
2018-11-08,0.40144939849999967,0.926120608479596
2018-11-09,0.3970997134999997,0.9130538356402653
2018-11-12,0.4129627134999997,0.9239203045476617
2018-11-13,0.42337097449999966,0.9332143330098457
2018-11-14,0.42297717574999966,0.9238632286694327
2018-11-15,0.4288615792499997,0.9346525298364153
2018-11-16,0.4313811689999996,0.9390635151326889
2018-11-19,0.43432640299999964,0.9497089159036515
2018-11-20,0.4248584092499997,0.9277446478248238
2018-11-21,0.42623760374999964,0.9300750155762376
2018-11-22,0.4272520649999996,0.9265972785414126
2018-11-23,0.41261806499999965,0.9061444834924164
2018-11-26,0.41153887874999967,0.9055011403356902
2018-11-27,0.4142562074999997,0.9043474869404337
2018-11-28,0.4190809837499997,0.9163655049304046
2018-11-29,0.41446171949999966,0.9044665103248821
2018-11-30,0.4217307174999997,0.9145660004989239
2018-12-03,0.43763876499999965,0.9400080632649789
2018-12-04,0.43985587224999967,0.9419565126776767
2018-12-05,0.4372790569999997,0.9374292424860615
2018-12-06,0.4265200569999997,0.9171554581460566
2018-12-07,0.42625258449999964,0.9171242105440363
2018-12-10,0.4210042249999996,0.906515736136716
2018-12-11,0.42482839124999966,0.9108548577135829
2018-12-12,0.4273690737499996,0.9139661849058976
2018-12-13,0.4345897574999997,0.9281150068568884
2018-12-14,0.42678455249999964,0.912611843498403
2018-12-17,0.42813910649999964,0.9112528898987283
2018-12-18,0.43156009224999964,0.9018065149635944
2018-12-19,0.43377689774999967,0.8910540536816507
2018-12-20,0.44608889774999966,0.8842197649615334
2018-12-21,0.4322177437499996,0.8732595244218747
2018-12-24,0.43075579974999967,0.875797094906981
2018-12-25,0.43034364199999964,0.8697676337222967
2018-12-26,0.4476578322499996,0.865371983965022
2018-12-27,0.42509278899999964,0.8620491877612483
2018-12-28,0.41771678899999964,0.8678570619378783
2019-01-02,0.41724819824999965,0.8560042180803583
2019-01-03,0.40066663774999967,0.854651346809121
2019-01-04,0.40991956149999964,0.8751271739928168
2019-01-07,0.4168884779999997,0.8804395257720938
2019-01-08,0.41668735299999965,0.8785371406287951
2019-01-09,0.42294935299999964,0.8874076545440384
2019-01-10,0.41543510824999963,0.8857387616298588
2019-01-11,0.41403550999999966,0.8921069883301737
2019-01-14,0.41871050999999965,0.884325730076872
2019-01-15,0.4137315762499996,0.9016808039004848
2019-01-16,0.4122377097499996,0.9018714315685298
2019-01-17,0.4076164142499996,0.896903264630695
2019-01-18,0.4108334279999996,0.9132641804298804
2019-01-21,0.41664095699999965,0.9182979558014776
2019-01-22,0.4066854427499996,0.9060989092684366
2019-01-23,0.4000284179999996,0.905446312901149
2019-01-24,0.3981734179999996,0.9105567659677408
2019-01-25,0.3971848842499996,0.9179616116867414
2019-01-28,0.3925435802499996,0.9177621632011519
2019-01-29,0.3832807102499996,0.920700158446097
2019-01-30,0.3782425559999996,0.9133532533913593
2019-01-31,0.3636426297499996,0.9229091967169724
2019-02-01,0.3814041084999996,0.9361012194001948
2019-02-11,0.3950405504999996,0.9531304130200801
2019-02-12,0.4096844094999996,0.9600091517423335
2019-02-13,0.41421422049999956,0.9792340082757717
2019-02-14,0.42434911799999964,0.9807078054607317
2019-02-15,0.4312514374999996,0.9624217318193581
2019-02-18,0.4496122872499996,0.9932773263306419
2019-02-19,0.4546456622499996,0.9915082623675501
2019-02-20,0.4594254129999996,0.995059506215246
2019-02-21,0.4551000319999996,0.9924012404260257
2019-02-22,0.4652055104999996,1.0147163521987559
2019-02-25,0.4865560874999996,1.0750682993596374
2019-02-26,0.48212686274999955,1.062157159180185
2019-02-27,0.4823748852499996,1.0603407049424425
2019-02-28,0.4799039314999996,1.0577400627292728
2019-03-01,0.4783819402499996,1.0809001857618052
2019-03-04,0.48737220399999964,1.0936960499629553
2019-03-05,0.5009014499999996,1.1000116400200146
2019-03-06,0.5127840574999996,1.1092582493813463
2019-03-07,0.5250983389999996,1.097946675102366
2019-03-08,0.49064221324999957,1.0543410788759233
2019-03-11,0.5225437027499996,1.0752042148979457
2019-03-12,0.5315855672499996,1.0825252916764747
2019-03-13,0.5246164029999996,1.0735436815820927
2019-03-14,0.5122596117499996,1.066132955318062
2019-03-15,0.5251505474999997,1.079542673472187
2019-03-18,0.5346787389999996,1.1103125965137246
2019-03-19,0.5343270907499996,1.1051857701648933
2019-03-20,0.5316003684999996,1.1056115619817228
2019-03-21,0.5329666649999996,1.1060300031172652
2019-03-22,0.5256186649999995,1.1051392735024774
2019-03-25,0.5219345229999995,1.0789143199400462
2019-03-26,0.5067874854999996,1.0666959310260495
2019-03-27,0.5052437109999997,1.0790764961475798
2019-03-28,0.5046120497499996,1.0747547279437908
2019-03-29,0.5141158697499996,1.116248862590169
2019-04-01,0.5312296027499996,1.145532477875458
2019-04-02,0.5298412527499996,1.1447706590321047
2019-04-03,0.5342598399999996,1.1594349511116275
2019-04-04,0.5265231762499996,1.170986849429394
2019-04-08,0.5315931762499996,1.1695448763704768
2019-04-09,0.5345608802499996,1.1747916773683937
2019-04-10,0.5246418707499996,1.1777944739134698
2019-04-11,0.5287251457499995,1.1523498167893134
2019-04-12,0.5287186389999996,1.1497667009064283
2019-04-15,0.5229441882499996,1.1459926593502308
2019-04-16,0.5285224679999997,1.1777777835430179
2019-04-17,0.5345903164999997,1.1781959652427503
2019-04-18,0.5241025877499996,1.1738246159730246
2019-04-19,0.5249982232499996,1.1878146920344153
2019-04-22,0.5155413829999996,1.160430694577117
2019-04-23,0.5082900454999996,1.1585265510355494
2019-04-24,0.5168852952499996,1.161721474211129
2019-04-25,0.4917853009999996,1.1362758081699333
2019-04-26,0.4734657809999996,1.1211301761840118
2019-04-29,0.44481060649999965,1.1243180945927178
2019-04-30,0.4618134777499996,1.1280300733378912
2019-05-06,0.43054910499999965,1.0621350494839215
2019-05-07,0.43026485324999963,1.0725273562089994
2019-05-08,0.4318176762499996,1.0571886463279367
2019-05-09,0.43112611024999964,1.0376567907525085
2019-05-10,0.4410408882499996,1.0753473946389376
2019-05-13,0.4295270129999996,1.0575541913844133
2019-05-14,0.4252760129999996,1.050758356816598
2019-05-15,0.43023903074999964,1.0743791225431212
2019-05-16,0.42762503074999964,1.0792424485874612
2019-05-17,0.4090972377499996,1.051799155634447
2019-05-20,0.41116474274999965,1.042872113538796
2019-05-21,0.40784015149999964,1.0569922822458677
2019-05-22,0.39933785649999964,1.0519775033408125
2019-05-23,0.3847884564999996,1.0331208438743542
2019-05-24,0.3776322942499996,1.035988849102966
2019-05-27,0.38967468099999963,1.0484657513886588
2019-05-28,0.3880317782499996,1.0585731975942112
2019-05-29,0.3857394784999996,1.0561657774071882
2019-05-30,0.3805157562499996,1.0496148214179366
2019-05-31,0.38013944324999965,1.0463303640616601
2019-06-03,0.3695900822499996,1.0469712858174918
2019-06-04,0.36337291374999964,1.0373012195616216
2019-06-05,0.36523191374999964,1.0369087220070923
2019-06-06,0.35434512274999963,1.027561192115619
2019-06-10,0.35504851249999964,1.0408401834476377
2019-06-11,0.3698355109999997,1.0721259513583223
2019-06-12,0.3702543659999996,1.0640026702286627
2019-06-13,0.3784162184999996,1.0623588849356635
2019-06-14,0.36774500599999965,1.0535630308813362
2019-06-17,0.37441213024999964,1.053547147644516
2019-06-18,0.3687418407499996,1.0572350853379506
2019-06-19,0.3729355429999996,1.0711637904171445
2019-06-20,0.37539161674999966,1.103616385297
2019-06-21,0.3842829579999996,1.1051787653980196
2019-06-24,0.3900093797499996,1.1072910341117157
2019-06-25,0.3884394702499996,1.09577320836368
2019-06-26,0.3959508404999996,1.093761485439511
2019-06-27,0.3981944769999996,1.1054321188797145
2019-06-28,0.3904709844999996,1.1027714893420022
2019-07-01,0.4029258004999996,1.1345449677495343
2019-07-02,0.4014227329999996,1.1349362834298176
2019-07-03,0.3932365284999996,1.1223579705685638
2019-07-04,0.3882580234999996,1.116468143502133
2019-07-05,0.38761377399999963,1.1222623828856306
2019-07-08,0.3710594289999996,1.096199807314141
2019-07-09,0.3722261459999996,1.0934151962853864
2019-07-10,0.3741908817499996,1.0915730002500383
2019-07-11,0.38171314899999964,1.0911354185169484
2019-07-12,0.3789849279999996,1.097912487227831
2019-07-15,0.3814537374999996,1.1023680666572462
2019-07-16,0.3863346264999996,1.0973687674221957
2019-07-17,0.3813737359999996,1.0967327172943542
2019-07-18,0.3722524837499996,1.0862871109233947
2019-07-19,0.3774875962499996,1.0976887959070945
2019-07-22,0.3648405229999996,1.090115605173519
2019-07-23,0.3704572202499996,1.0924880880047778
2019-07-24,0.3776200862499996,1.1011125991196131
2019-07-25,0.37685096199999957,1.1101161747792532
2019-07-26,0.3772776357499996,1.112278802866316
2019-07-29,0.3796246447499996,1.1110397374371235
2019-07-30,0.3825988434999996,1.1156655355841867
2019-07-31,0.3814452049999996,1.1055882704112132
2019-08-01,0.3891739439999996,1.0963957390031933
2019-08-02,0.38677631199999957,1.0802439861193769
2019-08-05,0.38324413799999957,1.0595613309426035
2019-08-06,0.3708278317499996,1.0482154823104846
2019-08-07,0.3623932047499996,1.0439209836929604
2019-08-08,0.36668391149999957,1.0577179530330092
2019-08-09,0.36347374499999957,1.0474085504623694
2019-08-12,0.3745012549999996,1.06631136067683
2019-08-13,0.3672241449999996,1.0566969001629314
2019-08-14,0.36655126749999956,1.0614964626503811
2019-08-15,0.37120142499999953,1.0648400425451667
2019-08-16,0.3690179647499996,1.0696073196873555
2019-08-19,0.38394983349999956,1.0928285542662748
2019-08-20,0.3875433487499995,1.0918593597320223
2019-08-21,0.39258649499999954,1.0901371383457599
2019-08-22,0.39999774624999956,1.093523698106424
2019-08-23,0.39290853874999954,1.1014098837318238
2019-08-26,0.38984866174999955,1.085568934948546
2019-08-27,0.39903288074999954,1.1002805019979152
2019-08-28,0.39788948024999954,1.09614062712323
2019-08-29,0.39922731199999956,1.0925668411862535
2019-08-30,0.39481713299999954,1.0952763887872765
2019-09-02,0.40627706474999953,1.1093244055129303
2019-09-03,0.40422006474999955,1.1108495421620954
2019-09-04,0.40629353699999954,1.1201865216639566
2019-09-05,0.4131864062499995,1.131521502818251
2019-09-06,0.41641743099999956,1.138204713418268
2019-09-09,0.42731728349999953,1.1452500964092296
2019-09-10,0.4268131454999996,1.1413056920043785
2019-09-11,0.42256484374999953,1.1328985016198307
2019-09-12,0.4243985894999995,1.1450862194558293
2019-09-16,0.4294866799999995,1.1408590011917328
2019-09-17,0.41941104474999946,1.1216911340579203
2019-09-18,0.42037981324999946,1.1271285915500835
2019-09-19,0.4241964419999995,1.1312503347442606
2019-09-20,0.42811444199999954,1.1344987016967274
2019-09-23,0.4220004889999995,1.1215299379412245
2019-09-24,0.42714648899999946,1.1245319561788703
2019-09-25,0.41533800599999954,1.115857546909886
2019-09-26,0.39904100599999953,1.1072543960100847
2019-09-27,0.3980150059999995,1.110573617764919
2019-09-30,0.3946490059999995,1.0995835709332962
2019-10-08,0.3981530679999995,1.1062570959297344
2019-10-09,0.40322095549999953,1.1078598615385316
2019-10-10,0.4068356542499995,1.1169112598658393
2019-10-11,0.4066406542499995,1.127601802467765
2019-10-14,0.4086366542499995,1.13956923047476
2019-10-15,0.4043774342499995,1.1346712841628677
2019-10-16,0.3996620772499995,1.1307611829373563
2019-10-17,0.4008695032499996,1.1314922730503094
2019-10-18,0.3938212099999996,1.1153945981198052
2019-10-21,0.3875992664999996,1.1186986861190484
2019-10-22,0.3931694787499996,1.1230344638565848
2019-10-23,0.3967423142499997,1.1158866901992242
2019-10-24,0.3922466534999996,1.1157664849405295
2019-10-25,0.3981262082499996,1.1232971858536456
2019-10-28,0.40040983824999965,1.131885289476459
2019-10-29,0.38805683824999965,1.1271696112342855
2019-10-30,0.3857930849999996,1.1216924888893731
2019-10-31,0.38393872624999964,1.1204029199558083
2019-11-01,0.38840622224999966,1.1393230835433465
2019-11-04,0.3851039869999996,1.1467413334458707
2019-11-05,0.3853239869999996,1.1538588684182505
2019-11-06,0.38035098699999964,1.1486899846419765
2019-11-07,0.38540180824999964,1.1507058873653087
2019-11-08,0.38543872649999966,1.145268055132531
2019-11-11,0.3772133739999996,1.125080374655289
2019-11-12,0.38052241399999964,1.125285184814288
2019-11-13,0.38127941399999965,1.1242165110599502
2019-11-14,0.38532525524999967,1.1259101945070982
2019-11-15,0.3781153359999996,1.1176175306196232
2019-11-18,0.3810899184999996,1.1265075022206263
2019-11-19,0.3918608617499996,1.1377814583071375
2019-11-20,0.39294003649999965,1.1264887651898945
2019-11-21,0.38938162599999965,1.1212233424660503
2019-11-22,0.38760362599999965,1.1098072443817877
2019-11-25,0.38164281774999964,1.1179394904599975
2019-11-26,0.3766001134999996,1.1218158073777893
2019-11-27,0.3789285072499996,1.1171936125058668
2019-11-28,0.3708756902499996,1.1133552020425554
2019-11-29,0.3701128982499996,1.1036602876013146
2019-12-02,0.3687970147499996,1.105790053819094
2019-12-03,0.37733773749999966,1.1101221706290874
2019-12-04,0.37901473749999964,1.1097565679202086
2019-12-05,0.3807534779999996,1.1182732113904312
2019-12-06,0.38009829324999966,1.1249094352826128
2019-12-09,0.3794223432499996,1.1229093293174977
2019-12-10,0.3856732062499996,1.1243326229980852
2019-12-11,0.3850822997499996,1.12501433382851
2019-12-12,0.38366353299999967,1.1216344617465068
2019-12-13,0.3855796592499996,1.1438873954034086
2019-12-16,0.3913836592499996,1.1494581452495776
2019-12-17,0.39637721549999966,1.1650972817987733
2019-12-18,0.4018289814999996,1.1624980232432578
2019-12-19,0.40646505174999964,1.160874214507639
2019-12-20,0.4025328432499996,1.1580213430346182
2019-12-23,0.39222245199999967,1.1435631294669442
2019-12-24,0.4017219862499996,1.1510181327759037
2019-12-25,0.40176887574999964,1.1504153769103627
2019-12-26,0.40643907449999966,1.1605393693553614
2019-12-27,0.40558892499999966,1.1593978229645776
2019-12-30,0.40429772074999965,1.1765798531028322
2019-12-31,0.4084466987499996,1.1808889954305282
2020-01-02,0.4257202437499996,1.1969332842365474
2020-01-03,0.42187873149999966,1.1948359186688335
2020-01-06,0.41757296649999964,1.1903189970834225
2020-01-07,0.4254915732499996,1.1992355176156626
2020-01-08,0.41318354649999967,1.1854248270038779
2020-01-09,0.42223937599999967,1.2004295853448976
2020-01-10,0.4250077434999997,1.200088052513959
2020-01-13,0.4297778669999997,1.2118501226641336
2020-01-14,0.4274262104999997,1.2077850229551685
2020-01-15,0.42405462649999964,1.2011112385229201
2020-01-16,0.4262580852499997,1.1960115952817503
2020-01-17,0.42082992374999967,1.1976862822623564
2020-01-20,0.4216236362499997,1.2066158898899075
2020-01-21,0.4214303017499997,1.1859988431468964
2020-01-22,0.4176236674999997,1.191078769266496
2020-01-23,0.3983715702499997,1.1541726416175049
2020-02-03,0.36647019899999966,1.0632134376680387
2020-02-04,0.3569914299999997,1.0912555084708386
2020-02-05,0.3680415564999997,1.1036189508289003
2020-02-06,0.3779156692499997,1.1241570137808266
2020-02-07,0.37961987224999966,1.124184168062287
2020-02-10,0.3831413177499997,1.128835535049749
2020-02-11,0.3848310307499997,1.1393453085444145
2020-02-12,0.3863613042499997,1.1485605261727203
2020-02-13,0.3795738842499997,1.1414941577073392
2020-02-14,0.3807873074999997,1.1495122808552918
2020-02-17,0.39907280974999965,1.1753664718188428
2020-02-18,0.41484602199999965,1.1696262239100539
2020-02-19,0.41006899774999966,1.1678389706140517
2020-02-20,0.4215315879999997,1.194746903359757
2020-02-21,0.4248361997499997,1.1961404195745817
2020-02-24,0.4250029004999997,1.191340424694115
2020-02-25,0.4159756429999997,1.1887505346539653
2020-02-26,0.4062426429999997,1.1740955534374062
2020-02-27,0.4072992242499997,1.177514542674337
2020-02-28,0.3711175464999997,1.1357663915436378
2020-03-02,0.3899787589999997,1.1731301639617024
2020-03-03,0.39255757574999967,1.1793840947745533
2020-03-04,0.4060016154999997,1.1862132812570712
2020-03-05,0.4164147654999997,1.212639038136545
2020-03-06,0.41499214699999964,1.1929744090787313
2020-03-09,0.39354897524999966,1.1522214537157003
2020-03-10,0.39939995024999964,1.1768963936173946
2020-03-11,0.3925850002499997,1.1612430169248427
2020-03-12,0.3808391937499997,1.1388975799885281
2020-03-13,0.3753911937499997,1.122870702207989
2020-03-16,0.3537162687499997,1.0745945983965368
2020-03-17,0.35590061574999965,1.0693604521009141
2020-03-18,0.34785970324999965,1.0481946121408694
2020-03-19,0.35300742899999965,1.0345990514680867
2020-03-20,0.3538966802499997,1.0530856689906927
2020-03-23,0.3314665249999997,1.0176530502646504
2020-03-24,0.3381902637499997,1.0449828256376312
2020-03-25,0.3482184237499997,1.0730605544512237
2020-03-26,0.34039415524999966,1.0660065235999243
2020-03-27,0.33206876274999964,1.069469501619773
2020-03-30,0.31922657399999965,1.0591065687936425
2020-03-31,0.3204721519999997,1.0625784829358402
2020-04-01,0.32913595849999966,1.0593847416345066
2020-04-02,0.34062383424999965,1.0765233018614635
2020-04-03,0.33183197949999965,1.0703797753989244
2020-04-07,0.34881911824999967,1.0948252875658584
2020-04-08,0.35174056999999964,1.0897297088190476
2020-04-09,0.3597454937499997,1.0933231830513928
2020-04-10,0.34592895724999967,1.0865108887227346
2020-04-13,0.3379459572499997,1.0819212962842855
2020-04-14,0.3495636627499996,1.1028037170348608
2020-04-15,0.3436270104999996,1.094635294074238
2020-04-16,0.34768543499999965,1.0960818793253353
2020-04-17,0.34657165499999965,1.1067782736460894
2020-04-20,0.3499172639999996,1.1108047174193447
2020-04-21,0.3518248282499996,1.0977154024907336
2020-04-22,0.3544714922499997,1.106748380875522
2020-04-23,0.34567897824999966,1.103972158271295
2020-04-24,0.3359195914999996,1.0945228142374452
2020-04-27,0.33212007674999966,1.101959080515673
2020-04-28,0.31805040649999966,1.1095627117176374
2020-04-29,0.3130752199999996,1.1147184219199968
2020-04-30,0.3251001052499996,1.127847372875156
2020-05-06,0.33476871024999966,1.134672466037114
2020-05-07,0.3345455612499996,1.131398011372628
2020-05-08,0.3426071129999997,1.1425615631088273
2020-05-11,0.33954556199999963,1.141569538223283
2020-05-12,0.3332267182499996,1.1415861132889304
2020-05-13,0.3358107782499996,1.1438965621353665
2020-05-14,0.33599940449999965,1.1314911488284658
2020-05-15,0.34161105349999965,1.1279161810172431
2020-05-18,0.3394479714999996,1.1308264166305042
2020-05-19,0.3375877719999997,1.1404364379094292
2020-05-20,0.33468747799999965,1.1343750084676967
2020-05-21,0.33804387749999965,1.1281983895262648
2020-05-22,0.33060564349999966,1.1023323798202525
2020-05-25,0.3330046392499997,1.1038487821304765
2020-05-26,0.3443193867499997,1.1163724981667977
2020-05-27,0.3415007579999996,1.108544282031862
2020-05-28,0.33587868574999963,1.1117206123077155
2020-05-29,0.3407883452499997,1.1147158852142978
2020-06-01,0.3493373694999996,1.1447865134427242
2020-06-02,0.35206369074999966,1.1483112371853843
2020-06-03,0.35539481999999967,1.148334298146285
2020-06-04,0.35773841624999964,1.1479126861286186
2020-06-05,0.36628762824999966,1.153408631982866
2020-06-08,0.3676096862499997,1.1593768086639569
2020-06-09,0.36981612549999965,1.1666048056390506
2020-06-10,0.3676494817499996,1.164493517016193
2020-06-11,0.3655524817499996,1.151861731551851
2020-06-12,0.36393709574999966,1.1539367279874913
2020-06-15,0.36382509574999966,1.1400728818608303
2020-06-16,0.37370392449999973,1.157248080189418
2020-06-17,0.3701479747499997,1.1581197556852618
2020-06-18,0.37233276099999973,1.1658423237930713
2020-06-19,0.3763553117499997,1.181502244033279
2020-06-22,0.3757379152499997,1.182464001407641
2020-06-23,0.3748212252499997,1.1881567437369744
2020-06-24,0.3742446749999997,1.193113437846761
2020-06-29,0.3773842287499997,1.1846751151649975
2020-06-30,0.3871805322499997,1.2003125509683268
2020-07-01,0.39201131149999974,1.2244746150995907
2020-07-02,0.39879787899999974,1.249859256073003
2020-07-03,0.4057732587499997,1.2740014877778925
2020-07-06,0.4203808017499997,1.3462109486408762
2020-07-07,0.4259978892499997,1.3542913652094617
2020-07-08,0.4343841124999997,1.3761640524473129
2020-07-09,0.4585562737499997,1.395410442152992
2020-07-10,0.4586391962499997,1.370147764836543
2020-07-13,0.47746282124999967,1.39892435607023
2020-07-14,0.4745739684999998,1.3855861845472996
2020-07-15,0.4563064422499998,1.3676500898137949
2020-07-16,0.4416745207499998,1.3018642307834887
2020-07-17,0.4369398792499998,1.3100645643487576
2020-07-20,0.44777766099999977,1.3491540172972196
2020-07-21,0.4505757157499998,1.3522493459479092
2020-07-22,0.45067152974999974,1.358995512971185
2020-07-23,0.4495443914999998,1.3584161928071594
2020-07-24,0.42965491749999973,1.2987906082622465
2020-07-27,0.42818092999999974,1.3053801048824032
2020-07-28,0.43320618424999974,1.316855123721767
2020-07-29,0.4484725104999998,1.3487802567734222
2020-07-30,0.4462968349999998,1.342191336677288
2020-07-31,0.45163472199999977,1.3534034605623841
2020-08-03,0.45825064199999976,1.3753876475461897
2020-08-04,0.4561454432499998,1.3766824051959572
2020-08-05,0.4613115029999998,1.3770590195136663
2020-08-06,0.46054904749999975,1.37292398744077
2020-08-07,0.4507162367499997,1.3571162752673902
2020-08-10,0.45110398299999976,1.3620004426551444
2020-08-11,0.4415178362499997,1.3495803856380717
2020-08-12,0.43896627824999973,1.3397393800095252
2020-08-13,0.44580753574999976,1.3362998376911919
2020-08-14,0.44658123849999976,1.3561657601114674
2020-08-17,0.4556657247499998,1.3880467602491988
2020-08-18,0.4600589222499997,1.3873348395599945
2020-08-19,0.4464894662499997,1.3665574903125226
2020-08-20,0.4384725987499997,1.3488224583318704
2020-08-21,0.44093820374999976,1.3602632028180954
2020-08-24,0.44894976249999974,1.3709306268067183
2020-08-25,0.44884176249999974,1.3726894862946115
2020-08-26,0.4337795429999997,1.3565985566951704
2020-08-27,0.4474903097499997,1.363867054482846
2020-08-28,0.45318226624999974,1.3964176296203283
2020-08-31,0.4573077812499997,1.3883319090307356
2020-09-01,0.46158535699999975,1.395799912956403
2020-09-02,0.4660309569999997,1.3963086089276704
2020-09-03,0.47135201274999977,1.3885855507744418
2020-09-04,0.4693554237499997,1.375072923082298
2020-09-07,0.46262367249999975,1.3460013245062892
2020-09-08,0.45913170799999975,1.3532141300733898
2020-09-09,0.4365033577499997,1.3215627594538264
2020-09-10,0.43495421649999977,1.3208100496900288
2020-09-11,0.4433138139999997,1.3338697889362847
2020-09-14,0.44023144124999974,1.340721229246072
2020-09-15,0.45574444124999974,1.3515114240252897
2020-09-16,0.44725571224999977,1.3425394995344857
2020-09-17,0.44500547799999973,1.3354355128766353
2020-09-18,0.4621974779999997,1.365522716170709
2020-09-21,0.4644760584999997,1.3523604997794507
2020-09-22,0.4593680584999997,1.3363137319201346
2020-09-23,0.4824704317499997,1.3410892245296442
2020-09-24,0.49664735524999976,1.3153584961855151
2020-09-25,0.5055963559999997,1.3173636179096264
2020-09-28,0.4793403494999997,1.320790159611252
2020-09-29,0.4836068024999997,1.323641301512205
2020-09-30,0.4734297427499997,1.322371795614624
2020-10-09,0.49247085274999974,1.3493951772958381
2020-10-12,0.5076131027499997,1.390333168043896
2020-10-13,0.5255108247499997,1.3949578131429143
2020-10-14,0.5292134432499997,1.385704919669737
2020-10-15,0.5138753307499997,1.3832933196835506
2020-10-16,0.5116882999999998,1.3812581610578663
2020-10-19,0.5158961519999997,1.3708265065682517
2020-10-20,0.5150521072499997,1.3817744959724318
2020-10-21,0.5109488024999997,1.3815903541996402
2020-10-22,0.5123033854999998,1.3773114217307239
2020-10-23,0.5045606037499997,1.3601608698040986
2020-10-26,0.5188124222499997,1.3523050958208866
2020-10-27,0.5261938104999998,1.3546236736560402
2020-10-28,0.5241204602499997,1.3655754969449705
2020-10-29,0.5142875109999997,1.375851461122304
2020-10-30,0.49228385824999976,1.353486364716822
2020-11-02,0.5017809167499997,1.360836325348879
2020-11-03,0.5132637874999998,1.377189285116554
2020-11-04,0.5093921912499998,1.387594275370127
2020-11-05,0.5149453409999998,1.4081921526893892
2020-11-06,0.5128387734999997,1.408366839468212
2020-11-09,0.5252642842499997,1.4359338833026591
2020-11-10,0.5177702842499997,1.4280141439791492
2020-11-11,0.5097820489999998,1.4138957913227486
2020-11-12,0.5129750562499998,1.4149234165666829
2020-11-13,0.5064227984999997,1.4000457241202258
2020-11-16,0.5098039147499998,1.413686368971569
2020-11-17,0.5048283984999998,1.410980857038704
2020-11-18,0.5044263187499998,1.410083093830841
2020-11-19,0.5144270002499998,1.4205520494247126
2020-11-20,0.5121198962499998,1.4249621987611536
2020-11-23,0.5122988047499998,1.4427592359004275
2020-11-24,0.5082751547499997,1.4338975428027287
2020-11-25,0.5168102724999998,1.4155682586858676
2020-11-26,0.5133391464999998,1.4181312538803668
2020-11-27,0.5046738919999998,1.4357653365046767
2020-11-30,0.5088709852499997,1.4298521890415352
2020-12-01,0.5139958117499998,1.460651947201238
2020-12-02,0.5160055892499998,1.4606653225585604
2020-12-03,0.5094923297499997,1.457758373132228
2020-12-04,0.5107862264999997,1.460311221503931
2020-12-07,0.5130976377499997,1.4477195909377572
2020-12-08,0.5116722737499998,1.4441576813956447
2020-12-09,0.5014020524999997,1.4247922394793155
2020-12-10,0.49519437199999966,1.4241656443454438
2020-12-11,0.4851473657499997,1.4094943474990473
2020-12-14,0.48486486449999966,1.4225255199799878
2020-12-15,0.48349873349999967,1.4254844718731514
2020-12-16,0.4646182154999997,1.4280116649258523
2020-12-17,0.4733583292499997,1.446348415028805
2020-12-18,0.4673785407499997,1.4413007742544666
2020-12-21,0.4635319074999997,1.4548121335937607
2020-12-22,0.4491319074999997,1.4311553639420316
2020-12-23,0.44857143949999967,1.443363490728427
2020-12-24,0.43798242349999966,1.4413144955262025
2020-12-25,0.4494276414999997,1.4534210099536296
2020-12-28,0.4377842379999997,1.4598783672678255
2020-12-29,0.44299408124999967,1.453686902832814
2020-12-30,0.4444248647499997,1.4740884737224098
2020-12-31,0.4490231149999997,1.5022165042569666
2021-01-04,0.4534999667499997,1.5184830142474652
2021-01-05,0.4492412097499997,1.5475360199237476
2021-01-06,0.4334171572499997,1.5617077875308345
2021-01-07,0.4131444029999997,1.5893777985557034
2021-01-08,0.41077394074999973,1.5841238774861084
2021-01-11,0.3982379999999997,1.5684792351324974
2021-01-12,0.3896107842499997,1.613215827360112
2021-01-13,0.3868257379999997,1.6079171680263695
2021-01-14,0.3837790097499997,1.5769247355383416
2021-01-15,0.3994751452499997,1.5733574643228196
2021-01-18,0.4091405797499997,1.59077981849986
2021-01-19,0.42071415274999974,1.5674314315477749
2021-01-20,0.4264669032499997,1.5786477640582357
2021-01-21,0.4336934654999997,1.604169243008392
2021-01-22,0.4206038874999997,1.6055548320179072
2021-01-25,0.4050468994999997,1.6217399368164263
2021-01-26,0.4030055514999997,1.5891791860299467
2021-01-27,0.3967786562499997,1.5935133783264208
2021-01-28,0.39833657124999966,1.5500259695245941
2021-01-29,0.3834170244999997,1.542768079778933
2021-02-01,0.3782619589999997,1.5617022240740173
2021-02-02,0.3801611799999997,1.5857556999056404
2021-02-03,0.3801186509999997,1.5811750147633388
2021-02-04,0.3729394677499997,1.5779311158720464
2021-02-05,0.3629965469999997,1.5806599482016226
2021-02-08,0.35628038399999973,1.6040517762388047
2021-02-09,0.3631228127499997,1.6391299191696025
2021-02-10,0.3665369762499997,1.6741447885889291
2021-02-18,0.3919680264999997,1.6628052240686557
2021-02-19,0.4188308834999997,1.6658206176636234
2021-02-22,0.44759996599999974,1.6134983817835473
2021-02-23,0.4376638522499997,1.6084063486594748
2021-02-24,0.4443482977499997,1.5674443745120803
2021-02-25,0.4500649944999997,1.5766659050784328
2021-02-26,0.4679609652499997,1.538385430638366
2021-03-01,0.4782389637499997,1.5620294879353989
2021-03-02,0.46203078424999966,1.5420951321136507
2021-03-03,0.4745068232499997,1.5716657410573482
2021-03-04,0.4718332897499997,1.5222268747710839
2021-03-05,0.4798945152499997,1.5170641021494486
2021-03-08,0.48442828099999974,1.4643781084373655
2021-03-09,0.47486328549999973,1.432950285007533
2021-03-10,0.4686616484999997,1.442351287502095
2021-03-11,0.47593061599999975,1.4782697430219118
2021-03-12,0.4761128534999997,1.4835054459323953
2021-03-15,0.45736985349999976,1.4515560700455932
2021-03-16,0.46286485349999973,1.4641872213335103
2021-03-17,0.4672718534999997,1.4703836150489142
2021-03-18,0.4745088534999997,1.482176413929489
2021-03-19,0.4600971767499997,1.4433540357344576
2021-03-22,0.46316217674999977,1.4577848067586603
2021-03-23,0.4606491767499998,1.4439752980211216
2021-03-24,0.45388294424999975,1.4207527374369506
2021-03-25,0.45735994424999976,1.420078665549824
2021-03-26,0.47625494424999976,1.4522611012727284
2021-03-29,0.47525094424999975,1.4548230010715852
2021-03-30,0.4905659442499998,1.4686168571819123
2021-03-31,0.48271394424999975,1.4552506089390858
2021-04-01,0.5007329442499998,1.4732427994599813
2021-04-02,0.5098519442499998,1.487880773217876
2021-04-06,0.5067039442499998,1.4817652658228315
2021-04-07,0.49665179399999976,1.4712151644727909
2021-04-08,0.5018337939999997,1.473655533007701
2021-04-09,0.4986826054999997,1.451496486287866
2021-04-12,0.47812251474999967,1.4262471843287394
2021-04-13,0.4688807372499997,1.423911656687324
2021-04-14,0.4727124084999997,1.4357258157829331
2021-04-15,0.4687344662499997,1.426601227730967
2021-04-16,0.4785423162499997,1.4315613521586874
2021-04-19,0.4922938404999997,1.466393607593882
2021-04-20,0.4883668104999997,1.465341134164577
2021-04-21,0.4894403874999997,1.4697744597667233
2021-04-22,0.4906816469999997,1.467035567092954
2021-04-23,0.5022592502499997,1.4803561258069966
2021-04-26,0.5009679392499997,1.4635746069071842
2021-04-27,0.5002098367499996,1.46740338941932
2021-04-28,0.4986495019999997,1.4756830238638858
2021-04-29,0.49255714849999965,1.4886338000698862
2021-04-30,0.4904877197499997,1.4769072437994983
2021-05-06,0.4914464732499997,1.4589298987721824
2021-05-07,0.4885168294999997,1.4401721996541894
2021-05-10,0.49696058824999967,1.4391256067699139
2021-05-11,0.4859107904999997,1.4479572341398386
2021-05-12,0.5020217799999998,1.4541515811949624
2021-05-13,0.48934715624999975,1.4392846697477262
2021-05-14,0.49403415624999975,1.4731889809424796
2021-05-17,0.49253415624999974,1.494634290922439
2021-05-18,0.49298378849999974,1.4953883843438907
2021-05-19,0.4848974264999998,1.4909695294947094
2021-05-20,0.49089824024999973,1.4950455543339012
2021-05-21,0.49246801099999976,1.4799799150561035
2021-05-24,0.4899824287499998,1.4861600219678712
2021-05-25,0.4925697169999998,1.5331151651127326
2021-05-26,0.5038147169999998,1.5337247527879405
2021-05-27,0.5111600584999998,1.5388097523189381
2021-05-28,0.5017838274999998,1.5338677019193234
2021-05-31,0.5192588274999997,1.536888976059321
2021-06-01,0.5224858169999997,1.539803362645544
2021-06-02,0.5185408169999998,1.524898429439023
2021-06-03,0.5182368169999998,1.5148991679662958
2021-06-04,0.5130859607499997,1.5226798496955751
2021-06-07,0.5177789607499997,1.521339402517023
2021-06-08,0.5172657357499998,1.5082204254274536
2021-06-09,0.5170619359999998,1.5094694070698333
2021-06-10,0.5201295984999997,1.519563420265661
2021-06-11,0.5179122187499998,1.5060833950069907
2021-06-15,0.5100838552499998,1.4893228904077989
2021-06-16,0.5012548827499999,1.4645125250132152
2021-06-17,0.5010280647499998,1.4706817644471586
2021-06-18,0.5000216312499998,1.4708470250582129
2021-06-21,0.5029315899999998,1.46736473348361
2021-06-22,0.5122967649999999,1.476523653541117
2021-06-23,0.5200441979999998,1.4837980895262246
2021-06-24,0.5179681979999998,1.4862713775828202
2021-06-25,0.5151857019999998,1.510483829913652
2021-06-28,0.5179399182499999,1.5138830155504095
2021-06-29,0.5146143527499998,1.4962367970954258
2021-06-30,0.5183352937499999,1.5058925655555377
2021-07-01,0.5102232937499999,1.507513520497245
2021-07-02,0.4994611049999998,1.4646930635108661
2021-07-05,0.5012333262499998,1.4660407460659008
2021-07-06,0.5009287129999999,1.4652658689534375
2021-07-07,0.49954054199999987,1.4818079574266987
2021-07-08,0.49238081299999986,1.4667510813140434
2021-07-09,0.49491701249999986,1.4613258461311576
2021-07-12,0.5079471944999999,1.4795649618908973
2021-07-13,0.5083134939999998,1.4822718286552157
2021-07-14,0.5063644939999998,1.465260276670419
2021-07-15,0.4917004939999998,1.4849709699976321
2021-07-16,0.48526768624999983,1.4686294254056034
2021-07-19,0.47919164849999984,1.4740262091279779
2021-07-20,0.4805542812499998,1.4727289147725113
2021-07-21,0.4918431824999998,1.4828321235264983
2021-07-22,0.49806855099999986,1.4850543065450867
2021-07-23,0.4834904857499998,1.4670311566841818
2021-07-26,0.47683247624999986,1.4197765957882267
2021-07-27,0.47304047624999984,1.3696230414974495
2021-07-28,0.46955941099999987,1.3722662888358832
2021-07-29,0.48256009024999985,1.3981499113507836
2021-07-30,0.48486571224999986,1.3868773965743288
2021-08-02,0.5118615512499999,1.4222086623772126
2021-08-03,0.5185486207499999,1.4224168740279444
2021-08-04,0.5252432864999999,1.4352127094028932
2021-08-05,0.5105184662499999,1.4265136537319465
2021-08-06,0.5077034662499998,1.418700138959585
2021-08-09,0.5183857889999999,1.4371483311560904
2021-08-10,0.5286210419999999,1.4537479855529998
2021-08-11,0.5293726269999999,1.4457321685011373
2021-08-12,0.5400245867499999,1.4336281331270069
2021-08-13,0.5352329982499998,1.425738978402891
2021-08-16,0.531318322,1.4243220841389537
2021-08-17,0.5189188432499998,1.3944396333514766
2021-08-18,0.5218683739999999,1.4108230047613388
2021-08-19,0.5168751804999999,1.4015700824619604
2021-08-20,0.5047198677499999,1.374798728257189
2021-08-23,0.5203058677499999,1.3939999761319055
2021-08-24,0.5256108677499999,1.4091371908670984
2021-08-25,0.5252974362499999,1.4119526459310576
2021-08-26,0.5191044462499999,1.384121582920499
2021-08-27,0.5175694694999999,1.39145321008864
2021-08-30,0.5208078582499999,1.38748297740758
2021-08-31,0.5117682969999999,1.3852747750965375
2021-09-01,0.5139037007499999,1.403679958600963
2021-09-02,0.5027060117499998,1.4036662949816292
2021-09-03,0.5008435272499999,1.3960709080731868
2021-09-06,0.5122700832499999,1.4222058374095021
2021-09-07,0.5184496024999999,1.4392430447133004
2021-09-08,0.5348826407499999,1.4332768858662888
2021-09-09,0.52951320325,1.4326660298382312
2021-09-10,0.5404375957499998,1.4452079063812617
2021-09-13,0.5461679014999999,1.438905893464933
2021-09-14,0.5477981344999999,1.4174309213240148
2021-09-15,0.5435689825,1.4030630778968702
2021-09-16,0.5264011255,1.3858766373498435
2021-09-17,0.5327823362499999,1.3997830886017684
2021-09-22,0.5338668674999999,1.3899323973696436
2021-09-23,0.5345222562499998,1.3989919535118702
2021-09-24,0.5310957259999999,1.397905782253449
2021-09-27,0.5150961809999999,1.405960428198228
2021-09-28,0.50908327125,1.407822081919336
2021-09-29,0.49139250599999995,1.3934378363837507
2021-09-30,0.5058109699999999,1.4027932358281314
2021-10-08,0.5099429237499999,1.4211146792182863
2021-10-11,0.5107083192499999,1.4229165762244604
2021-10-12,0.51075436425,1.4078246474512364
2021-10-13,0.5186314157499999,1.4240457273487603
2021-10-14,0.52761121575,1.416407764141255
2021-10-15,0.5258872822499999,1.4217394871276887
2021-10-18,0.51702218475,1.4052125324100186
2021-10-19,0.5223841847499999,1.419034090499628
2021-10-20,0.51658479075,1.415419688445265
2021-10-21,0.5085613204999999,1.4205596883680107
2021-10-22,0.5166639467499999,1.4297004190926077
2021-10-25,0.51566785175,1.4354074592176995
2021-10-26,0.51586575475,1.4306727268565815
2021-10-27,0.49673437674999993,1.4119547214175385
2021-10-28,0.48598344174999997,1.4021462029176612
2021-10-29,0.4920172657499999,1.4150119418303402
2021-11-01,0.49817709749999994,1.4097987233567348
2021-11-02,0.48526609749999994,1.3951436556615724
2021-11-03,0.5002480067499999,1.3897434127950627
2021-11-04,0.5035186322499999,1.403473332391293
2021-11-05,0.5020743599999999,1.3958643395159192
2021-11-08,0.5070234882499999,1.3975459736109965
2021-11-09,0.5142853372499999,1.3971322887986397
2021-11-10,0.5191147869999999,1.3897666467131702
2021-11-11,0.5182589104999998,1.4120955374100383
2021-11-12,0.5193678787499999,1.409132780458326
2021-11-15,0.5277113352499999,1.407404015524408
2021-11-16,0.5287615059999999,1.4076758177748236
2021-11-17,0.5375445415,1.4083773898578238
2021-11-18,0.5299277199999999,1.394501638510098
2021-11-19,0.5352216242499999,1.4096178101184693
2021-11-22,0.5435757924999999,1.4160580158429954
2021-11-23,0.54077055,1.4163309134890536
2021-11-24,0.5424925382499999,1.4172856949227433
2021-11-25,0.5450551367499998,1.411458103624543
2021-11-26,0.5526649737499999,1.4009898398594989
2021-11-29,0.5536675282499999,1.3984809514445125
2021-11-30,0.5571579444999999,1.3928895332121363
2021-12-01,0.5820205194999999,1.396298231495265
2021-12-02,0.5755364397499999,1.3998473133778766
2021-12-03,0.5775691987499999,1.4127771617618596
2021-12-06,0.5677580167499999,1.4103567409581286
2021-12-07,0.5649959967499999,1.4188548780072283
2021-12-08,0.5691819967499999,1.4401367722530056
2021-12-09,0.5700634174999999,1.4639934227833413
2021-12-10,0.5806931779999999,1.4571982512181518
2021-12-13,0.5823850292499999,1.4654666146180777
2021-12-14,0.5834031159999999,1.455635323419311
2021-12-15,0.5822655194999999,1.4430105427218423
2021-12-16,0.5808775762499999,1.4513220012924515
2021-12-17,0.5687267249999999,1.4282690540757048
2021-12-20,0.5578703252499999,1.406839050808543
2021-12-21,0.5600114689999999,1.4163711548658253
2021-12-22,0.5589329069999999,1.4166505095809354
2021-12-23,0.5616064755,1.426533428505919
2021-12-24,0.5524735987499999,1.4186367789695105
2021-12-27,0.5553424719999999,1.4180541726185565
2021-12-28,0.5579314719999998,1.4286162656682653
2021-12-29,0.5536016537499999,1.4077218820442228
2021-12-30,0.5535321337499999,1.4186846304633793
2021-12-31,0.55906473325,1.424121943824537
2022-01-04,0.5615180867499998,1.4176049162740105
2022-01-05,0.5426191514999998,1.4032941198988937
2022-01-06,0.5494303109999997,1.3889131893764377
2022-01-07,0.5343418004999998,1.3901057581432146
2022-01-10,0.5416127942499998,1.3963541831516504
2022-01-11,0.5309958637499997,1.3830158386715135
2022-01-12,0.5460008637499998,1.396796261772116
2022-01-13,0.5342711827499999,1.3738334252600886
2022-01-14,0.5418696152499998,1.3625371865201072
2022-01-17,0.5622982417499998,1.3742246256355672
2022-01-18,0.5534760187499999,1.3875051447562459
2022-01-19,0.5262566124999998,1.378001492159475
2022-01-20,0.5068114447499998,1.3904344344884512
2022-01-21,0.5007895384999997,1.377694723727094
2022-01-24,0.5107248372499997,1.3798346367676695
2022-01-25,0.4977210917499998,1.3486197236593525
2022-01-26,0.5002361512499998,1.3583802177081545
2022-01-27,0.48876715124999975,1.3317348916547052
2022-01-28,0.49561933499999977,1.3155620956440668
2022-02-07,0.5075248804999998,1.335832074925523
2022-02-08,0.5039395754999998,1.328534145586498
2022-02-09,0.5083989352499998,1.341012431529845
2022-02-10,0.49908716899999983,1.3374960962117126
2022-02-11,0.48123485149999984,1.3264074637722394
2022-02-14,0.49131344399999977,1.3120786798476198
2022-02-15,0.5034572239999998,1.3260347986440846
2022-02-16,0.5050193874999998,1.3311908835870587
2022-02-17,0.5103166237499998,1.3344123845200762
2022-02-18,0.5078109802499998,1.3407745865443559
2022-02-21,0.5102198052499998,1.335896703268447
2022-02-22,0.5086178629999998,1.3185544571043353
2022-02-23,0.5247710704999998,1.332648682230394
2022-02-24,0.5188288389999998,1.3056305757439854
2022-02-25,0.5411377402499998,1.3183446023601393
2022-02-28,0.5299307967499998,1.3207144620070959
2022-03-01,0.5327442112499998,1.3316800353939628
2022-03-02,0.5368016742499998,1.319836646530412
2022-03-03,0.5231694142499997,1.3120615282579502
2022-03-04,0.5235229669999998,1.2961499841081152
2022-03-07,0.5159839669999998,1.254740396709639
2022-03-08,0.5036514229999997,1.2295501884628202
2022-03-09,0.49838544549999964,1.2182950847118454
2022-03-10,0.5046687782499997,1.2374619429286187
2022-03-11,0.5016686934999997,1.24140660676928
2022-03-14,0.49047036499999963,1.2034240511178482
2022-03-15,0.4763141574999996,1.1483816595947347
2022-03-16,0.4869074149999996,1.1980402680121816
2022-03-17,0.5066988794999996,1.2215666567562187
2022-03-18,0.5065243094999996,1.22969740387197
2022-03-21,0.5051843094999996,1.227634658571808
2022-03-22,0.5055750859999997,1.226639895197157
2022-03-23,0.5057596069999997,1.232757506904884
2022-03-24,0.5025659707499996,1.225490046860449
2022-03-25,0.49602478674999967,1.2033711550387824
2022-03-28,0.4891789597499997,1.1958452392750534
2022-03-29,0.4831715467499997,1.1917166930974106
2022-03-30,0.5014662092499996,1.226295105005491
2022-03-31,0.5011597609999997,1.2172142463006328
2022-04-01,0.5029577879999997,1.2326539055380379
2022-04-06,0.5070333484999997,1.229103411171571
2022-04-07,0.4918949197499997,1.2133235739346802
2022-04-08,0.49378777724999967,1.2195693757588135
2022-04-11,0.4814296739999997,1.1818945109781993
2022-04-12,0.4840120237499997,1.2049273375065601
2022-04-13,0.4821870499999997,1.1933289137001766
2022-04-14,0.4774849162499997,1.2082699373105072
2022-04-15,0.4620424604999997,1.2074566925243455
2022-04-18,0.45703673549999974,1.2010103468189797
2022-04-19,0.45789312949999966,1.1919350803971398
2022-04-20,0.4441472889999997,1.173453795721742
2022-04-21,0.4182304274999997,1.1518459924460362
2022-04-22,0.4094791067499997,1.1568674590297527
2022-04-25,0.3719251067499997,1.0996944076766249
2022-04-26,0.3578933899999997,1.0908179843901509
2022-04-27,0.3751239047499997,1.122935071115103
2022-04-28,0.3648180502499997,1.1303062766573897
2022-04-29,0.3794178254999997,1.1577297083578284
2022-05-05,0.3854995877499997,1.1559912578203322
2022-05-06,0.3943042474999997,1.1267628735364
2022-05-09,0.40235882149999974,1.117717615189932
2022-05-10,0.41743213324999967,1.1299491488516418
2022-05-11,0.41846867749999966,1.1462517204197487
2022-05-12,0.42094502799999967,1.141154354448468
2022-05-13,0.4216022157499996,1.1497619157570413
2022-05-16,0.41978700274999964,1.140519543847275
2022-05-17,0.4210826407499997,1.1547468883701324
2022-05-18,0.42213725649999967,1.150715111749669
2022-05-19,0.42951392249999965,1.1529322790092618
2022-05-20,0.43234056474999966,1.1754171194542207
2022-05-23,0.4442069697499996,1.1686090914033291
2022-05-24,0.4240714994999996,1.14127372374733
2022-05-25,0.42946520649999964,1.1481990167844014
2022-05-26,0.42942642899999967,1.1510430674398775
2022-05-27,0.43031577449999964,1.1534224397332054
2022-05-30,0.4280496842499996,1.1614128032494737
2022-05-31,0.4381331204999997,1.1794290924745108
2022-06-01,0.43987011049999963,1.1770248719958125
2022-06-02,0.4509289172499997,1.178867154509764
2022-06-06,0.46272046774999964,1.2009240411728088
2022-06-07,0.45350723524999964,1.2046839867166559
2022-06-08,0.4445765327499995,1.216411551904083
2022-06-09,0.4303212659999995,1.203688387382172
2022-06-10,0.4387070539999995,1.2219408208468319
2022-06-13,0.4405220539999995,1.2076312351721625
2022-06-14,0.43539005399999947,1.2171319763226194
2022-06-15,0.4344948894999995,1.2332476676288275
2022-06-16,0.4413942057499995,1.2251312471350357
2022-06-17,0.4479521044999995,1.242133805345081
2022-06-20,0.4542610174999995,1.2482992685466767
2022-06-21,0.4524476842499995,1.2468962685116818
2022-06-22,0.4471446842499995,1.23105828882712
2022-06-23,0.4541136842499995,1.2521750377666474
2022-06-24,0.45996795674999946,1.2668459022200267
2022-06-27,0.4638738079999995,1.2811124503764153
2022-06-28,0.46933631174999946,1.2944453467045396
2022-06-29,0.4626713117499995,1.2745092613107238
2022-06-30,0.48144231174999946,1.292858233722954
2022-07-01,0.48047479374999946,1.287585085577208
2022-07-04,0.4929788394999995,1.2960347369560143
2022-07-05,0.4923045079999995,1.2941633399789256
2022-07-06,0.48653452049999946,1.2752624322937394
2022-07-07,0.48783532799999946,1.280884636908918
2022-07-08,0.49507287349999946,1.2766493184823051
2022-07-11,0.49236648724999943,1.255270568200745
2022-07-12,0.4744254399999994,1.2434523157845763
2022-07-13,0.48554527349999943,1.2457132412174778
2022-07-14,0.49197844299999943,1.2458898016993736
2022-07-15,0.48919211124999945,1.2246890243835644
2022-07-18,0.5035108674999994,1.237389416206586
2022-07-19,0.5112229439999995,1.2306885639714804
2022-07-20,0.5243146167499995,1.2348575821355037
2022-07-21,0.5228356697499994,1.2210945412341798
2022-07-22,0.5178210417499994,1.221721885849281
2022-07-25,0.5188940417499994,1.214345260981183
2022-07-26,0.5161617807499994,1.2239535238618393
2022-07-27,0.5220167807499995,1.2179172885198906
2022-07-28,0.5286414319999995,1.2181010843782687
2022-07-29,0.5171731912499995,1.202081960845832
2022-08-01,0.5167571912499994,1.2074368600979708
2022-08-02,0.49259042374999945,1.1838989985258856
2022-08-03,0.4864755009999994,1.1723545085418086
2022-08-04,0.5012352387499994,1.1823172183915083
2022-08-05,0.5066287369999993,1.198279554307727
2022-08-08,0.5141190589999994,1.1957323270452433
2022-08-09,0.5182470589999995,1.198100716555942
2022-08-10,0.5142855794999994,1.1846811398410326
2022-08-11,0.5249559484999994,1.2088390818255357
2022-08-12,0.5254378074999995,1.2081499050090194
2022-08-15,0.5238818844999994,1.2065723623262075
2022-08-16,0.5222097764999994,1.2043116963291158
2022-08-17,0.5200554082499994,1.2155889674287563
2022-08-18,0.5109960674999994,1.2049639179557885
2022-08-19,0.5053201297499994,1.196596882469409
2022-08-22,0.5165928322499994,1.2053377649581896
2022-08-23,0.5130403309999995,1.1994819528090872
2022-08-24,0.4961895722499994,1.176806455869882
2022-08-25,0.49545886724999944,1.1865555059168371
2022-08-26,0.4974475614999994,1.184049327164757
2022-08-29,0.4961282737499994,1.178853404411827
2022-08-30,0.4958606762499994,1.1748964894356873
2022-08-31,0.48028260124999944,1.1757746796529855
2022-09-01,0.4708217994999994,1.1656564812744132
2022-09-02,0.4849177994999994,1.1598548047310253
2022-09-05,0.47687046524999943,1.1574948901234574
2022-09-06,0.49156080649999945,1.1681184406339666
2022-09-07,0.5080047314999994,1.1688975551979954
2022-09-08,0.48922707199999943,1.1639108818390378
2022-09-09,0.4877054824999994,1.1800833895876648
2022-09-13,0.4926535262499994,1.1850781342829375
2022-09-14,0.49094532774999944,1.171888561826811
2022-09-15,0.47612031299999946,1.160865307211491
2022-09-16,0.46914699824999945,1.1336429959163075
2022-09-19,0.47270788574999945,1.1322932090485907
2022-09-20,0.49186225624999946,1.1336872441350354
2022-09-21,0.48439152774999944,1.125298444866806
2022-09-22,0.48240781549999945,1.1153848836900258
2022-09-23,0.4598248342499994,1.1115444265664345
2022-09-26,0.45947624674999943,1.105968315046856
2022-09-27,0.46122407824999945,1.122000785110414
2022-09-28,0.4350999119999994,1.103671587472156
2022-09-29,0.4362308809999995,1.103220053857721
2022-09-30,0.42790235324999953,1.0968038891849339
2022-10-10,0.4172844632499995,1.0726046392542177
2022-10-11,0.4165384227499995,1.0745504654826132
2022-10-12,0.4309566952499995,1.0908717740814515
2022-10-13,0.4367976952499995,1.081753037748314
2022-10-14,0.4473097089999995,1.1076380727470694
2022-10-17,0.4575262479999995,1.1087744304216507
2022-10-18,0.4561002479999995,1.10642647868755
2022-10-19,0.4511210659999995,1.0886311422941424
2022-10-20,0.46137606599999953,1.08240278032169
2022-10-21,0.4603465264999995,1.078933835278208
2022-10-24,0.4553035914999995,1.0473634951100097
2022-10-25,0.4492584177499995,1.045657243439171
2022-10-26,0.4623145629999995,1.0541461272777095
2022-10-27,0.4605335954999995,1.0467211032179207
2022-10-28,0.4447925702499995,1.020830764198158
2022-10-31,0.45936118674999954,1.0114258989926452
2022-11-01,0.4665527354999995,1.0475940758928153
2022-11-02,0.4776713554999995,1.0601714951418337
2022-11-03,0.4814522662499994,1.0515500107781166
2022-11-04,0.48903802149999936,1.0859333269569775
2022-11-07,0.5031111789999995,1.0882747351434225
2022-11-08,0.5084190344999995,1.0807879941870235
2022-11-09,0.5068933349999993,1.070683055860969
2022-11-10,0.5009313692499994,1.0624439798813872
2022-11-11,0.5129143017499994,1.0920629591905742
2022-11-14,0.5222475892499994,1.093670999994177
2022-11-15,0.5321745794999994,1.1144130371452698
2022-11-16,0.5309027509999994,1.1053089445223039
2022-11-17,0.5283401762499994,1.100775764959458
2022-11-18,0.5200596677499993,1.0958478105721936
2022-11-21,0.5267878992499995,1.086496100881557
2022-11-22,0.5138814899999994,1.0866246080861761
2022-11-23,0.5157712549999994,1.0877649726027137
2022-11-24,0.5247503584999994,1.08294508764347
2022-11-25,0.5181202669999994,1.0884128991254187
2022-11-28,0.5078445224999993,1.0761519627385605
2022-11-29,0.5235993822499994,1.1093539811952853
2022-11-30,0.5216881744999994,1.110684050941432
2022-12-01,0.5264513659999994,1.1227138588476633
2022-12-02,0.5326381907499994,1.1158471983036817
2022-12-05,0.5238024304999994,1.137734385120699
2022-12-06,0.5288681367499993,1.1438807077247473
2022-12-07,0.5317195119999995,1.1410681352809007
2022-12-08,0.5283985919999995,1.1412811320810192
2022-12-09,0.5257985919999995,1.152541914593616
2022-12-12,0.5303395919999995,1.1396275170534365
2022-12-13,0.5124785919999995,1.1373900273220499
2022-12-14,0.5187455919999994,1.1400433061784752
2022-12-15,0.5336465607499995,1.1392081534794578
2022-12-16,0.5260905669999995,1.1398534279916595
2022-12-19,0.5259663772499994,1.1222676292542355
2022-12-20,0.5241698997499994,1.1037602280406178
2022-12-21,0.5133602452499993,1.1041987033859428
2022-12-22,0.5042072452499994,1.1057811465229461
2022-12-23,0.4949335864999994,1.1035300508246282
2022-12-26,0.5226751764999994,1.1079317829103403
2022-12-27,0.5266007939999994,1.1207206135184158
2022-12-28,0.5203047644999994,1.115938462056446
2022-12-29,0.5220940159999994,1.1117403006030844
2022-12-30,0.5141154222499994,1.116044946043405
2023-01-03,0.5220568269999994,1.1207336429613248
2023-01-04,0.5192248044999994,1.122188933725162
2023-01-05,0.5241705419999995,1.1439903337676287
2023-01-06,0.5221714077499995,1.1475390120834246
2023-01-09,0.5244018109999994,1.1568299273158869
2023-01-10,0.5238825884999995,1.1580850489391064
2023-01-11,0.5146181259999995,1.1559395724417136
2023-01-12,0.5117525972499994,1.158199056564559
2023-01-13,0.5144421727499995,1.17448816629674
2023-01-16,0.5287161509999994,1.192817911632819
2023-01-17,0.5244620542499995,1.1926097576344894
2023-01-18,0.5226178859999994,1.1906127072466937
2023-01-19,0.5211696304999994,1.1980191384067562
2023-01-20,0.5304882714999994,1.2053752966720555
2023-01-30,0.5303782752499994,1.2110881596897747
2023-01-31,0.5229852614999995,1.1982641899425268
2023-02-01,0.5389877952499994,1.2095281433372473
2023-02-02,0.5400103602499995,1.2052665065890065
2023-02-03,0.5409062707499993,1.19387514138531
2023-02-06,0.5364939569999994,1.178091643220876
2023-02-07,0.5345110694999993,1.180211983270887
2023-02-08,0.5306396697499993,1.1749966316583984
2023-02-09,0.5322721322499994,1.1907690029091977
2023-02-10,0.5332077347499994,1.183693092971244
2023-02-13,0.5398358527499992,1.1944349750373744
2023-02-14,0.5372128377499993,1.194929690301096
2023-02-15,0.5346898377499992,1.1887029714221078
2023-02-16,0.5249725592499993,1.1799969686366896
2023-02-17,0.5453736584999993,1.1629951022554714
2023-02-20,0.5462549219999994,1.1915280256110419
2023-02-21,0.5482580249999993,1.1946597041013516
2023-02-22,0.5579853972499993,1.1838778400942593
2023-02-23,0.5545276497499992,1.1829253359304588
2023-02-24,0.5478676497499992,1.1706452012936508
2023-02-27,0.5445537564999993,1.165686719959394
2023-02-28,0.5595061924999993,1.1730703495943664
2023-03-01,0.5644513327499994,1.1896404571351218
2023-03-02,0.5605932172499993,1.186987351235903
2023-03-03,0.5608412929999994,1.1906810253433617
2023-03-06,0.5569546209999994,1.1844715445326468
2023-03-07,0.5459800929999993,1.16713019198077
2023-03-08,0.5478213929999993,1.1628799992343761
2023-03-09,0.5515373667499993,1.158770190087465
2023-03-10,0.5429913667499994,1.1435743716853832
2023-03-13,0.5387332977499993,1.1555518888627723
2023-03-14,0.5352988244999993,1.1486363679078824
2023-03-15,0.5372312617499992,1.1492723892095227
2023-03-16,0.5269522264999993,1.1355074457789245
2023-03-17,0.5224822264999993,1.1411772424521618
2023-03-20,0.5227578514999993,1.1354862585210972
2023-03-21,0.5333235489999993,1.1479683495229926
2023-03-22,0.5366595489999993,1.1528873966141089
2023-03-23,0.5363999227499994,1.1643160629220624
2023-03-24,0.5366443662499992,1.1608442929108704
2023-03-27,0.5419091592499993,1.1566447189736535
2023-03-28,0.5374810212499993,1.1529081514789197
2023-03-29,0.5392223249999992,1.1548191268301538
2023-03-30,0.5434459912499993,1.164153540800115
2023-03-31,0.5464343677499993,1.167727989739717
2023-04-03,0.5475739114999993,1.1791552435638155
2023-04-04,0.5340875512499993,1.1827693573561668
2023-04-06,0.5361679962499992,1.18090568580098
2023-04-07,0.5381701227499993,1.1885849569546987
2023-04-10,0.5311387724999993,1.1832613053045802
2023-04-11,0.5284845772499993,1.1819168801102728
2023-04-12,0.5273139347499993,1.1810923642794708
2023-04-13,0.5232387309999993,1.1729319550027613
2023-04-14,0.5222136622499993,1.1795678041543283
2023-04-17,0.5252022902499993,1.1961096620179805
2023-04-18,0.5256838077499993,1.1997557152411793
2023-04-19,0.5232283739999993,1.1889536440670978
2023-04-20,0.5126666714999993,1.185627186935781
2023-04-21,0.4984273157499993,1.1624359316060326
2023-04-24,0.4997298264999993,1.1480446524773726
2023-04-25,0.48227669124999933,1.1422860134522657
2023-04-26,0.48960281549999934,1.1412962658366104
2023-04-27,0.48922935574999926,1.149709538549596
2023-04-28,0.4954723557499993,1.1614323762400383
2023-05-04,0.4913631127499993,1.1617671349137124
2023-05-05,0.46715894324999924,1.157913158301793
2023-05-08,0.46893411624999926,1.1711112344872519
2023-05-09,0.45502451124999926,1.1610834639016112
2023-05-10,0.4605413779999993,1.1521456408067392
2023-05-11,0.4637277697499993,1.1503567444172729
2023-05-12,0.4541930634999992,1.1351072516286946
2023-05-15,0.45932600349999925,1.152727267066855
2023-05-16,0.45831856199999926,1.1467654898024142
2023-05-17,0.46660578449999923,1.141565127814511
2023-05-18,0.46362231724999925,1.1403847237046094
2023-05-19,0.46521577199999925,1.1370611203672043
2023-05-22,0.47232393449999927,1.1442063861450669
2023-05-23,0.47126224074999923,1.1280235009640347
2023-05-24,0.47988163074999923,1.1124300539436232
2023-05-25,0.4785800562499993,1.1099527590450708
2023-05-26,0.48260669074999923,1.1100829093431541
2023-05-29,0.47465179424999926,1.105179716662657
2023-05-30,0.47880903199999925,1.1062784273185677
2023-05-31,0.47671951199999923,1.0949757603357353
2023-06-01,0.48471080699999936,1.0973753974484546
2023-06-02,0.4940157982499993,1.113219949506873
2023-06-05,0.48749449699999925,1.1081510061699025
2023-06-06,0.4780454044999993,1.0977486967530339
2023-06-07,0.4710802694999993,1.0923232886129415
2023-06-08,0.4682571994999993,1.1012147015240008
2023-06-09,0.4673857407499993,1.105975608075741
2023-06-12,0.4739927407499993,1.1082038157703649
2023-06-13,0.4799095367499993,1.1141059804508775
2023-06-14,0.4764846542499993,1.1138515315735398
2023-06-15,0.4795969542499993,1.1315723522370371
2023-06-16,0.4804503812499993,1.1424835017561785
2023-06-19,0.4809482462499993,1.1331314173249274
2023-06-20,0.4850138532499993,1.1312086520574327
2023-06-21,0.47002453199999933,1.1138537223648253
2023-06-26,0.4639602169999993,1.0981906888948962
2023-06-27,0.4683692169999993,1.1084923660436343
2023-06-28,0.4645102669999993,1.1071563292738547
2023-06-29,0.46609344299999933,1.1016922940242535
2023-06-30,0.47732549649999934,1.1076328263784645
2023-07-03,0.4792211372499992,1.1221700237372234
2023-07-04,0.48301273274999923,1.12393741578065
2023-07-05,0.48449663674999927,1.1152296257707621
2023-07-06,0.4790370119999992,1.107720198594077
2023-07-07,0.47551234274999926,1.1028036305562574
2023-07-10,0.4736340427499992,1.1081734041281772
2023-07-11,0.4781610427499992,1.1154258457218256
2023-07-12,0.4653730427499992,1.1079168509381574
2023-07-13,0.4804540427499992,1.1237672258892033
2023-07-14,0.47793458924999926,1.1239631864044566
2023-07-17,0.4720875892499993,1.1147596145614056
2023-07-18,0.47302058924999923,1.1112325558964542
2023-07-19,0.4767055892499993,1.1100584647245995
2023-07-20,0.4678399862499993,1.1022258958332936
2023-07-21,0.46477957374999923,1.101711463448002
2023-07-24,0.4653795737499992,1.0969006587421133
2023-07-25,0.47442457374999925,1.1285790106859304
2023-07-26,0.4695665737499992,1.1262433677397103
2023-07-27,0.4602799724999992,1.1248980489331681
2023-07-28,0.45706480999999927,1.1509545710024212
2023-07-31,0.45581621149999935,1.1572653470838923
2023-08-01,0.45874669449999933,1.152471809272478
2023-08-02,0.46567569449999935,1.1443699171840536
2023-08-03,0.4675488369999994,1.1544847140708931
2023-08-04,0.47637460324999936,1.158980246615069
2023-08-07,0.48383460324999933,1.1502095578343243
2023-08-08,0.47765002899999937,1.1472056082412032
2023-08-09,0.48163202899999935,1.1436983243502241
2023-08-10,0.48597076424999935,1.1460480633087948
2023-08-11,0.47318997674999935,1.119682812625484
2023-08-14,0.4741860924999993,1.1115112476089386
2023-08-15,0.46853209249999933,1.1088101172586444
2023-08-16,0.4666960924999993,1.1006805808433404
2023-08-17,0.4745626602499994,1.1043608219410745
2023-08-18,0.4701650602499993,1.0907845459968448
2023-08-21,0.4679120602499993,1.0750890253982468
2023-08-22,0.4685866472499993,1.0833541026112445
2023-08-23,0.46053797349999936,1.065599122899413
2023-08-24,0.4531240109999994,1.073323218795882
2023-08-25,0.4441525394999994,1.0692075291039416
2023-08-28,0.4471844684999995,1.0817376157307115
2023-08-29,0.4684092314999995,1.0925437802253528
2023-08-30,0.46568223149999954,1.0920834257933734
2023-08-31,0.46255591424999953,1.0853836689539105
2023-09-01,0.4629559142499995,1.0929428789799398
2023-09-04,0.4665877404999995,1.1095065582778443
2023-09-05,0.4614497697499995,1.1012523773688723
2023-09-06,0.4625006647499995,1.0988629447313516
2023-09-07,0.45176266474999954,1.083425505111433
2023-09-08,0.4496436647499995,1.078097817793157
2023-09-11,0.4583611434999995,1.0860377931098575
2023-09-12,0.4625955009999995,1.084039503195413
2023-09-13,0.46027694349999954,1.0771346191087388
2023-09-14,0.45305163349999955,1.0762284386501473
2023-09-15,0.4604860584999995,1.0690994020235185
2023-09-18,0.4630650629999995,1.0745574702494867
2023-09-19,0.4611959479999995,1.0724794182365271
2023-09-20,0.4557152654999995,1.0682095948471666
2023-09-21,0.4490531204999995,1.0586263242828862
2023-09-22,0.4574689354999995,1.0777922600612233
2023-09-25,0.45439207099999956,1.0707791335893215
2023-09-26,0.4561779759999996,1.0645207058890949
2023-09-27,0.4578698462499996,1.0667121313510821
2023-09-28,0.45841624274999965,1.0635476486438915
2023-10-09,0.4533663427499996,1.0621668736099645
2023-10-10,0.4508002882499996,1.0542104673586223
2023-10-11,0.4522636654999996,1.0572148493447602
2023-10-12,0.4430152447499996,1.067256197071131
2023-10-13,0.4337342639999996,1.0560220499683748
2023-10-16,0.42977963399999963,1.0454102028955228
2023-10-17,0.4301483222499996,1.04910128264488
2023-10-18,0.4279970077499996,1.04079210134416
2023-10-19,0.4249453349999996,1.0185866444405125
2023-10-20,0.41823833499999963,1.0119694170148728
2023-10-23,0.40617697724999957,1.0014925053894908
2023-10-24,0.4146021224999996,1.005207164971369
2023-10-25,0.4146674749999996,1.010201996145245
2023-10-26,0.4097891644999996,1.0129944479007058
2023-10-27,0.4128776194999996,1.026900293802407
2023-10-30,0.4192886194999996,1.0330652669585838
2023-10-31,0.41368947649999965,1.029817649487346
2023-11-01,0.41716290574999965,1.0293913676250974
2023-11-02,0.41223752949999964,1.0245376407057323
2023-11-03,0.4189995447499997,1.0331703672878885
2023-11-06,0.43295536824999964,1.0471430034975981
2023-11-07,0.44547763299999965,1.0434390960887399
2023-11-08,0.44911688649999965,1.0409349639969394
2023-11-09,0.4449459674999997,1.0414405755646865
2023-11-10,0.44298278399999963,1.033848618974178
2023-11-13,0.44326590649999964,1.0318091075921236
2023-11-14,0.4484225449999996,1.032571358828494
2023-11-15,0.4555095974999997,1.0398318141060552
2023-11-16,0.4474473364999996,1.029776860412753
2023-11-17,0.4531493364999996,1.028538602117192
2023-11-20,0.4554133864999997,1.0309181473677267
2023-11-21,0.4508929204999997,1.0322856911753369
2023-11-22,0.44704592049999964,1.0217205425483087
2023-11-23,0.4479211729999997,1.026651033641272
2023-11-24,0.4429955404999997,1.0198735037111715
2023-11-27,0.4430748037499997,1.0123595796471108
2023-11-28,0.4414287904999997,1.014256574290799
2023-11-29,0.44108118299999965,1.005546478184821
2023-11-30,0.4386585659999997,1.0078224508947105
2023-12-01,0.4451078522499997,1.0039823685117337
2023-12-04,0.4413876522499997,0.997426339111084
2023-12-05,0.43151292099999966,0.9784353783735806
2023-12-06,0.4342709209999997,0.9799749569495099
2023-12-07,0.4293909209999997,0.9775778565424896
2023-12-08,0.4216732034999997,0.9799356956635765
2023-12-11,0.42602806624999967,0.9856989180546626
2023-12-12,0.4303600662499997,0.9878171249657904
2023-12-13,0.4282030662499997,0.9713291144458414
2023-12-14,0.4293215707499997,0.9662438554790336
2023-12-15,0.4291468207499997,0.9632424137654103
2023-12-18,0.42501764224999966,0.9597296528962174
2023-12-19,0.4239220697499997,0.9610774219298553
2023-12-20,0.4168721187499997,0.9505446163004903
2023-12-21,0.4167937717499997,0.9601632277873509
2023-12-22,0.41680477174999975,0.9619960841335341
2023-12-25,0.4214184367499997,0.9649429001960239
2023-12-26,0.41662529249999974,0.9584107100637053
2023-12-27,0.4252873559999997,0.9617450367479293
2023-12-28,0.42347635949999973,0.984282254400334
2023-12-29,0.42907734124999974,0.9890586406220786
2024-01-02,0.4280379164999998,0.9761566960007854
2024-01-03,0.42419379324999973,0.973834716673899
2024-01-04,0.4222411257499997,0.964827912479733
2024-01-05,0.4097977649999997,0.9596563478667544
2024-01-08,0.4073112262499997,0.9472452269720306
2024-01-09,0.41260715324999975,0.9491024991105675
2024-01-10,0.40454249374999973,0.9446717966927237
2024-01-11,0.4146157134999997,0.950016952688882
2024-01-12,0.40858596749999976,0.946700498249356
2024-01-15,0.41184451174999975,0.9457644538463982
2024-01-16,0.40813392474999977,0.9515172123264756
2024-01-17,0.3948340399999997,0.9308216718377988
2024-01-18,0.38793182124999975,0.9439798525608994
2024-01-19,0.38382079499999977,0.9425522926025452
2024-01-22,0.35592036499999974,0.9278870492583854
2024-01-23,0.3579720387499997,0.9316434780056949
2024-01-24,0.36128440699999964,0.9446660026262975
2024-01-25,0.37231679374999965,0.9636365255872027
2024-01-26,0.37245145549999964,0.9610140331135796
2024-01-29,0.36197023449999965,0.9524062700215983
2024-01-30,0.3498741322499997,0.9354213822728433
2024-01-31,0.3341013739999997,0.9268637767708209
2024-02-01,0.33112217649999964,0.9275438156815802
2024-02-02,0.3194972117499997,0.916565847028229
2024-02-05,0.29115040349999965,0.9225600249427353
2024-02-06,0.2963914777499997,0.9546350542402448
2024-02-07,0.2860552637499996,0.9638415951820117
2024-02-08,0.3029001514999996,0.9699814030646057
2024-02-19,0.32757664699999967,0.9811884823645048
2024-02-20,0.3337995507499996,0.983219691800635
2024-02-21,0.3441692767499997,0.9964846735989067
2024-02-22,0.3641818119999996,1.0050758616252409
2024-02-23,0.37289265499999963,1.0059599323875685
2024-02-26,0.3836332912499997,0.9954720668057587
2024-02-27,0.39418611724999963,1.0074144448439757
2024-02-28,0.35731620124999963,0.9945788293114728
2024-02-29,0.3719670369999996,1.0135530420261223
2024-03-01,0.3767543127499996,1.0198144388250647
2024-03-04,0.3782769824999996,1.0206979042371689
2024-03-05,0.38063429499999957,1.0278023232880362
2024-03-06,0.3836811169999996,1.0236322673807723
2024-03-07,0.3803226207499996,1.0174840422474498
2024-03-08,0.3865645237499996,1.0218628575032669
2024-03-11,0.3956560174999996,1.0346483154458106
2024-03-12,0.4047804237499996,1.0370208271032706
2024-03-13,0.40468031949999955,1.0297759668005182
2024-03-14,0.40120860674999964,1.026853537704181
2024-03-15,0.4110095419999996,1.0290933623578586
2024-03-18,0.4228933894999996,1.0387602289054039
2024-03-19,0.42290030074999957,1.0312949058164411
2024-03-20,0.42627685249999964,1.033529945320732
2024-03-21,0.4251476144999996,1.0322922635491938
2024-03-22,0.4182954844999996,1.0218894929131073
2024-03-25,0.4052279162499996,1.0163436489047109
2024-03-26,0.4094211559999996,1.0215275511317714
2024-03-27,0.4076155209999996,1.0097203103244325
2024-03-28,0.4167543764999996,1.0149603948174872
2024-03-29,0.42512487974999963,1.0197223391124677
2024-04-01,0.4298145942499996,1.0364883206898732
2024-04-02,0.4220660852499996,1.0321728365979295
2024-04-03,0.4194509022499996,1.0284620973794043
2024-04-08,0.4107517052499996,1.0194119962311472
2024-04-09,0.4146823802499996,1.0185700982010661
2024-04-10,0.41331812524999956,1.0102743499100708
2024-04-11,0.4160444312499996,1.0101406251630483
2024-04-12,0.4138491699999996,1.0019523121236487
2024-04-15,0.4015247169999996,1.0230637570421688
2024-04-16,0.38071957474999957,1.012120956354191
2024-04-17,0.3995520979999996,1.0277702397261832
2024-04-18,0.4038141679999996,1.0290382466613062
2024-04-19,0.3995778024999996,1.0209265824907001
2024-04-22,0.3860639914999996,1.0178256327307909
2024-04-23,0.38677815174999963,1.0107114415977418
2024-04-24,0.3899753607499996,1.015149811785085
2024-04-25,0.38648336074999956,1.0176459878453745
2024-04-26,0.3926813607499996,1.0332084755257769
2024-04-29,0.4091066944999997,1.0446362770476965
2024-04-30,0.40781050324999973,1.0390099502857568
2024-05-06,0.4041484334999997,1.0544268944766748
2024-05-07,0.4011456232499997,1.0547528899852068
2024-05-08,0.3940848844999997,1.0464554697745463
2024-05-09,0.3912838089999997,1.0563537242385286
2024-05-10,0.3865486227499997,1.0568484106760487
2024-05-13,0.3800818579999997,1.0563911118213887
2024-05-14,0.3875787897499997,1.0541872622667159
2024-05-15,0.3954839034999997,1.0452541666688284
2024-05-16,0.3958611159999997,1.0493772646944586
2024-05-17,0.4028840447499997,1.0602189142426857
2024-05-20,0.40688467449999965,1.0639642160763607
2024-05-21,0.40127917299999966,1.0596975923953251
2024-05-22,0.40052458849999967,1.062087255642455
2024-05-23,0.4013453034999997,1.049790200025586
2024-05-24,0.3961358369999997,1.0381685423010951
2024-05-27,0.38447811949999966,1.0480364716014932
2024-05-28,0.37666476474999966,1.0403872950017499
2024-05-29,0.3718793639999997,1.0416412059245221
2024-05-30,0.36257585749999965,1.036103635035849
2024-05-31,0.3637070479999996,1.0319562941750722
2024-06-03,0.3573434124999996,1.0344998028576105
2024-06-04,0.3631744614999996,1.0422607098129173
2024-06-05,0.3669533034999996,1.03624243319427
2024-06-06,0.35185610099999964,1.0355078839371816
2024-06-07,0.35939710724999957,1.0302813765848573
2024-06-11,0.3630354517499996,1.0212768784867812
2024-06-12,0.3656895912499996,1.0216358799956022
2024-06-13,0.3592047229999996,1.016449498715245
2024-06-14,0.3584482597499996,1.0208894543436502
2024-06-17,0.35635765474999964,1.019351720644593
2024-06-18,0.36017918499999957,1.022058962149526
2024-06-19,0.3641607057499996,1.0172042839655235
2024-06-20,0.3501078289999996,1.0098630288462065
2024-06-21,0.3482373217499996,1.007654394142147
2024-06-24,0.3321173542499996,1.0022323010151837
2024-06-25,0.3287162759999996,0.9967818717325141
2024-06-26,0.3360478442499996,1.0032281309592765
2024-06-27,0.3330058317499996,0.9956908576723038
2024-06-28,0.32409520399999964,0.9978642091061853
2024-07-01,0.3281465569999996,1.0026279406256358
2024-07-02,0.32573827899999963,1.0007839285396167
2024-07-03,0.3213289727499996,0.9983707142861672
2024-07-04,0.31316575774999966,0.9932969281474074
2024-07-05,0.3192743309999996,0.9890444004787224
2024-07-08,0.3086938542499996,0.9805982947226547
2024-07-09,0.3049295917499996,0.9915668660344388
2024-07-10,0.2973870387499996,0.9884405492175388
2024-07-11,0.3084143787499996,0.999741371323499
2024-07-12,0.3131102537499996,1.0009614114599485
2024-07-15,0.3075280909999996,1.0020698653718398
2024-07-16,0.30927784074999964,1.0084220070519265
2024-07-17,0.31259479949999963,1.0093735311248888
2024-07-18,0.3214790372499996,1.0149506515615065
2024-07-19,0.3311152937499996,1.0201637547303075
2024-07-22,0.3353033882499996,1.0132193210956884
2024-07-23,0.32627275699999964,0.9915861219367909
2024-07-24,0.3191386919999996,0.9853274924531563
2024-07-25,0.3290115294999996,0.9798808682290352
2024-07-26,0.3317344177499997,0.9827696859748597
2024-07-29,0.3325495839999996,0.9774221085778069
2024-07-30,0.3352862117499997,0.9712648608435318
2024-07-31,0.35429859699999966,0.9922221720646323
2024-08-01,0.35078259699999964,0.9856446671441438
2024-08-02,0.34679748849999964,0.9755916159801159
2024-08-05,0.3407520639999997,0.9637522916109239
2024-08-06,0.3497775264999996,0.9636538213078781
2024-08-07,0.35073479624999965,0.9632243397373045
2024-08-08,0.34950869024999964,0.9636417143034053
2024-08-09,0.34351869024999965,0.9603816150870801
2024-08-12,0.3383319314999997,0.9587203899424
2024-08-13,0.34009177624999964,0.9611780541979855
2024-08-14,0.33470477624999967,0.9539278610480248
2024-08-15,0.3341302349999996,0.9633580933105282
2024-08-16,0.33204497374999964,0.9644191857739699
2024-08-19,0.32832974074999965,0.9676862609309675
2024-08-20,0.3210797407499996,0.960691785011194
2024-08-21,0.31827048699999966,0.9575011857657834
2024-08-22,0.3156804869999997,0.955051160453496
2024-08-23,0.31309443949999954,0.9591026253693284
2024-08-26,0.31789187999999957,0.9582472366771208
2024-08-27,0.3131085367499996,0.9528021690678603
2024-08-28,0.31477953674999964,0.9473718316473753
2024-08-29,0.3202883467499996,0.9448309749753405
2024-08-30,0.32617587799999964,0.9574427550561012
2024-09-02,0.3172754079999996,0.9411786376402963
2024-09-03,0.3210830767499996,0.9436049966414592
2024-09-04,0.3215156352499996,0.9374755950174719
2024-09-05,0.32503972524999963,0.939087815620238
2024-09-06,0.3211024489999996,0.9314742105526841
2024-09-09,0.3188848617499996,0.9204066500662339
2024-09-10,0.3220312134999996,0.9212148214409975
2024-09-11,0.32978159799999957,0.9184402131040335
2024-09-12,0.32371278524999963,0.9145039376879
2024-09-13,0.3168817852499996,0.9106908942815792
2024-09-18,0.3136371677499996,0.9140817779724123
2024-09-19,0.3185568709999996,0.9212956789351554
2024-09-20,0.3136442084999996,0.9227410246596043
2024-09-23,0.3153239334999996,0.9261177835118857
2024-09-24,0.3254820734999996,0.9662280298946154
2024-09-25,0.33672690624999957,0.9805327439412945
2024-09-26,0.3533605717499995,1.0219811890588886
2024-09-27,0.3715345904999996,1.067631658340795
2024-09-30,0.4203369919999996,1.1581948191129934
2024-10-08,0.46831340949999956,1.226870850720577
2024-10-09,0.4395026699999996,1.1403598755192392
2024-10-10,0.4278408987499996,1.1524103806378787
2024-10-11,0.4092725622499995,1.1205225775166814
2024-10-14,0.42904707374999956,1.1419045275065665
2024-10-15,0.42577647549999953,1.1115368452755383
2024-10-16,0.42286669474999955,1.1045015514549708
2024-10-17,0.43208094974999955,1.092000406334131
2024-10-18,0.44557790849999956,1.1314958474992491
2024-10-21,0.45477643049999955,1.1343679172222196
2024-10-22,0.4630854554999996,1.1408763257386094
2024-10-23,0.4567074554999996,1.1453251886631624
2024-10-24,0.4514104554999996,1.132533417782572
2024-10-25,0.4553174554999996,1.14048587484436
2024-10-28,0.4662304554999996,1.1427158409372526
2024-10-29,0.45631107924999953,1.1313272142226631
2024-10-30,0.4529246109999996,1.1211803049477693
2024-10-31,0.44870102099999953,1.1216389009814802
2024-11-01,0.44402767624999956,1.1213450755134047
2024-11-04,0.45142395324999957,1.137124999228899
2024-11-05,0.45891600749999956,1.1658966035297913
2024-11-06,0.45739735999999953,1.1600479402785684
2024-11-07,0.4659546277499995,1.1950464364156557
2024-11-08,0.46810915824999955,1.1830408425183698
2024-11-11,0.47471981424999954,1.1908481884836903
2024-11-12,0.47041871499999954,1.1777644946642989
2024-11-13,0.47286923849999957,1.1850134482876111
2024-11-14,0.46586874849999954,1.1644687264832247
2024-11-15,0.4619987722499996,1.1440631487516726
2024-11-18,0.45596978699999957,1.1387446569915558
2024-11-19,0.45705178699999954,1.1463866558672187
2024-11-20,0.45953778699999953,1.1489468549202086
2024-11-21,0.45812378699999956,1.1499630361622963
2024-11-22,0.4465713404999995,1.1143341398327884
2024-11-25,0.44532793749999955,1.1092584223385533
2024-11-26,0.4409325727499996,1.1069793652251432
2024-11-27,0.4472652484999996,1.1262525632978695
2024-11-28,0.4563851047499996,1.1163091958291254
2024-11-29,0.4593714804999996,1.1290021504922563
2024-12-02,0.47587358049999956,1.1379523400274114
2024-12-03,0.4802531517499996,1.1391801055857624
2024-12-04,0.4738783712499996,1.1330302085327746
2024-12-05,0.47813514799999957,1.1304448730324026
2024-12-06,0.4735077239999996,1.1453054715415922
2024-12-09,0.4646959457499996,1.143411676606229
2024-12-10,0.46767948449999963,1.1517903290516622
2024-12-11,0.4765000757499996,1.1498283889768377
2024-12-12,0.4817087107499996,1.1612648960114973
2024-12-13,0.4787539544999996,1.1337866080503163
2024-12-16,0.46775781974999964,1.1276353273396742
2024-12-17,0.4438497384999996,1.130573236106016
2024-12-18,0.44627625799999965,1.1362971395587664
2024-12-19,0.4470588799999996,1.1373272438559978
2024-12-20,0.45811302999999964,1.1322194139737085
2024-12-23,0.4326057767499996,1.133899318496718
2024-12-24,0.4329648224999997,1.148345972757741
2024-12-25,0.4211639759999996,1.148905460495392
2024-12-26,0.42363589949999964,1.1494390334782312
2024-12-27,0.4287206059999996,1.147579916462822
2024-12-30,0.42352043624999963,1.152775608606143
2024-12-31,0.4185274362499996,1.134285330155994
2025-01-02,0.4176285722499996,1.1012748041533482
2025-01-03,0.3901562274999996,1.0882365980793332
2025-01-06,0.3848185609999996,1.0864507860933872
2025-01-07,0.39375452699999963,1.094273006378489
2025-01-08,0.4011769229999997,1.0922868234685172
2025-01-09,0.4055126832499997,1.0895950328073878
2025-01-10,0.38797337124999964,1.075932364738384
2025-01-13,0.3949507572499996,1.0730590843149663
2025-01-14,0.41344078724999966,1.1013164003615727
2025-01-15,0.4087469997499997,1.0942500895485936
2025-01-16,0.40851508349999965,1.0955062200888528
2025-01-17,0.41431408349999965,1.0989536319600934
2025-01-20,0.4200470617499996,1.103950221532238
2025-01-21,0.4103929812499997,1.104797164147516
2025-01-22,0.4045028809999996,1.094535641896946
2025-01-23,0.3988823617499996,1.0964748669252837
2025-01-24,0.4022438399999996,1.1048689990407217
2025-01-27,0.39402881124999956,1.100319215586027
2025-02-05,0.4068061312499996,1.0939787773435974
2025-02-06,0.41673656649999957,1.1077423082903404
2025-02-07,0.4281433522499996,1.1221183383586049
2025-02-10,0.4439553869999996,1.1245279205107126
2025-02-11,0.4431573879999996,1.1193603627396906
2025-02-12,0.4475926927499996,1.1299472174961664
2025-02-13,0.45272945574999957,1.1257034529926238
2025-02-14,0.44839084249999955,1.1354665125733259
2025-02-17,0.4551212719999996,1.1378849731953802
2025-02-18,0.4325314632499996,1.1279066683708716
2025-02-19,0.4435426242499996,1.135798503931692
2025-02-20,0.45998523774999955,1.1325514341582756
2025-02-21,0.4726782897499996,1.1468342691183004
2025-02-24,0.4785007312499996,1.1443185777198486
2025-02-25,0.48461367824999957,1.1316159086269382
2025-02-26,0.49442624124999957,1.1415006436025925
2025-02-27,0.5214903319999996,1.143857070239824
2025-02-28,0.5230840584999996,1.1213532621545244
2025-03-03,0.5255678434999996,1.1208992783129939
2025-03-04,0.5050753597499995,1.1199615619903707
2025-03-05,0.5059631822499996,1.1249628502332991
2025-03-06,0.5163575572499995,1.1404328058080875
2025-03-07,0.5108641357499996,1.1369094945492824
2025-03-10,0.5180601744999995,1.1325243087030163
2025-03-11,0.5234244484999996,1.1361604168868267
2025-03-12,0.5239575122499995,1.1320716508667374
2025-03-13,0.5204994554999995,1.127559716214121
2025-03-14,0.5399593379999995,1.1549380925622001
2025-03-17,0.5355510629999997,1.1521220321480172
2025-03-18,0.5321579889999996,1.1552742637197295
2025-03-19,0.5273668822499996,1.155979093163457
2025-03-20,0.5210264687499996,1.1458391310030347
2025-03-21,0.5067641737499996,1.1284580271198053
2025-03-24,0.5067394722499996,1.1342673714326925
2025-03-25,0.5008585559999996,1.1335312943869447
2025-03-26,0.5045387269999996,1.12980161635428
2025-03-27,0.5019021667499995,1.1335649057374575
2025-03-28,0.49585617274999955,1.1285936832223034
2025-03-31,0.4989946522499995,1.120562530631442
2025-04-01,0.49142665224999954,1.120671637802703
2025-04-02,0.4960663859999995,1.11972086321097
2025-04-03,0.48429429774999955,1.1131247365645545
2025-04-07,0.4078285447499995,1.0346993666480044
2025-04-08,0.40585311599999957,1.0523751319591421
2025-04-09,0.41586121274999954,1.0627627400134365
2025-04-10,0.42770866774999955,1.076691791007044
2025-04-11,0.43240643274999957,1.081131487199639
2025-04-14,0.43840834724999955,1.0836178911777468
2025-04-15,0.4393123472499995,1.084221108262506
2025-04-16,0.4304022612499996,1.0875607966201395
2025-04-17,0.42967526124999955,1.0873883294588036
2025-04-18,0.43354739874999954,1.0874750674979912
2025-04-21,0.44472233599999955,1.091037294128316
2025-04-22,0.44646700099999953,1.090769671677064
2025-04-23,0.45504091349999953,1.091614337022453
2025-04-24,0.44215295199999954,1.0908864754440257
2025-04-25,0.4438564197499995,1.091646420584306
2025-04-28,0.44124719424999953,1.090097041099994
2025-04-29,0.44772217824999955,1.0882112021961414
2025-04-30,0.46327940124999956,1.0869122359210095
2025-05-06,0.48168146424999947,1.0978580921863064
2025-05-07,0.4958139269999995,1.1045125054113984
2025-05-08,0.49829783524999954,1.1106436366074535
2025-05-09,0.48028997274999957,1.1087008371301763
2025-05-12,0.4907467639999995,1.1215149483166391
2025-05-13,0.4913083877499995,1.1231432539396335
2025-05-14,0.4906013529999995,1.1366778760232363
2025-05-15,0.48035131674999954,1.126297099778609
2025-05-16,0.4887324827499995,1.1210755793590794
2025-05-19,0.4827264827499995,1.1176337021184548
2025-05-20,0.48768722074999954,1.1236944685575616
2025-05-21,0.48078594074999953,1.1289437774349766
2025-05-22,0.47508959699999953,1.1282186255194553
2025-05-23,0.4688166432499995,1.119112140321796
2025-05-26,0.4755453784999995,1.11272212101343
2025-05-27,0.48110558774999956,1.106752272412674
2025-05-28,0.4792850712499995,1.1058412779784945
2025-05-29,0.4912682184999994,1.1123165651897908
2025-05-30,0.48294505449999947,1.106993086496879
2025-06-03,0.48088245724999945,1.1103889282943058
2025-06-04,0.48562510499999945,1.1152116093950586
2025-06-05,0.4903602649999994,1.117752004847875
2025-06-06,0.4897562649999994,1.1167224482484652
2025-06-09,0.4914432649999994,1.1199687973668533
2025-06-10,0.4856962649999994,1.1142667730007574
2025-06-11,0.4853644899999995,1.1226724932490477
2025-06-12,0.48600848999999946,1.1219731696097353
2025-06-13,0.47636548999999945,1.113896932840313
2025-06-16,0.48221814249999945,1.1166679667283372
2025-06-17,0.4816401424999994,1.1156831195668735
2025-06-18,0.48620859999999944,1.1170068763749736
2025-06-19,0.48626966874999944,1.1078171987608654
2025-06-20,0.4782743224999994,1.108841422513067
2025-06-23,0.4801829154999995,1.1120864744524044
2025-06-24,0.5073348574999995,1.1253847505129766
2025-06-25,0.5195303754999995,1.1415366475277986
2025-06-26,0.5127129684999995,1.1374875175342574
2025-06-27,0.5134313934999994,1.1304937910957131
2025-06-30,0.5198242384999995,1.134622077837546
2025-07-01,0.5237561652499995,1.1365485040325838
2025-07-02,0.5184101652499995,1.136814541042774
2025-07-03,0.5218260849999995,1.1438431471846804
2025-07-04,0.5133970849999995,1.1479179613234247
2025-07-07,0.5134260849999995,1.1430092051861103
2025-07-08,0.5220720849999995,1.1526020172229632
2025-07-09,0.5214534174999995,1.150569164693369
2025-07-10,0.5158964544999994,1.1559376699124393
2025-07-11,0.5191655809999994,1.157316340633684
2025-07-14,0.5287885809999996,1.1581410005954917
2025-07-15,0.5238627304999994,1.1585435873204148
2025-07-16,0.5305351629999995,1.155124079211864
2025-07-17,0.5460895792499995,1.1629904900632912
2025-07-18,0.5501331517499995,1.1699253822253377
2025-07-21,0.5545366174999995,1.17772534868317
2025-07-22,0.5571086174999995,1.187339175020644
2025-07-23,0.5558676174999995,1.1875727537283665
2025-07-24,0.5581415929999994,1.1960096927524762
2025-07-25,0.5737781642499995,1.18970442247542
2025-07-28,0.5798111052499995,1.1922010021025253
2025-07-29,0.5848751422499994,1.1968709908159145
2025-07-30,0.5770221784999994,1.1966441862654567
2025-07-31,0.5726347159999994,1.1748381163784074
2025-08-01,0.5768885354999994,1.168881873744583
2025-08-04,0.5841742772499994,1.173428832231567
2025-08-05,0.5933452772499993,1.1828687500976487
2025-08-06,0.6038013259999995,1.1857615170330273
2025-08-07,0.6012713259999994,1.1861018968159212
2025-08-08,0.5897563509999995,1.1833060147425265
2025-08-11,0.6046393509999994,1.1883631969894375
2025-08-12,0.6072149882499993,1.1945073864546027
2025-08-13,0.6061302424999994,1.2039486591521371
2025-08-14,0.5926347687499993,1.2030076278163848
2025-08-15,0.6050507687499993,1.2113788142757262
2025-08-18,0.6211897687499993,1.222061573803348
2025-08-19,0.6229187837499993,1.2174383123619836
2025-08-20,0.6356611524999994,1.2312811441880238
2025-08-21,0.6310196817499995,1.236087884399554
2025-08-22,0.6304254154999994,1.262010422285974
2025-08-25,0.6328026639999994,1.2883068360009964
2025-08-26,0.6342659202499994,1.2835126928393583
2025-08-27,0.6151610107499994,1.2643536753492912
2025-08-28,0.6189228667499994,1.286738777138355
2025-08-29,0.6156072719999994,1.2962448223098193
2025-09-01,0.6274261104999995,1.3040140600372516
2025-09-02,0.6145514849999995,1.2944269555882213
2025-09-03,0.6073882587499995,1.2855994503650578
2025-09-04,0.6148302127499995,1.2583237817715902
2025-09-05,0.6140822699999995,1.285742226539234
2025-09-08,0.6138752422499995,1.2878316649016384
2025-09-09,0.6012605407499995,1.2788047688452873
2025-09-10,0.6015558857499994,1.2814298268508106
2025-09-11,0.6052533609999995,1.3110255722418902
2025-09-12,0.6060948284999995,1.303520238385765
2025-09-15,0.6032267222499994,1.3067077532276552
2025-09-16,0.6036956772499995,1.3039061347402363
2025-09-17,0.6039635144999995,1.3118870432625356
2025-09-18,0.6037817449999994,1.2966339471988169
2025-09-19,0.6018695944999994,1.2977323695927163
2025-09-22,0.6098066579999993,1.3036960782126326
2025-09-23,0.5892346374999994,1.302880325546973
2025-09-24,0.5935006374999994,1.3162247523555475
2025-09-25,0.5849906374999994,1.3241279454396113
2025-09-26,0.5676446374999994,1.3116061895849667
2025-09-29,0.5787866374999994,1.33178571224729
2025-09-30,0.5844597147499994,1.3377356419430682
2025-10-09,0.5809297147499993,1.3575647533045059
2025-10-10,0.5864767152499994,1.3308578833116531
2025-10-13,0.5998961539999994,1.3242694820871392
2025-10-14,0.5905038689999994,1.3084398331747027
2025-10-15,0.6054768677499994,1.3278178144885215
2025-10-16,0.6133303534999994,1.3313155569069277
2025-10-17,0.6091326659999994,1.3012823162613614
2025-10-20,0.6005301299999994,1.3081964535585973
2025-10-21,0.6010121299999994,1.32827430620955
2025-10-22,0.6073485799999994,1.3238634650442818
2025-10-23,0.5930026539999994,1.3278341877707607
2025-10-24,0.5940396589999994,1.3434979995481204
2025-10-27,0.5971306787499994,1.3594490067672966
2025-10-28,0.5942649054999994,1.3525175737493853
2025-10-29,0.5986429374999994,1.368621273355925
2025-10-30,0.5806780374999994,1.3576884177073356
2025-10-31,0.6061129492499995,1.3377281759569764
2025-11-03,0.6192131757499995,1.3413992503227525
2025-11-04,0.6128004877499994,1.3313954631364484
2025-11-05,0.6209263822499994,1.3338624094287965
2025-11-06,0.6164964899999994,1.3529298460778867
2025-11-07,0.6053378234999994,1.3487186840078174
2025-11-10,0.6077563989999994,1.3534047577414348
2025-11-11,0.6050379139999994,1.3410425837362228
2025-11-12,0.5900261602499993,1.339238755374573
2025-11-13,0.5958833469999993,1.3554292506727026
2025-11-14,0.5906115389999994,1.3341168871323354
2025-11-17,0.5892713369999995,1.3254438615210051
2025-11-18,0.5822787932499994,1.3168364443434373
2025-11-19,0.5674913019999994,1.3226303378125213
2025-11-20,0.5612651857499995,1.31590117824791
2025-11-21,0.5469205599999993,1.2838058841310092
2025-11-24,0.5675249049999993,1.2822032050008154
2025-11-25,0.5700805614999994,1.2944130901854798
2025-11-26,0.5769534577499994,1.3022598127415383
2025-11-27,0.5789164052499993,1.3016190639429133
2025-11-28,0.5857361357499994,1.304864577101469
2025-12-01,0.5781911357499995,1.3192269435503998
2025-12-02,0.5675901357499994,1.3128416805652197
2025-12-03,0.5579291357499995,1.3061291825448589
2025-12-04,0.5567122787499994,1.3106023747831619
2025-12-05,0.5662614287499994,1.321547798655442
2025-12-08,0.5737750319999995,1.3322762477118482
2025-12-09,0.5650632789999994,1.325493067846327
2025-12-10,0.5692952789999994,1.3236493728485204
2025-12-11,0.5552583877499994,1.3122219460672153
2025-12-12,0.5551757502499993,1.320513860473461
2025-12-15,0.5508784112499995,1.3121858556634056
2025-12-16,0.5379857257499994,1.296474105913574
2025-12-17,0.5456842644999994,1.3202039788113584
2025-12-18,0.5427441382499993,1.312397151717658
2025-12-19,0.5504588487499993,1.3168322068918719
2025-12-22,0.5646777427499994,1.3293558652757909
2025-12-23,0.5679733672499994,1.33198210515556
2025-12-24,0.5686194417499993,1.3358230523245709
2025-12-25,0.5748334194999993,1.3382666782202082
2025-12-26,0.5888442994999994,1.3425053693123525
2025-12-29,0.5775091954999994,1.3373547325213913
2025-12-30,0.5700877329999993,1.3407878465968737
2025-12-31,0.5603557904999993,1.334635672273997
2026-01-05,0.5703812877499993,1.3599468640869408
2026-01-06,0.5839849817499994,1.3809750301104082
2026-01-07,0.5753737259999994,1.3769312906164775
2026-01-08,0.5784394592499994,1.3656855553808687
2026-01-09,0.5797301354999994,1.3718164559673147
2026-01-12,0.5898527814999993,1.380750675787046
2026-01-13,0.5883838094999994,1.372424775289673
2026-01-14,0.5859776094999993,1.3669184520030202
2026-01-15,0.5838067557499993,1.369656566369359
2026-01-16,0.5795796104999994,1.364019170346187
2026-01-19,0.5837253569999994,1.364763693468865
2026-01-20,0.5782196567499993,1.3602733208146907
2026-01-21,0.5639789262499992,1.361481426903874
2026-01-22,0.5821752082499992,1.361665885764878
2026-01-23,0.6009265449999992,1.3555511278510626
2026-01-26,0.5797844012499993,1.3568389095601576
2026-01-27,0.5876207897499993,1.3564721826294348
2026-01-28,0.5855333094999993,1.3600176900631067
2026-01-29,0.5754358677499993,1.3703600409816337
2026-01-30,0.5710650789999993,1.3566590628913338
2026-02-02,0.5631647612499993,1.3277290297890538
2026-02-03,0.5799180787499992,1.3433319318034345
2026-02-04,0.5792122894999993,1.3544518694973304
2026-02-05,0.6041947039999992,1.346304316706323
2026-02-06,0.5961575954999992,1.338572293604544
2026-02-09,0.6097182184999993,1.3603245449740913
2026-02-10,0.6019055517499993,1.3618349514344812
2026-02-11,0.6023201524999993,1.3588148015163273
2026-02-12,0.5830279002499993,1.3604750465701694
2026-02-13,0.5919214489999992,1.3434178915351918
2026-02-24,0.5972546427499993,1.3570061015266874
2026-02-25,0.5948296184999993,1.3651759657973663
2026-02-26,0.5963225069999993,1.362578177378108
2026-02-27,0.6038854799999993,1.3579005497214205
2026-03-02,0.5934768362499993,1.3630955788621157
2026-03-03,0.5603938362499993,1.3421180028216237
2026-03-04,0.5553078362499992,1.3267618530888803
2026-03-05,0.5576303274999993,1.3397530724550601
2026-03-06,0.5684603274999993,1.3434275194863678
2026-03-09,0.5708246837499993,1.330460369998128
2026-03-10,0.5804726837499993,1.3475546243539542
2026-03-11,0.5704468699999993,1.3561274500901712
2026-03-12,0.5584088699999993,1.3512455023199037
2026-03-13,0.5405313699999993,1.345935687246326
2026-03-16,0.5461538949999993,1.3466330218777607
2026-03-17,0.5349888949999994,1.3367975508798302
2026-03-18,0.5453602287499993,1.3428202667334512
2026-03-19,0.5293977642499993,1.3211771801875676
2026-03-20,0.5140376667499993,1.31649776530641
2026-03-23,0.4860846667499993,1.273540729779097
2026-03-24,0.5008896667499992,1.2898924788463244
2026-03-25,0.5127828559999992,1.3079789598711031
2026-03-26,0.49833745874999924,1.2907030427957817
2026-03-27,0.5049984587499993,1.2979198263786376
2026-03-30,0.5105250882499992,1.294858541471477
2026-03-31,0.5062777494999993,1.2827801614163488
2026-04-01,0.5156110294999993,1.3046931188571724
2026-04-02,0.5013296897499993,1.2911007867189157
2026-04-03,0.4932646897499992,1.2801107398872928
2026-04-07,0.4978971617499992,1.2800609570379486
2026-04-08,0.5290054267499992,1.3247242154098988
2026-04-09,0.5225358834999992,1.3162688276170686
2026-04-10,0.5283179797499993,1.336545696360594
2026-04-13,0.5407228014999993,1.3393098696127503
2026-04-14,0.5567037214999992,1.3552014948576074
2026-04-15,0.5425690964999993,1.3505785505044556
2026-04-16,0.5534980964999993,1.3653840621432936
2026-04-17,0.5605197437499992,1.363096385995747
2026-04-20,0.5646944662499992,1.3713897705382503
2026-04-21,0.5777744662499993,1.3744324048932823
2026-04-22,0.5693420649999993,1.3835501323093806
2026-04-23,0.5714087022499993,1.3797163340382492
2026-04-24,0.5600917492499993,1.3748278427203262
2026-04-27,0.5595163072499992,1.3752827490002928
2026-04-28,0.5640831159999994,1.3716106945436786
2026-04-29,0.5784861202499993,1.3866402434176668
2026-04-30,0.5797858567499994,1.3857639557296426
2026-05-06,0.5921172872499993,1.4058806949259142
2026-05-07,0.6003738694999994,1.4126308111387438
2026-05-08,0.6054758932499993,1.404387209445585
