date,nav_strategy,nav_benchmark
2016-01-04,1.0,1.0
2016-01-05,1.0,1.002800033046357
2016-01-06,1.0,1.0203922312004308
2016-01-07,1.0,0.9496457288707836
2016-01-08,1.0,0.9690109690037048
2016-01-11,1.0,0.9202620290151856
2016-01-12,1.0,0.9269670033970524
2016-01-13,1.0,0.9097199413490581
2016-01-14,1.0,0.9286566511760426
2016-01-15,1.0,0.8990114111976301
2016-01-18,1.0,0.9024702094183155
2016-01-19,1.0,0.9291045238629346
2016-01-20,1.0,0.9150526156001288
2016-01-21,1.0,0.8882348223853439
2016-01-22,1.0,0.8974929910533271
2016-01-25,1.0,0.9019389713577676
2016-01-26,1.0,0.8476368943319674
2016-01-27,1.0,0.8447091323884219
2016-01-28,1.0,0.8226295018526887
2016-01-29,1.0,0.8492458864002076
2016-02-01,1.0,0.836261844758108
2016-02-02,1.1099263824999999,0.8536400083688227
2016-02-03,1.21992220125,0.8499804933096982
2016-02-04,1.21991675625,0.8603928630707594
2016-02-05,1.16845093125,0.8543478933898696
2016-02-15,1.21672993125,0.8494235711039472
2016-02-16,1.22926993125,0.8754619038402899
2016-02-17,1.19791993125,0.8830387555014083
2016-02-18,1.20108821875,0.8802652713862883
2016-02-19,1.1830466687499999,0.8796560296254939
2016-02-22,1.1739110675,0.8990510183979769
2016-02-23,1.1549110674999998,0.8905460495392101
2016-02-24,1.1234110675,0.8963638111028264
2016-02-25,1.0114110674999999,0.841364774186206
2016-02-26,0.9051849314999999,0.8498052300068532
2016-02-29,0.8811349315,0.8294643094444263
2016-03-01,0.8859449314999999,0.84480766034387
2016-03-02,0.9268299314999999,0.8795833011200535
2016-03-03,0.9191339315,0.8816268481702654
2016-03-04,0.8223025702499998,0.8918508098807685
2016-03-07,0.8280578252499997,0.8950073365564485
2016-03-08,0.8228010969999997,0.8958239828343431
2016-03-09,0.8118260969999997,0.8855140902182841
2016-03-10,0.7780230969999997,0.8685754396961349
2016-03-11,0.8825309082499997,0.8700567316933876
2016-03-14,0.8318793457499998,0.8837220805990961
2016-03-15,0.7490613457499997,0.8863421516718244
2016-03-16,0.7237933582499997,0.8907390697819487
2016-03-17,0.7637433582499997,0.9005892997948554
2016-03-18,0.7510792122499996,0.9143564340167392
2016-03-21,0.7448546522499997,0.9366893027293627
2016-03-22,0.7368077309999996,0.9298727997753401
2016-03-23,0.7734374372499996,0.9328425038415237
2016-03-24,0.7494624572499996,0.9172066823054572
2016-03-25,0.7257094672499997,0.9218091312296086
2016-03-28,0.6579545259999997,0.9137122549001804
2016-03-29,0.6557585259999997,0.9038195350668141
2016-03-30,0.6767425259999997,0.9271299867382178
2016-03-31,0.6486825259999998,0.9276524904598246
2016-04-01,0.6379465259999997,0.9287498751104836
2016-04-05,0.6697059284999997,0.9410272424319835
2016-04-06,0.6646365734999997,0.9390214577052464
2016-04-07,0.6333365984999996,0.9251164477633779
2016-04-08,0.6175223197499997,0.9183237264252841
2016-04-11,0.6028358384999996,0.9311138830386113
2016-04-12,0.5710128384999996,0.9277567836554979
2016-04-13,0.5770688859999996,0.9401328518896526
2016-04-14,0.6005416984999996,0.944297949690323
2016-04-15,0.5850536984999996,0.9432524810278916
2016-04-18,0.6247232172499997,0.9306403838589186
2016-04-19,0.6354732172499996,0.93347970701741
2016-04-20,0.6355457422499997,0.9169690679295771
2016-04-21,0.6248742872499996,0.9110818640474488
2016-04-22,0.6070292872499996,0.915203405458218
2016-04-25,0.5948971657499996,0.9114940210711459
2016-04-26,0.5999771657499996,0.9164311998427703
2016-04-27,0.6130154157499996,0.9126131983298559
2016-04-28,0.6058334157499996,0.9110754069783966
2016-04-29,0.5912257282499995,0.9099696915556122
2016-05-03,0.6067062494999995,0.9263414171802198
2016-05-04,0.5868478319999996,0.9251657982197053
2016-05-05,0.5633537702499996,0.9264510143969001
2016-05-06,0.5583131452499996,0.9023622552950993
2016-05-09,0.5441524447499997,0.8837004609482517
2016-05-10,0.5179962037499997,0.8847085132016218
2016-05-11,0.49771857749999965,0.8886566073602169
2016-05-12,0.5186918462499996,0.8907691643359241
2016-05-13,0.5322251037499997,0.8863869764145752
2016-05-16,0.5532782057499998,0.8922598536747439
2016-05-17,0.5021844557499997,0.8895837444670268
2016-05-18,0.4932499757499997,0.8843981703203012
2016-05-19,0.5359699757499997,0.8828024671307799
2016-05-20,0.5130899757499997,0.8873333982499382
2016-05-23,0.5214099757499997,0.8899289670517097
2016-05-24,0.5495699757499998,0.883106698857462
2016-05-25,0.5409299757499998,0.8818586108273171
2016-05-26,0.5359699757499997,0.8832956546058417
2016-05-27,0.4982099757499997,0.8828022076949699
2016-05-30,0.4766099757499997,0.8840158484147693
2016-05-31,0.5048693777499997,0.9136636827512833
2016-06-01,0.5084718052499997,0.911065634896215
2016-06-02,0.5196669214999997,0.912954529377387
2016-06-03,0.48146006049999973,0.9193613831872104
2016-06-06,0.4871681294999997,0.9163239087221801
2016-06-07,0.5181019179999997,0.9158238606112503
2016-06-08,0.5507359254999996,0.9120570832577365
2016-06-13,0.5600270754999996,0.8839097103422241
2016-06-14,0.6158270754999997,0.8866891614809772
2016-06-15,0.6759364067499998,0.8983305651532392
2016-06-16,0.6768000414999997,0.8920771820382095
2016-06-17,0.6754690414999998,0.8965978222035659
2016-06-20,0.6748750414999997,0.8972657829360534
2016-06-21,0.6746220414999997,0.8954333301566859
2016-06-22,0.6977424877499997,0.9034019298911043
2016-06-23,0.6643472339999998,0.8986040104971188
2016-06-24,0.6719530464999997,0.8870270045581718
2016-06-27,0.6828889364999997,0.8995343761384548
2016-06-28,0.6516365444999997,0.9041053468509768
2016-06-29,0.6602475444999997,0.9084259620067209
2016-06-30,0.6329925444999998,0.9091556108096178
2016-07-01,0.5851715082499998,0.9092361223893622
2016-07-04,0.5692253832499997,0.9237921720836575
2016-07-05,0.5676566332499997,0.9245665879769028
2016-07-06,0.5887225154999998,0.9272822467325644
2016-07-07,0.5989725154999997,0.9253078537388534
2016-07-08,0.5763475154999997,0.9202131686042774
2016-07-11,0.5729154622499998,0.9233982908714742
2016-07-12,0.5572671049999998,0.9435341130128908
2016-07-13,0.5465522449999998,0.946326161201536
2016-07-14,0.5260459599999997,0.9445664945800111
2016-07-15,0.5201888639999998,0.9444263415901374
2016-07-18,0.5297648639999998,0.9403170801410476
2016-07-19,0.5272582139999997,0.936342494703618
2016-07-20,0.49001321399999975,0.933278557785954
2016-07-21,0.5121950727499996,0.9375787351651
2016-07-22,0.4999490727499998,0.9296917135798677
2016-07-25,0.45991407274999974,0.9313414082440975
2016-07-26,0.4803240727499998,0.9424980705182276
2016-07-27,0.4236962939999998,0.9276971998977707
2016-07-28,0.40849629399999976,0.9285312860273465
2016-07-29,0.40786839399999975,0.923571421035436
2016-08-01,0.39848439399999974,0.9157533805494976
2016-08-02,0.40814439399999974,0.9192828029629414
2016-08-03,0.40804358799999974,0.9205668372658902
2016-08-04,0.44690183299999975,0.9228099481064961
2016-08-05,0.42707983299999974,0.9239114837301172
2016-08-08,0.43119383299999975,0.9322921828358306
2016-08-09,0.42146983299999974,0.938863980168496
2016-08-10,0.42296442049999977,0.934931971030129
2016-08-11,0.4247829429999998,0.9320549720267661
2016-08-12,0.4280869359999998,0.9496024319166928
2016-08-15,0.4326677724999997,0.9781951984658003
2016-08-16,0.4569767724999998,0.9738197270493137
2016-08-17,0.4314853409999998,0.9723214852457989
2016-08-18,0.42700334099999976,0.9698532417744001
2016-08-19,0.4008243384999998,0.9700073466456188
2016-08-22,0.40158633849999986,0.9618712090302571
2016-08-23,0.4193663384999998,0.9633225794307413
2016-08-24,0.4120003384999998,0.9598730344206172
2016-08-25,0.39523633849999984,0.9538509527434212
2016-08-26,0.38088533849999984,0.9533084724644344
2016-08-29,0.3853303384999998,0.9535076615142137
2016-08-30,0.3798693384999998,0.954720091533566
2016-08-31,0.4175883384999998,0.9592765338407205
2016-09-01,0.37644033849999986,0.951719139865362
2016-09-02,0.35753348349999986,0.9553332248315123
2016-09-05,0.4012152334999999,0.9569377200123768
2016-09-06,0.4185931859999999,0.963552064817904
2016-09-07,0.41206118599999986,0.9630306853181412
2016-09-08,0.4409952919999998,0.9626694353656323
2016-09-09,0.44545929199999984,0.9564660368833549
2016-09-12,0.40106729199999985,0.9404848774578011
2016-09-13,0.37608221699999983,0.9398301479516303
2016-09-14,0.37120474699999984,0.9336027948962172
2016-09-19,0.37098606949999985,0.9406347448774544
2016-09-20,0.38395716449999984,0.9389856555634482
2016-09-21,0.37253123774999986,0.9416471498871944
2016-09-22,0.39224147024999995,0.9487051875804502
2016-09-23,0.3486639029999999,0.9442502135012585
2016-09-26,0.3263993852499999,0.9282854850103466
2016-09-27,0.32642085399999987,0.9341864389904119
2016-09-28,0.3130843612499999,0.9313429648589583
2016-09-29,0.3137363612499999,0.9352336372249108
2016-09-30,0.2979253612499999,0.9377984196438799
2016-10-10,0.30684706124999983,0.9494972739349856
2016-10-11,0.30684706124999983,0.9531548576386348
2016-10-12,0.30684706124999983,0.9512674909461226
2016-10-13,0.30684706124999983,0.9520272343029949
2016-10-14,0.30684706124999983,0.9529504222202505
2016-10-17,0.31057981624999986,0.9448879067225642
2016-10-18,0.28249981624999987,0.9574139576811764
2016-10-19,0.30207390599999984,0.9559462139984528
2016-10-20,0.2889599059999998,0.956627578914464
2016-10-21,0.29750890599999985,0.9592610253445147
2016-10-24,0.31088227849999983,0.9707447496966186
2016-10-25,0.29560127849999984,0.9707092646430326
2016-10-26,0.2665345864999998,0.9670614818477663
2016-10-27,0.2932432839999998,0.9644367697566567
2016-10-28,0.2932432839999998,0.9628314962683617
2016-10-31,0.2932432839999998,0.9617221487442354
2016-11-01,0.2932432839999998,0.9682869413100275
2016-11-02,0.2932432839999998,0.9608788670565007
2016-11-03,0.3060877564999998,0.9700261701549541
2016-11-04,0.27954345899999977,0.9668812027859255
2016-11-07,0.26042700274999975,0.9675778455885333
2016-11-08,0.24482230649999975,0.9717651683902716
2016-11-09,0.25221987399999973,0.966558291680914
2016-11-10,0.24973987399999975,0.9773846056901421
2016-11-11,0.27469987399999973,0.9850550272001152
2016-11-14,0.25061987399999974,0.9888102452469774
2016-11-15,0.23843402399999974,0.9887011380757161
2016-11-16,0.24981602399999975,0.9886211165413907
2016-11-17,0.25573802399999973,0.9906224908593556
2016-11-18,0.26535602399999975,0.9851225669893529
2016-11-21,0.24691802399999974,0.9919414625180689
2016-11-22,0.21767304899999973,0.999797495937091
2016-11-23,0.1975541379999997,1.001632341291152
2016-11-24,0.1777400629999997,1.0056712668094947
2016-11-25,0.16288019749999968,1.015056559024443
2016-11-28,0.15419428249999967,1.0190294725422073
2016-11-29,0.1488909657499997,1.0273774539096427
2016-11-30,0.13939755324999967,1.019871284093685
2016-12-01,0.15331255324999968,1.0276644475680516
2016-12-02,0.15331255324999968,1.0172635794612392
2016-12-05,0.15331255324999968,1.00009832617204
2016-12-06,0.14104482824999967,0.997142487508598
2016-12-07,0.14536374824999965,1.0019259073234175
2016-12-08,0.14726104074999966,1.0003102852289183
2016-12-09,0.14642004074999967,1.0071011040377378
2016-12-12,0.14236004074999967,0.9827369105841797
2016-12-13,0.14410004074999966,0.9815423816357266
2016-12-14,0.16376761574999968,0.9740215681095966
2016-12-15,0.1618056157499997,0.9629201656630247
2016-12-16,0.14578261574999968,0.9645334816614337
2016-12-19,0.14024348349999968,0.9596192485459055
2016-12-20,0.1277374834999997,0.953877472848457
2016-12-21,0.12893348349999967,0.9623731020180589
2016-12-22,0.1290376609999997,0.9615475196178153
2016-12-23,0.11648766099999969,0.9534551690019636
2016-12-26,0.11516266099999967,0.9577218791616026
2016-12-27,0.11598766099999969,0.9559878678590797
2016-12-28,0.11241266099999969,0.9518090776128746
2016-12-29,0.1119501347499997,0.9506203139046466
2016-12-30,0.09713513899999968,0.9541705488353033
2017-01-03,0.10395788249999967,0.9634371347540153
2017-01-04,0.10395788249999967,0.9709563051866811
2017-01-05,0.10395788249999967,0.9708056882857986
2017-01-06,0.09463948049999968,0.9650050783118522
2017-01-09,0.09584644549999968,0.9696849832384288
2017-01-10,0.08626644549999968,0.9680621257674471
2017-01-11,0.09482644549999968,0.9612083505353687
2017-01-12,0.09170644549999968,0.9563449956648276
2017-01-13,0.09150644549999969,0.9570045679727877
2017-01-16,0.08968644549999968,0.9568700360921333
2017-01-17,0.08072644549999969,0.9588621571995368
2017-01-18,0.07182896949999967,0.9626121577039953
2017-01-19,0.07445505074999967,0.959707572026155
2017-01-20,0.06704505074999967,0.967087079514366
2017-01-23,0.06039505074999967,0.9697366974432485
2017-01-24,0.059217050749999674,0.9698433832136151
2017-01-25,0.05822905074999968,0.9731449345071592
2017-01-26,0.05929305074999967,0.9766203366196932
2017-02-03,0.06031905074999967,0.9698553172608813
2017-02-06,0.060281050749999676,0.9723668865125722
2017-02-07,0.05921952074999968,0.9701990985355079
2017-02-08,0.06576491074999967,0.9752733458934857
2017-02-09,0.06240722024999967,0.9790220780450946
2017-02-10,0.06931322674999968,0.9839785703714734
2017-02-13,0.06239722674999968,0.9905475427364285
2017-02-14,0.0638603459999997,0.9904118289815281
2017-02-15,0.06199834599999969,0.986349900154687
2017-02-16,0.0680253459999997,0.9918902960110706
2017-02-17,0.06420334599999969,0.9862717234972338
2017-02-20,0.06454634599999969,1.0006706127429912
2017-02-21,0.0659183459999997,1.0039655628364774
2017-02-22,0.0694463459999997,1.0059642851439385
2017-02-23,0.06464434599999969,1.001227246686731
2017-02-24,0.0651833459999997,1.0013794778548764
2017-02-27,0.0659673459999997,0.9934151155720233
2017-02-28,0.0677803459999997,0.9953140415711871
2017-03-01,0.0744933459999997,0.9969361783871407
2017-03-02,0.0735133459999997,0.9902077683037585
2017-03-03,0.0691523459999997,0.9881226250453219
2017-03-06,0.0687113459999997,0.993490409609364
2017-03-07,0.0663103459999997,0.9956444474884911
2017-03-08,0.0674863459999997,0.9941382208272647
2017-03-09,0.0650216634999997,0.9878577122569756
2017-03-10,0.0656316634999997,0.9881309269912462
2017-03-13,0.0636116634999997,0.9968382846081172
2017-03-14,0.0619332502499997,0.996433391787104
2017-03-15,0.059655156249999695,0.998436870417751
2017-03-16,0.0606368587499997,1.0035860947248572
2017-03-17,0.0569069687499997,0.9932947085299207
2017-03-20,0.0516191937499997,0.9943922661377865
2017-03-21,0.0466661937499997,0.9992161002865843
2017-03-22,0.042933365999999695,0.9945184095939131
2017-03-23,0.041253365999999694,0.9979567988642015
2017-03-24,0.043101365999999704,1.0059190280081711
2017-03-27,0.0425613659999997,1.0025863732436124
2017-03-28,0.04412332199999971,1.000214207500566
2017-03-29,0.0485153219999997,0.9988835900565979
2017-03-30,0.0507713219999997,0.9906867732878663
2017-03-31,0.0482753219999997,0.9962466268300098
2017-04-05,0.0486593219999997,1.0100393010660909
2017-04-06,0.0501713219999997,1.0129662270498037
2017-04-07,0.0482993219999997,1.0139510742112676
2017-04-10,0.0530993219999997,1.0103984755321187
2017-04-11,0.056219321999999704,1.0139120435349431
2017-04-12,0.0515633219999997,1.0116378580495236
2017-04-13,0.04979737199999971,1.0131159215122503
2017-04-14,0.04792204974999971,1.0050267994309245
2017-04-17,0.049417049749999706,1.003134993503439
2017-04-18,0.052683049749999704,0.9981772328242108
2017-04-19,0.05353464724999971,0.99331517513272
2017-04-20,0.04979464724999971,0.9978328173731593
2017-04-21,0.05102722224999971,0.9993428490929346
2017-04-24,0.04787722224999971,0.9891015340093537
2017-04-25,0.05029869349999972,0.9919021724059344
2017-04-26,0.055162693499999714,0.9931154383851193
2017-04-27,0.05185069349999972,0.9935584970964232
2017-04-28,0.05455449349999972,0.9915501180115848
2017-05-02,0.05996949349999972,0.9877518624464415
2017-05-03,0.060434493499999714,0.9838751996142362
2017-05-04,0.05776449349999973,0.9813552707642188
2017-05-05,0.05692449349999972,0.9750607238339816
2017-05-08,0.05831321999999971,0.9682180466893366
2017-05-09,0.06388231374999973,0.9664077324324338
2017-05-10,0.05992231374999973,0.9621323167600548
2017-05-11,0.06539731374999971,0.9675934982157446
2017-05-12,0.06409231374999973,0.9758760729328255
2017-05-15,0.06775583074999973,0.9798584126183582
2017-05-16,0.07119683074999973,0.9883492854647743
2017-05-17,0.06802890449999972,0.9829635421774309
2017-05-18,0.06522890449999973,0.979546801384188
2017-05-19,0.06550890449999973,0.9812004164117709
2017-05-22,0.06396692449999973,0.9833305285439637
2017-05-23,0.062314096999999714,0.9870650493784177
2017-05-24,0.06359009699999972,0.9870572374779126
2017-05-25,0.06145585074999971,1.0047828144645956
2017-05-26,0.057735850749999706,1.003277049022587
2017-05-31,0.0541617782499997,1.0068659110627523
2017-06-01,0.0522407782499997,1.0082650483867963
2017-06-02,0.053039778249999704,1.0050276353907572
2017-06-05,0.05581077824999971,0.9999099469476829
2017-06-06,0.05048977824999971,1.0068650751029196
2017-06-07,0.05528377824999971,1.0186809925967972
2017-06-08,0.060553778249999704,1.0264948532835723
2017-06-09,0.03393929649999971,1.0308740432800043
2017-06-12,0.03197432299999971,1.0303606774641545
2017-06-13,0.03514632299999971,1.032631605588847
2017-06-14,0.03534737649999971,1.0190923136606616
2017-06-15,0.03510437649999971,1.0172168521892144
2017-06-16,0.03529337649999971,1.0143251518232774
2017-06-19,0.03553637649999971,1.0243867067166375
2017-06-20,0.03499386649999971,1.0223194933553013
2017-06-21,0.033049667749999706,1.0342711246040792
2017-06-22,0.03177679649999971,1.0349593501559584
2017-06-23,0.03158079649999971,1.0443395689595083
2017-06-26,0.031552796499999716,1.0573715485740802
2017-06-27,0.03330979649999971,1.059280794353247
2017-06-28,0.03211279649999971,1.0510513174986398
2017-06-29,0.03332535149999971,1.0575837094143663
2017-06-30,0.03250935149999971,1.0569984798791099
2017-07-03,0.03244335149999971,1.052400297232725
2017-07-04,0.03122535149999971,1.0435038973888708
2017-07-05,0.03279050999999972,1.0549465732305714
2017-07-06,0.03277750999999971,1.0550668361416682
2017-07-07,0.03517237749999971,1.0538655330359505
2017-07-10,0.03701537749999971,1.053219105475704
2017-07-11,0.03631237749999971,1.0581546699800655
2017-07-12,0.038288377499999714,1.0546998497751354
2017-07-13,0.03663537749999971,1.0627991186792571
2017-07-14,0.037775377499999714,1.0674613243183424
2017-07-17,0.03817437749999971,1.0560644533102308
2017-07-18,0.041841377499999714,1.0571088842294216
2017-07-19,0.04541337749999971,1.0751442563996039
2017-07-20,0.046496377499999714,1.0803726662812028
2017-07-21,0.046059377499999714,1.0748130433486682
2017-07-24,0.05054337749999971,1.0790997877180897
2017-07-25,0.05350737749999971,1.0722075583337094
2017-07-26,0.05546437749999971,1.0681227126769732
2017-07-27,0.054628377499999714,1.0700847104042004
2017-07-28,0.05996737749999971,1.0728799006487681
2017-07-31,0.05996737749999971,1.0774868464602951
2017-08-01,0.05996737749999971,1.0868581291414963
2017-08-02,0.0628297022499997,1.0841109056956018
2017-08-03,0.06390490774999971,1.074590735685586
2017-08-04,0.05956690774999971,1.0687543523960423
2017-08-07,0.06183490774999971,1.0742933645947719
2017-08-08,0.059602907749999705,1.0758551969979702
2017-08-09,0.058306907749999706,1.0755182475330103
2017-08-10,0.0574921227499997,1.0711588034843498
2017-08-11,0.0524919702499997,1.0513925332413663
2017-08-14,0.05475872649999971,1.0650367813678505
2017-08-15,0.054358726499999704,1.068315329352896
2017-08-16,0.0541260922499997,1.066978975494904
2017-08-17,0.05482324474999971,1.072702792469051
2017-08-18,0.052551244749999705,1.0736822491309044
2017-08-21,0.05167184974999971,1.078386483371231
2017-08-22,0.05074784974999971,1.081644968320293
2017-08-23,0.05150684974999971,1.0827375966477664
2017-08-24,0.04833884974999971,1.0765565096451604
2017-08-25,0.048944389249999706,1.0941717975863359
2017-08-28,0.05012038924999971,1.107707860979995
2017-08-29,0.0489323892499997,1.105351520821367
2017-08-30,0.04889935174999971,1.1052831738984974
2017-08-31,0.04745935174999971,1.10176415774366
2017-09-01,0.049841996749999715,1.1041986745597416
2017-09-04,0.05185723174999971,1.1085450891654935
2017-09-05,0.052067231749999714,1.1118399527803764
2017-09-06,0.05254323174999972,1.109650170411853
2017-09-07,0.04936523174999972,1.1040064037982324
2017-09-08,0.0463533172499997,1.1028874283229302
2017-09-11,0.0458213172499997,1.1027882085386551
2017-09-12,0.047745512249999705,1.1063306027426054
2017-09-13,0.0511411677499997,1.107677362859204
2017-09-14,0.052947167749999705,1.1040306466333791
2017-09-15,0.0492511677499997,1.1044172348166776
2017-09-18,0.0541371677499997,1.1078320730806464
2017-09-19,0.054557167749999705,1.104653494361105
2017-09-20,0.0534931677499997,1.1076281277076812
2017-09-21,0.048621167749999694,1.1062970202182938
2017-09-22,0.05027034849999971,1.106271883770912
2017-09-25,0.04821234849999971,1.1005242563546351
2017-09-26,0.04866945349999971,1.1013861885944982
2017-09-27,0.04574447024999972,1.1015067974200088
2017-09-28,0.045790470249999715,1.101892664948279
2017-09-29,0.0503709212499997,1.1059175809328745
2017-10-09,0.0553059212499997,1.1190929708980475
2017-10-10,0.0582669212499997,1.1212999336824416
2017-10-11,0.0533319212499997,1.1249963462790071
2017-10-12,0.0558229212499997,1.1279558746961933
2017-10-13,0.052767921249999704,1.1302758361890008
2017-10-16,0.0487259212499997,1.1280978725629391
2017-10-17,0.0487713499999997,1.1279890824798904
2017-10-18,0.0442113499999997,1.136952243805552
2017-10-19,0.042846016749999695,1.1332298876279732
2017-10-20,0.04619959049999969,1.131962255433465
2017-10-23,0.05078459049999969,1.133099766156091
2017-10-24,0.04819459049999969,1.1413432525444456
2017-10-25,0.046514590499999696,1.1464033174114694
2017-10-26,0.04699359674999969,1.1511960192630513
2017-10-27,0.04699359674999969,1.1593804695914998
2017-10-30,0.04699359674999969,1.1558504706540336
2017-10-31,0.04697700849999969,1.154984560398415
2017-11-01,0.04674030799999969,1.152074324785154
2017-11-02,0.04646958049999969,1.1522219725873204
2017-11-03,0.046475930499999686,1.1509431270005743
2017-11-06,0.04674518049999969,1.1590697231433633
2017-11-07,0.04674018049999969,1.1686852502267036
2017-11-08,0.04667751024999969,1.1668862646668432
2017-11-09,0.04664345149999969,1.174927074035082
2017-11-10,0.04664268149999969,1.1853077926273068
2017-11-13,0.046726681499999694,1.189966712079464
2017-11-14,0.04663883149999969,1.181687164113501
2017-11-15,0.046618024499999695,1.1742841920975737
2017-11-16,0.04668402449999969,1.1833190730116363
2017-11-17,0.04650308199999969,1.1878847397031511
2017-11-20,0.04430827249999968,1.194509750203095
2017-11-21,0.04339627249999969,1.2158031172769201
2017-11-22,0.04278729449999969,1.218646850844184
2017-11-23,0.04365634449999969,1.1825650948949893
2017-11-24,0.04100834449999969,1.1830859266969307
2017-11-27,0.04036034449999969,1.1674460118403045
2017-11-28,0.04397634449999969,1.1691398394184578
2017-11-29,0.04340834449999969,1.1685429640979466
2017-11-30,0.04479263899999968,1.1548062415182505
2017-12-01,0.043142638999999684,1.1525108687750034
2017-12-04,0.040586184749999685,1.158483830605481
2017-12-05,0.041277588249999685,1.1646276453300315
2017-12-06,0.04133291249999969,1.157608667139301
2017-12-07,0.04400491249999969,1.1447048488149347
2017-12-08,0.04369291249999969,1.154022140021427
2017-12-11,0.04626891249999968,1.1730821683368278
2017-12-12,0.043836912499999686,1.1576649358838986
2017-12-13,0.042980912499999684,1.1674878674843392
2017-12-14,0.042740912499999686,1.1605865578466044
2017-12-15,0.04321291249999969,1.147529499437053
2017-12-18,0.039340912499999686,1.1488081144141902
2017-12-19,0.03987691249999969,1.1632321689335303
2017-12-20,0.040540912499999686,1.1618370961038447
2017-12-21,0.040540912499999686,1.1726061901038383
2017-12-22,0.040449332499999685,1.1687866896284653
2017-12-25,0.04056574624999968,1.1650224778068519
2017-12-26,0.040737746249999686,1.1685053459054773
2017-12-27,0.04098534374999969,1.150513501298995
2017-12-28,0.04078334374999969,1.1584954475645346
2017-12-29,0.04072731049999969,1.1619423405641551
2018-01-02,0.041518162249999685,1.1782424907313673
2018-01-03,0.043606558499999684,1.1851582711220672
2018-01-04,0.043656558499999686,1.190179622400979
2018-01-05,0.044356558499999685,1.1930445432260703
2018-01-08,0.045306558499999684,1.199215944625098
2018-01-09,0.04755655849999969,1.2076153807615433
2018-01-10,0.04645655849999969,1.212952696030995
2018-01-11,0.04660655849999969,1.2123107653581242
2018-01-12,0.055099323249999686,1.2179072858280997
2018-01-15,0.05483788074999969,1.2179759786653825
2018-01-16,0.04916370074999969,1.2275559918689356
2018-01-17,0.04168922424999969,1.2245705775231386
2018-01-18,0.042829224249999694,1.2312871976902602
2018-01-19,0.04343722424999969,1.2353165817360303
2018-01-22,0.0412578292499997,1.2500762885412793
2018-01-23,0.043879606749999696,1.2633408091203333
2018-01-24,0.04818014424999969,1.2654371657710077
2018-01-25,0.04903514424999969,1.2582865671459367
2018-01-26,0.04980014424999969,1.262962234620948
2018-01-29,0.0449786452499997,1.2401083899753773
2018-01-30,0.045950643999999694,1.2268725514664436
2018-01-31,0.043108643999999696,1.2325791303723175
2018-02-01,0.041400643999999695,1.223931039424961
2018-02-02,0.037323318999999695,1.2312340998277864
2018-02-05,0.036794198999999694,1.2320740376761905
2018-02-06,0.03616230599999969,1.1959661075363737
2018-02-07,0.03495862874999969,1.167604469467893
2018-02-08,0.03160962874999969,1.1565207951350134
2018-02-09,0.02698670624999969,1.1071142718464122
2018-02-12,0.02847470624999969,1.1213693760009538
2018-02-13,0.027187264999999686,1.134493311197117
2018-02-14,0.024336480749999684,1.1435242717478264
2018-02-22,0.024214480749999687,1.1682490233250664
2018-02-23,0.023576266999999686,1.1735402743251195
2018-02-26,0.024192266999999688,1.187183628839369
2018-02-27,0.023585039499999686,1.1700499114142011
2018-02-28,0.024061301999999687,1.159862991372145
2018-03-01,0.024116301999999687,1.1671977605962087
2018-03-02,0.023126301999999686,1.1577931260003052
2018-03-05,0.023126301999999686,1.1582647226507237
2018-03-06,0.023126301999999686,1.172236119333785
2018-03-07,0.023126301999999686,1.1636138854888385
2018-03-08,0.023126301999999686,1.1754172059328243
2018-03-09,0.023319876999999687,1.1844297465410143
2018-03-12,0.023319876999999687,1.1898493606146805
2018-03-13,0.023268630499999686,1.1793529048249352
2018-03-14,0.023271456749999687,1.174190535770116
2018-03-15,0.023295485499999685,1.1807680983430064
2018-03-16,0.023354365499999686,1.1693125371894026
2018-03-19,0.023195509249999687,1.1744508940186842
2018-03-20,0.023128251749999686,1.175447185181995
2018-03-21,0.023124251749999686,1.1706464984727014
2018-03-22,0.023053465749999686,1.1589138887000772
2018-03-23,0.022905036249999688,1.1256445610637236
2018-03-26,0.022998553749999685,1.118425759646789
2018-03-27,0.023175553749999685,1.1280467637083431
2018-03-28,0.023045553749999687,1.1077088987232355
2018-03-29,0.023044281249999687,1.1225066272877697
2018-03-30,0.02308384124999969,1.1237887878876454
2018-04-02,0.023089581249999686,1.1204510597116883
2018-04-03,0.022998886249999687,1.1134061379399447
2018-04-04,0.022834886249999686,1.1112104173739896
2018-04-09,0.022775798749999687,1.110653120427624
2018-04-10,0.022775798749999687,1.1320547587128778
2018-04-11,0.022775798749999687,1.135274789509638
2018-04-12,0.022775798749999687,1.1238284815665955
2018-04-13,0.022775798749999687,1.115903841788894
2018-04-16,0.022775798749999687,1.0979505089871158
2018-04-17,0.022775798749999687,1.080590851797524
2018-04-18,0.022775798749999687,1.0856760242857284
2018-04-19,0.022775798749999687,1.0988095297806653
2018-04-20,0.022775798749999687,1.084111424567222
2018-04-23,0.022775798749999687,1.0856886213356205
2018-04-24,0.022775798749999687,1.1079317540841394
2018-04-25,0.022775798749999687,1.1036691948974626
2018-04-26,0.022775798749999687,1.0825662825344755
2018-04-27,0.02259714874999969,1.082964775938839
2018-05-02,0.02259012624999969,1.0849161944502528
2018-05-03,0.02259012624999969,1.0933778375287275
2018-05-04,0.02259012624999969,1.0880732399975532
2018-05-07,0.02259012624999969,1.1052506579436274
2018-05-08,0.02259012624999969,1.1180751465624956
2018-05-09,0.02259012624999969,1.1160395843699955
2018-05-10,0.02259012624999969,1.122220296631987
2018-05-11,0.02259012624999969,1.1163921576359654
2018-05-14,0.022469476249999686,1.1269007492563847
2018-05-15,0.022717476249999688,1.1311682377234542
2018-05-16,0.022539476249999687,1.122159098606997
2018-05-17,0.022397462499999687,1.1138590263858326
2018-05-18,0.022397462499999687,1.1251049922310505
2018-05-21,0.022397462499999687,1.1303451343765074
2018-05-22,0.022397462499999687,1.1260114032992508
2018-05-23,0.022397462499999687,1.1111297040108372
2018-05-24,0.022397462499999687,1.1032412699417498
2018-05-25,0.022397462499999687,1.1001513894430726
2018-05-28,0.022397462499999687,1.104983208449582
2018-05-29,0.022291044249999687,1.0965513716630717
2018-05-30,0.022404044249999686,1.0733068166874418
2018-05-31,0.022392044249999687,1.0960805244938825
2018-06-01,0.022243448749999686,1.086917597594419
2018-06-04,0.021828701249999687,1.09758012112885
2018-06-05,0.021810701249999686,1.1084586393883171
2018-06-06,0.021764701249999685,1.106162545990042
2018-06-07,0.021779877499999687,1.1043354548840838
2018-06-08,0.021779877499999687,1.0895196811176446
2018-06-11,0.021779877499999687,1.0896251561875643
2018-06-12,0.021718458499999687,1.1028770220643238
2018-06-13,0.021672494749999684,1.0920342482942527
2018-06-14,0.021674065999999687,1.0877179282424763
2018-06-15,0.021547065999999684,1.0819723763126803
2018-06-19,0.021458187249999688,1.0438303541166207
2018-06-20,0.021496951999999687,1.0479602839519175
2018-06-21,0.021314574499999687,1.0357153172804832
2018-06-22,0.021244547499999687,1.040310098435135
2018-06-25,0.021270547499999688,1.0263504628421332
2018-06-26,0.021263547499999688,1.0178852164885177
2018-06-27,0.021275547499999686,0.997173850415423
2018-06-28,0.02116054749999969,0.9868723462238916
2018-06-29,0.021138278749999687,1.0120834534665264
2018-07-02,0.021138278749999687,0.9823864992832941
2018-07-03,0.021138278749999687,0.9827659385687133
2018-07-04,0.021138278749999687,0.9696405620624938
2018-07-05,0.021138278749999687,0.9634978715597874
2018-07-06,0.021138278749999687,0.9700370376327785
2018-07-09,0.021138278749999687,0.9971512506737403
2018-07-10,0.021163007999999688,0.9995529920991417
2018-07-11,0.021274007999999688,0.9822613647442069
2018-07-12,0.02124000799999969,1.0034561750363828
2018-07-13,0.021239007999999688,1.006809757622959
2018-07-16,0.021200574249999687,1.0008704647953965
2018-07-17,0.021200574249999687,0.9943244380865375
2018-07-18,0.008984759249999686,0.9891199827780743
2018-07-19,0.008756759249999687,0.9882610484631281
2018-07-20,0.008813759249999687,1.0068685918994569
2018-07-23,0.009545373749999687,1.0163398726723636
2018-07-24,0.008953373749999686,1.0324696888171232
2018-07-25,0.009753373749999687,1.0313300449556135
2018-07-26,0.009169373749999685,1.0193652689591222
2018-07-27,0.009273373749999685,1.015035948290638
2018-07-30,0.008481373749999686,1.013263857576428
2018-07-31,0.008161373749999687,1.0140068240842448
2018-08-01,0.008694296249999687,0.9937510561199436
2018-08-02,0.007968296249999687,0.9717191041208726
2018-08-03,0.007396296249999687,0.955670404906081
2018-08-06,0.007781453749999686,0.9435602007249098
2018-08-07,0.007071294749999686,0.9711170977365609
2018-08-08,0.006367294749999686,0.9554465982805401
2018-08-09,0.0065992409999996865,0.9793787734578255
2018-08-10,0.005974240999999686,0.9815376541387419
2018-08-13,0.005414240999999686,0.9773074091235271
2018-08-14,0.0056192409999996865,0.9722828869624914
2018-08-15,0.005269240999999686,0.948951622773875
2018-08-16,0.005097233499999686,0.9445560883214048
2018-08-17,0.0052975834999996856,0.9309766991474535
2018-08-20,0.004740153499999686,0.9418239986311013
2018-08-21,0.004498533749999687,0.958946502664031
2018-08-22,0.004832024999999688,0.9535576173207647
2018-08-23,0.004720024999999688,0.9570372857110654
2018-08-24,0.004665807499999687,0.9585676687288354
2018-08-27,0.004890807499999687,0.9819857286090418
2018-08-28,0.004980807499999687,0.9801399869509553
2018-08-29,0.005220807499999687,0.9762205172100781
2018-08-30,0.005130807499999687,0.9659931540078421
2018-08-31,0.004935807499999687,0.9612107142838611
2018-09-03,0.0047807724999996875,0.95755589789552
2018-09-04,0.005198772499999687,0.969684118452395
2018-09-05,0.005658772499999687,0.9507288157256842
2018-09-06,0.006164772499999687,0.940564581903914
2018-09-07,0.006164772499999687,0.9448201939761195
2018-09-10,0.006164772499999687,0.9311059270071006
2018-09-11,0.006168659999999687,0.9294177205381667
2018-09-12,0.0061690912499996866,0.9230221089467823
2018-09-13,0.0061690912499996866,0.9329790823824579
2018-09-14,0.0049153717499996865,0.9345714417326484
2018-09-17,0.004889631749999686,0.9238573769506041
2018-09-18,0.004739631749999686,0.9424530151658679
2018-09-19,0.004698631749999686,0.9548628100553399
2018-09-20,0.004953631749999686,0.9541835206258098
2018-09-21,0.004858631749999686,0.9831134384232851
2018-09-25,0.004553390499999686,0.9742691851772675
2018-09-26,0.004513390499999685,0.9850608500927425
2018-09-27,0.004274804249999685,0.9811257565508551
2018-09-28,0.003950080499999685,0.9912941125193863
2018-10-08,0.0038772924999996845,0.9486411069353475
2018-10-09,0.004199698499999685,0.9480045667620871
2018-10-10,0.003903698499999685,0.9459599819686346
2018-10-11,0.0036266244999996846,0.9005633562138421
2018-10-12,0.0034118149999996855,0.913999911561215
2018-10-15,0.003183739999999685,0.9012372263175605
2018-10-16,0.003123600749999685,0.8938929444471253
2018-10-17,0.003112600749999685,0.8988719500365833
2018-10-18,0.0031026279999996857,0.8775825033261111
2018-10-19,0.0028922904999996854,0.903685695014987
2018-10-22,0.0029837527499996853,0.9426955299959395
2018-10-23,0.0032527527499996854,0.9176606949731889
2018-10-24,0.0029577527499996853,0.9190374631651594
2018-10-25,0.0027897527499996856,0.9207977639631091
2018-10-26,0.0027446902499996856,0.914838408099563
2018-10-29,0.0027446902499996856,0.8869501827321715
2018-10-30,0.0027380687499996854,0.8965699472670772
2018-10-31,0.002669346249999685,0.9091274764373191
2018-11-01,0.002629346249999685,0.9158181530234274
2018-11-02,0.002729453499999685,0.9484527853633925
2018-11-05,0.002707168499999685,0.9405514083299995
2018-11-06,0.002707168499999685,0.9348770571169843
2018-11-07,0.002590568499999685,0.9287542855192559
2018-11-08,0.002587083499999685,0.926120608479596
2018-11-09,0.002839083499999685,0.9130538356402653
2018-11-12,0.003115083499999685,0.9239203045476617
2018-11-13,0.0034190834999996856,0.9332143330098457
2018-11-14,0.0035678219999996856,0.9238632286694327
2018-11-15,0.0034881409999996853,0.9346525298364153
2018-11-16,0.0034158989999996856,0.9390635151326889
2018-11-19,0.003691898999999686,0.9497089159036515
2018-11-20,0.003994898999999686,0.9277446478248238
2018-11-21,0.0040458989999996855,0.9300750155762376
2018-11-22,0.004075898999999686,0.9265972785414126
2018-11-23,0.0037338989999996857,0.9061444834924164
2018-11-26,0.0034278989999996855,0.9055011403356902
2018-11-27,0.0033438989999996856,0.9043474869404337
2018-11-28,0.0032328989999996856,0.9163655049304046
2018-11-29,0.0031668989999996855,0.9044665103248821
2018-11-30,0.0031098989999996858,0.9145660004989239
2018-12-03,0.0031458989999996858,0.9400080632649789
2018-12-04,0.0032028989999996855,0.9419565126776767
2018-12-05,0.0029473544999996854,0.9374292424860615
2018-12-06,0.0026713544999996844,0.9171554581460566
2018-12-07,0.0025526194999996848,0.9171242105440363
2018-12-10,0.0021265432499996844,0.906515736136716
2018-12-11,0.0020315432499996844,0.9108548577135829
2018-12-12,0.0020159557499996846,0.9139661849058976
2018-12-13,0.0021159557499996844,0.9281150068568884
2018-12-14,0.0020639557499996844,0.912611843498403
2018-12-17,0.0020139557499996848,0.9112528898987283
2018-12-18,0.0019306814999996845,0.9018065149635944
2018-12-19,0.0021370477499996847,0.8910540536816507
2018-12-20,0.0021950477499996846,0.8842197649615334
2018-12-21,0.0021050477499996844,0.8732595244218747
2018-12-24,0.0020450477499996847,0.875797094906981
2018-12-25,0.0020080527499996845,0.8697676337222967
2018-12-26,0.0020148402499996845,0.865371983965022
2018-12-27,0.001993390999999685,0.8620491877612483
2018-12-28,0.0020181372499996847,0.8678570619378783
2019-01-02,0.002133850749999685,0.8560042180803583
2019-01-03,0.002259850749999685,0.854651346809121
2019-01-04,0.002196850749999685,0.8751271739928168
2019-01-07,0.002329850749999685,0.8804395257720938
2019-01-08,0.002431850749999685,0.8785371406287951
2019-01-09,0.002500850749999685,0.8874076545440384
2019-01-10,0.0023523287499996846,0.8857387616298588
2019-01-11,0.0022985799999996844,0.8921069883301737
2019-01-14,0.0021185799999996844,0.884325730076872
2019-01-15,0.0021875799999996844,0.9016808039004848
2019-01-16,0.0021886214999996844,0.9018714315685298
2019-01-17,0.002217989499999684,0.896903264630695
2019-01-18,0.002004989499999684,0.9132641804298804
2019-01-21,0.0018129894999996843,0.9182979558014776
2019-01-22,0.0018725222499996839,0.9060989092684366
2019-01-23,0.0017865222499996842,0.905446312901149
2019-01-24,0.0017896159999996842,0.9105567659677408
2019-01-25,0.0017896159999996842,0.9179616116867414
2019-01-28,0.0017896159999996842,0.9177621632011519
2019-01-29,0.0017632334999996841,0.920700158446097
2019-01-30,0.001611314999999684,0.9133532533913593
2019-01-31,0.0015213149999996841,0.9229091967169724
2019-02-01,0.0014533149999996842,0.9361012194001948
2019-02-11,0.0014793149999996842,0.9531304130200801
2019-02-12,0.0014713587499996842,0.9600091517423335
2019-02-13,0.0014861589999996842,0.9792340082757717
2019-02-14,0.001567158999999684,0.9807078054607317
2019-02-15,0.0015771589999996846,0.9624217318193581
2019-02-18,0.0015686879999996842,0.9932773263306419
2019-02-19,0.0015146879999996842,0.9915082623675501
2019-02-20,0.0016506879999996843,0.995059506215246
2019-02-21,0.0016826879999996842,0.9924012404260257
2019-02-22,0.0016226879999996842,1.0147163521987559
2019-02-25,0.0018044334999996843,1.0750682993596374
2019-02-26,0.0016484334999996844,1.062157159180185
2019-02-27,0.0015044334999996843,1.0603407049424425
2019-02-28,0.0014968134999996843,1.0577400627292728
2019-03-01,0.0016464462499996846,1.0809001857618052
2019-03-04,0.0017048992499996843,1.0936960499629553
2019-03-05,0.0017238667499996846,1.1000116400200146
2019-03-06,0.0018218667499996846,1.1092582493813463
2019-03-07,0.0019288667499996845,1.097946675102366
2019-03-08,0.0020468667499996844,1.0543410788759233
2019-03-11,0.0019168667499996845,1.0752042148979457
2019-03-12,0.0020338667499996844,1.0825252916764747
2019-03-13,0.0019118667499996844,1.0735436815820927
2019-03-14,0.0018275167499996847,1.066132955318062
2019-03-15,0.0017412374999996845,1.079542673472187
2019-03-18,0.0017289624999996846,1.1103125965137246
2019-03-19,0.0017316932499996844,1.1051857701648933
2019-03-20,0.0017053744999996846,1.1056115619817228
2019-03-21,0.0017440997499996846,1.1060300031172652
2019-03-22,0.0016770997499996846,1.1051392735024774
2019-03-25,0.0015645287499996847,1.0789143199400462
2019-03-26,0.0015615287499996845,1.0666959310260495
2019-03-27,0.0016675287499996845,1.0790764961475798
2019-03-28,0.0015945287499996845,1.0747547279437908
2019-03-29,0.0015125287499996845,1.116248862590169
2019-04-01,0.0014912962499996848,1.145532477875458
2019-04-02,0.0014912962499996848,1.1447706590321047
2019-04-03,0.0014970212499996847,1.1594349511116275
2019-04-04,0.0014480212499996847,1.170986849429394
2019-04-08,0.0015133649999996847,1.1695448763704768
2019-04-09,0.0016553649999996847,1.1747916773683937
2019-04-10,0.001738364999999685,1.1777944739134698
2019-04-11,0.0017583649999996847,1.1523498167893134
2019-04-12,0.0015923649999996846,1.1497667009064283
2019-04-15,0.0016633649999996847,1.1459926593502308
2019-04-16,0.001820364999999685,1.1777777835430179
2019-04-17,0.0019933649999996843,1.1781959652427503
2019-04-18,0.0021173649999996847,1.1738246159730246
2019-04-19,0.0020983649999996848,1.1878146920344153
2019-04-22,0.0019543649999996847,1.160430694577117
2019-04-23,0.0018943649999996846,1.1585265510355494
2019-04-24,0.0019130887499996848,1.161721474211129
2019-04-25,0.0019130887499996848,1.1362758081699333
2019-04-26,0.0019130887499996848,1.1211301761840118
2019-04-29,0.0019130887499996848,1.1243180945927178
2019-04-30,0.0019130887499996848,1.1280300733378912
2019-05-06,0.0019130887499996848,1.0621350494839215
2019-05-07,0.0019130887499996848,1.0725273562089994
2019-05-08,0.0019130887499996848,1.0571886463279367
2019-05-09,0.0019130887499996848,1.0376567907525085
2019-05-10,0.0019130887499996848,1.0753473946389376
2019-05-13,0.0019130887499996848,1.0575541913844133
2019-05-14,0.0019130887499996848,1.050758356816598
2019-05-15,0.0019130887499996848,1.0743791225431212
2019-05-16,0.0019130887499996848,1.0792424485874612
2019-05-17,0.0019130887499996848,1.051799155634447
2019-05-20,0.001863663749999685,1.042872113538796
2019-05-21,0.0014526637499996848,1.0569922822458677
2019-05-22,0.0015766637499996848,1.0519775033408125
2019-05-23,0.0014406637499996848,1.0331208438743542
2019-05-24,0.0013236637499996848,1.035988849102966
2019-05-27,0.0013636637499996847,1.0484657513886588
2019-05-28,0.0013636637499996847,1.0585731975942112
2019-05-29,0.0013262699999996848,1.0561657774071882
2019-05-30,0.0013262699999996848,1.0496148214179366
2019-05-31,0.0013262699999996848,1.0463303640616601
2019-06-03,0.0013262699999996848,1.0469712858174918
2019-06-04,0.0013262699999996848,1.0373012195616216
2019-06-05,0.0013262699999996848,1.0369087220070923
2019-06-06,0.0013262699999996848,1.027561192115619
2019-06-10,0.0013262699999996848,1.0408401834476377
2019-06-11,0.0013262699999996848,1.0721259513583223
2019-06-12,0.0013262699999996848,1.0640026702286627
2019-06-13,0.0013262699999996848,1.0623588849356635
2019-06-14,0.0013262699999996848,1.0535630308813362
2019-06-17,0.0013262699999996848,1.053547147644516
2019-06-18,0.0013262699999996848,1.0572350853379506
2019-06-19,0.0013262699999996848,1.0711637904171445
2019-06-20,0.0013262699999996848,1.103616385297
2019-06-21,0.0013262699999996848,1.1051787653980196
2019-06-24,0.0013262699999996848,1.1072910341117157
2019-06-25,0.0013529799999996849,1.09577320836368
2019-06-26,0.001233979999999685,1.093761485439511
2019-06-27,0.001140979999999685,1.1054321188797145
2019-06-28,0.0011177887499996847,1.1027714893420022
2019-07-01,0.0011177887499996847,1.1345449677495343
2019-07-02,0.0011177887499996847,1.1349362834298176
2019-07-03,0.0011177887499996847,1.1223579705685638
2019-07-04,0.0011177887499996847,1.116468143502133
2019-07-05,0.0011177887499996847,1.1222623828856306
2019-07-08,0.0011177887499996847,1.096199807314141
2019-07-09,0.0011177887499996847,1.0934151962853864
2019-07-10,0.0010815637499996848,1.0915730002500383
2019-07-11,0.0010674999999996848,1.0911354185169484
2019-07-12,0.0010674999999996848,1.097912487227831
2019-07-15,0.0012112527499996849,1.1023680666572462
2019-07-16,0.001231252749999685,1.0973687674221957
2019-07-17,0.0011489127499996847,1.0967327172943542
2019-07-18,0.0011489127499996847,1.0862871109233947
2019-07-19,0.0011489127499996847,1.0976887959070945
2019-07-22,0.0011489127499996847,1.090115605173519
2019-07-23,0.0011489127499996847,1.0924880880047778
2019-07-24,0.0011489127499996847,1.1011125991196131
2019-07-25,0.0011489127499996847,1.1101161747792532
2019-07-26,0.0011489127499996847,1.112278802866316
2019-07-29,0.0011489127499996847,1.1110397374371235
2019-07-30,0.0011489127499996847,1.1156655355841867
2019-07-31,0.0011489127499996847,1.1055882704112132
2019-08-01,0.0011489127499996847,1.0963957390031933
2019-08-02,0.0011489127499996847,1.0802439861193769
2019-08-05,0.0011489127499996847,1.0595613309426035
2019-08-06,0.0011489127499996847,1.0482154823104846
2019-08-07,0.0011489127499996847,1.0439209836929604
2019-08-08,0.0011489127499996847,1.0577179530330092
2019-08-09,0.0011489127499996847,1.0474085504623694
2019-08-12,0.0011489127499996847,1.06631136067683
2019-08-13,0.0011489127499996847,1.0566969001629314
2019-08-14,0.0011489127499996847,1.0614964626503811
2019-08-15,0.0011489127499996847,1.0648400425451667
2019-08-16,0.0011489127499996847,1.0696073196873555
2019-08-19,0.0011489127499996847,1.0928285542662748
2019-08-20,0.0011489127499996847,1.0918593597320223
2019-08-21,0.0011489127499996847,1.0901371383457599
2019-08-22,0.0011489127499996847,1.093523698106424
2019-08-23,0.0011489127499996847,1.1014098837318238
2019-08-26,0.0011489127499996847,1.085568934948546
2019-08-27,0.0011489127499996847,1.1002805019979152
2019-08-28,0.0011489127499996847,1.09614062712323
2019-08-29,0.0011489127499996847,1.0925668411862535
2019-08-30,0.0010026272499996849,1.0952763887872765
2019-09-02,0.000986627249999685,1.1093244055129303
2019-09-03,0.0010316272499996848,1.1108495421620954
2019-09-04,0.0010526272499996848,1.1201865216639566
2019-09-05,0.0010540724999996847,1.131521502818251
2019-09-06,0.0011647409999996849,1.138204713418268
2019-09-09,0.0011327409999996848,1.1452500964092296
2019-09-10,0.0011107409999996849,1.1413056920043785
2019-09-11,0.001032740999999685,1.1328985016198307
2019-09-12,0.0010063259999996848,1.1450862194558293
2019-09-16,0.000979325999999685,1.1408590011917328
2019-09-17,0.000989325999999685,1.1216911340579203
2019-09-18,0.0009733259999996849,1.1271285915500835
2019-09-19,0.0009293259999996849,1.1312503347442606
2019-09-20,0.0009823259999996849,1.1344987016967274
2019-09-23,0.0009663259999996849,1.1215299379412245
2019-09-24,0.0009493259999996848,1.1245319561788703
2019-09-25,0.0009456447499996849,1.115857546909886
2019-09-26,0.0009456447499996849,1.1072543960100847
2019-09-27,0.0009456447499996849,1.110573617764919
2019-09-30,0.0009456447499996849,1.0995835709332962
2019-10-08,0.0009456447499996849,1.1062570959297344
2019-10-09,0.0009456447499996849,1.1078598615385316
2019-10-10,0.0009456447499996849,1.1169112598658393
2019-10-11,0.0009456447499996849,1.127601802467765
2019-10-14,0.0009456447499996849,1.13956923047476
2019-10-15,0.0009456447499996849,1.1346712841628677
2019-10-16,0.0009456447499996849,1.1307611829373563
2019-10-17,0.0009456447499996849,1.1314922730503094
2019-10-18,0.0009456447499996849,1.1153945981198052
2019-10-21,0.0009456447499996849,1.1186986861190484
2019-10-22,0.0009456447499996849,1.1230344638565848
2019-10-23,0.0009456447499996849,1.1158866901992242
2019-10-24,0.0009456447499996849,1.1157664849405295
2019-10-25,0.0009456447499996849,1.1232971858536456
2019-10-28,0.0010094622499996848,1.131885289476459
2019-10-29,0.0009304622499996849,1.1271696112342855
2019-10-30,0.0008774622499996849,1.1216924888893731
2019-10-31,0.0008446747499996849,1.1204029199558083
2019-11-01,0.0008446747499996849,1.1393230835433465
2019-11-04,0.0008446747499996849,1.1467413334458707
2019-11-05,0.0008446747499996849,1.1538588684182505
2019-11-06,0.0008446747499996849,1.1486899846419765
2019-11-07,0.0008446747499996849,1.1507058873653087
2019-11-08,0.0008446747499996849,1.145268055132531
2019-11-11,0.0008446747499996849,1.125080374655289
2019-11-12,0.0008446747499996849,1.125285184814288
2019-11-13,0.0008446747499996849,1.1242165110599502
2019-11-14,0.0008446747499996849,1.1259101945070982
2019-11-15,0.0008446747499996849,1.1176175306196232
2019-11-18,0.0008446747499996849,1.1265075022206263
2019-11-19,0.0008446747499996849,1.1377814583071375
2019-11-20,0.0008446747499996849,1.1264887651898945
2019-11-21,0.0008446747499996849,1.1212233424660503
2019-11-22,0.0008446747499996849,1.1098072443817877
2019-11-25,0.0008446747499996849,1.1179394904599975
2019-11-26,0.0008446747499996849,1.1218158073777893
2019-11-27,0.0008446747499996849,1.1171936125058668
2019-11-28,0.0008446747499996849,1.1133552020425554
2019-11-29,0.0008446747499996849,1.1036602876013146
2019-12-02,0.0008446747499996849,1.105790053819094
2019-12-03,0.0008446747499996849,1.1101221706290874
2019-12-04,0.0008446747499996849,1.1097565679202086
2019-12-05,0.0008446747499996849,1.1182732113904312
2019-12-06,0.0008446747499996849,1.1249094352826128
2019-12-09,0.0008446747499996849,1.1229093293174977
2019-12-10,0.0008446747499996849,1.1243326229980852
2019-12-11,0.0008446747499996849,1.12501433382851
2019-12-12,0.0008446747499996849,1.1216344617465068
2019-12-13,0.0008446747499996849,1.1438873954034086
2019-12-16,0.0008446747499996849,1.1494581452495776
2019-12-17,0.0008446747499996849,1.1650972817987733
2019-12-18,0.0008446747499996849,1.1624980232432578
2019-12-19,0.0008446747499996849,1.160874214507639
2019-12-20,0.0008446747499996849,1.1580213430346182
2019-12-23,0.0008446747499996849,1.1435631294669442
2019-12-24,0.0008446747499996849,1.1510181327759037
2019-12-25,0.0008446747499996849,1.1504153769103627
2019-12-26,0.0008446747499996849,1.1605393693553614
2019-12-27,0.0008446747499996849,1.1593978229645776
2019-12-30,0.0008446747499996849,1.1765798531028322
2019-12-31,0.0008446747499996849,1.1808889954305282
2020-01-02,0.0008446747499996849,1.1969332842365474
2020-01-03,0.0008446747499996849,1.1948359186688335
2020-01-06,0.0008446747499996849,1.1903189970834225
2020-01-07,0.0008446747499996849,1.1992355176156626
2020-01-08,0.0008446747499996849,1.1854248270038779
2020-01-09,0.0008446747499996849,1.2004295853448976
2020-01-10,0.0008446747499996849,1.200088052513959
2020-01-13,0.0008446747499996849,1.2118501226641336
2020-01-14,0.0008446747499996849,1.2077850229551685
2020-01-15,0.0008446747499996849,1.2011112385229201
2020-01-16,0.0008446747499996849,1.1960115952817503
2020-01-17,0.0008446747499996849,1.1976862822623564
2020-01-20,0.0008446747499996849,1.2066158898899075
2020-01-21,0.0008446747499996849,1.1859988431468964
2020-01-22,0.0008446747499996849,1.191078769266496
2020-01-23,0.0008446747499996849,1.1541726416175049
2020-02-03,0.0008446747499996849,1.0632134376680387
2020-02-04,0.0008446747499996849,1.0912555084708386
2020-02-05,0.0008446747499996849,1.1036189508289003
2020-02-06,0.0008446747499996849,1.1241570137808266
2020-02-07,0.0008446747499996849,1.124184168062287
2020-02-10,0.0008446747499996849,1.128835535049749
2020-02-11,0.0008446747499996849,1.1393453085444145
2020-02-12,0.0008446747499996849,1.1485605261727203
2020-02-13,0.0008446747499996849,1.1414941577073392
2020-02-14,0.0008446747499996849,1.1495122808552918
2020-02-17,0.0008446747499996849,1.1753664718188428
2020-02-18,0.0008446747499996849,1.1696262239100539
2020-02-19,0.0008446747499996849,1.1678389706140517
2020-02-20,0.0008446747499996849,1.194746903359757
2020-02-21,0.0008446747499996849,1.1961404195745817
2020-02-24,0.0008446747499996849,1.191340424694115
2020-02-25,0.0008446747499996849,1.1887505346539653
2020-02-26,0.0007725147499996849,1.1740955534374062
2020-02-27,0.0007435147499996849,1.177514542674337
2020-02-28,0.0006895147499996849,1.1357663915436378
2020-03-02,0.0007058872499996849,1.1731301639617024
2020-03-03,0.0007058872499996849,1.1793840947745533
2020-03-04,0.0007058872499996849,1.1862132812570712
2020-03-05,0.0007058872499996849,1.212639038136545
2020-03-06,0.0007058872499996849,1.1929744090787313
2020-03-09,0.0007058872499996849,1.1522214537157003
2020-03-10,0.0007058872499996849,1.1768963936173946
2020-03-11,0.0007058872499996849,1.1612430169248427
2020-03-12,0.0007058872499996849,1.1388975799885281
2020-03-13,0.0007058872499996849,1.122870702207989
2020-03-16,0.0007058872499996849,1.0745945983965368
2020-03-17,0.0007058872499996849,1.0693604521009141
2020-03-18,0.0007058872499996849,1.0481946121408694
2020-03-19,0.0007058872499996849,1.0345990514680867
2020-03-20,0.0007058872499996849,1.0530856689906927
2020-03-23,0.0007058872499996849,1.0176530502646504
2020-03-24,0.0007058872499996849,1.0449828256376312
2020-03-25,0.0007058872499996849,1.0730605544512237
2020-03-26,0.0007058872499996849,1.0660065235999243
2020-03-27,0.0007058872499996849,1.069469501619773
2020-03-30,0.0007058872499996849,1.0591065687936425
2020-03-31,0.0007058872499996849,1.0625784829358402
2020-04-01,0.0007058872499996849,1.0593847416345066
2020-04-02,0.0007058872499996849,1.0765233018614635
2020-04-03,0.0007058872499996849,1.0703797753989244
2020-04-07,0.0007058872499996849,1.0948252875658584
2020-04-08,0.0007058872499996849,1.0897297088190476
2020-04-09,0.0007058872499996849,1.0933231830513928
2020-04-10,0.0007058872499996849,1.0865108887227346
2020-04-13,0.0007058872499996849,1.0819212962842855
2020-04-14,0.0007058872499996849,1.1028037170348608
2020-04-15,0.0007058872499996849,1.094635294074238
2020-04-16,0.0007058872499996849,1.0960818793253353
2020-04-17,0.0007058872499996849,1.1067782736460894
2020-04-20,0.0007058872499996849,1.1108047174193447
2020-04-21,0.0007058872499996849,1.0977154024907336
2020-04-22,0.0007058872499996849,1.106748380875522
2020-04-23,0.0007058872499996849,1.103972158271295
2020-04-24,0.0007058872499996849,1.0945228142374452
2020-04-27,0.0007058872499996849,1.101959080515673
2020-04-28,0.0007058872499996849,1.1095627117176374
2020-04-29,0.0007058872499996849,1.1147184219199968
2020-04-30,0.0007058872499996849,1.127847372875156
2020-05-06,0.0007058872499996849,1.134672466037114
2020-05-07,0.0007058872499996849,1.131398011372628
2020-05-08,0.0007058872499996849,1.1425615631088273
2020-05-11,0.0007117504999996848,1.141569538223283
2020-05-12,0.0007100604999996848,1.1415861132889304
2020-05-13,0.0007100604999996848,1.1438965621353665
2020-05-14,0.0007100604999996848,1.1314911488284658
2020-05-15,0.0007100604999996848,1.1279161810172431
2020-05-18,0.0007100604999996848,1.1308264166305042
2020-05-19,0.0007100604999996848,1.1404364379094292
2020-05-20,0.0007100604999996848,1.1343750084676967
2020-05-21,0.0007100604999996848,1.1281983895262648
2020-05-22,0.0007100604999996848,1.1023323798202525
2020-05-25,0.0007100604999996848,1.1038487821304765
2020-05-26,0.0007100604999996848,1.1163724981667977
2020-05-27,0.0007100604999996848,1.108544282031862
2020-05-28,0.0007100604999996848,1.1117206123077155
2020-05-29,0.0007100604999996848,1.1147158852142978
2020-06-01,0.0007100604999996848,1.1447865134427242
2020-06-02,0.0007100604999996848,1.1483112371853843
2020-06-03,0.0007100604999996848,1.148334298146285
2020-06-04,0.0007100604999996848,1.1479126861286186
2020-06-05,0.0007100604999996848,1.153408631982866
2020-06-08,0.0007100604999996848,1.1593768086639569
2020-06-09,0.0007100604999996848,1.1666048056390506
2020-06-10,0.0007100604999996848,1.164493517016193
2020-06-11,0.0007100604999996848,1.151861731551851
2020-06-12,0.0007100604999996848,1.1539367279874913
2020-06-15,0.0007100604999996848,1.1400728818608303
2020-06-16,0.0007100604999996848,1.157248080189418
2020-06-17,0.0007100604999996848,1.1581197556852618
2020-06-18,0.0007100604999996848,1.1658423237930713
2020-06-19,0.0007100604999996848,1.181502244033279
2020-06-22,0.0007100604999996848,1.182464001407641
2020-06-23,0.0007100604999996848,1.1881567437369744
2020-06-24,0.0007100604999996848,1.193113437846761
2020-06-29,0.0007100604999996848,1.1846751151649975
2020-06-30,0.0007100604999996848,1.2003125509683268
2020-07-01,0.0007100604999996848,1.2244746150995907
2020-07-02,0.0007100604999996848,1.249859256073003
2020-07-03,0.0007100604999996848,1.2740014877778925
2020-07-06,0.0007100604999996848,1.3462109486408762
2020-07-07,0.0007100604999996848,1.3542913652094617
2020-07-08,0.0007100604999996848,1.3761640524473129
2020-07-09,0.0007100604999996848,1.395410442152992
2020-07-10,0.0007100604999996848,1.370147764836543
2020-07-13,0.0007100604999996848,1.39892435607023
2020-07-14,0.0007100604999996848,1.3855861845472996
2020-07-15,0.0007100604999996848,1.3676500898137949
2020-07-16,0.0007100604999996848,1.3018642307834887
2020-07-17,0.0007100604999996848,1.3100645643487576
2020-07-20,0.0007100604999996848,1.3491540172972196
2020-07-21,0.0007100604999996848,1.3522493459479092
2020-07-22,0.0007100604999996848,1.358995512971185
2020-07-23,0.0007100604999996848,1.3584161928071594
2020-07-24,0.0007100604999996848,1.2987906082622465
2020-07-27,0.0007100604999996848,1.3053801048824032
2020-07-28,0.0007100604999996848,1.316855123721767
2020-07-29,0.0007100604999996848,1.3487802567734222
2020-07-30,0.0007100604999996848,1.342191336677288
2020-07-31,0.0007100604999996848,1.3534034605623841
2020-08-03,0.0007100604999996848,1.3753876475461897
2020-08-04,0.0007100604999996848,1.3766824051959572
2020-08-05,0.0007100604999996848,1.3770590195136663
2020-08-06,0.0007100604999996848,1.37292398744077
2020-08-07,0.0007100604999996848,1.3571162752673902
2020-08-10,0.0007100604999996848,1.3620004426551444
2020-08-11,0.0007100604999996848,1.3495803856380717
2020-08-12,0.0007100604999996848,1.3397393800095252
2020-08-13,0.0007100604999996848,1.3362998376911919
2020-08-14,0.0007100604999996848,1.3561657601114674
2020-08-17,0.0007100604999996848,1.3880467602491988
2020-08-18,0.0007100604999996848,1.3873348395599945
2020-08-19,0.0007100604999996848,1.3665574903125226
2020-08-20,0.0007100604999996848,1.3488224583318704
2020-08-21,0.0007100604999996848,1.3602632028180954
2020-08-24,0.0007100604999996848,1.3709306268067183
2020-08-25,0.0007100604999996848,1.3726894862946115
2020-08-26,0.0007100604999996848,1.3565985566951704
2020-08-27,0.0007100604999996848,1.363867054482846
2020-08-28,0.0007100604999996848,1.3964176296203283
2020-08-31,0.0007100604999996848,1.3883319090307356
2020-09-01,0.0007100604999996848,1.395799912956403
2020-09-02,0.0007100604999996848,1.3963086089276704
2020-09-03,0.0007100604999996848,1.3885855507744418
2020-09-04,0.0007100604999996848,1.375072923082298
2020-09-07,0.0007100604999996848,1.3460013245062892
2020-09-08,0.0007100604999996848,1.3532141300733898
2020-09-09,0.0007100604999996848,1.3215627594538264
2020-09-10,0.0007100604999996848,1.3208100496900288
2020-09-11,0.0007100604999996848,1.3338697889362847
2020-09-14,0.0007100604999996848,1.340721229246072
2020-09-15,0.0006168939999996847,1.3515114240252897
2020-09-16,0.0006258939999996847,1.3425394995344857
2020-09-17,0.0006261652499996847,1.3354355128766353
2020-09-18,0.0006261652499996847,1.365522716170709
2020-09-21,0.0006261652499996847,1.3523604997794507
2020-09-22,0.0006261652499996847,1.3363137319201346
2020-09-23,0.0006261652499996847,1.3410892245296442
2020-09-24,0.0006261652499996847,1.3153584961855151
2020-09-25,0.0005670199999996847,1.3173636179096264
2020-09-28,0.0005384024999996848,1.320790159611252
2020-09-29,0.0005384024999996848,1.323641301512205
2020-09-30,0.0005384024999996848,1.322371795614624
2020-10-09,0.0005384024999996848,1.3493951772958381
2020-10-12,0.0005384024999996848,1.390333168043896
2020-10-13,0.0005384024999996848,1.3949578131429143
2020-10-14,0.0005384024999996848,1.385704919669737
2020-10-15,0.0005384024999996848,1.3832933196835506
2020-10-16,0.0005384024999996848,1.3812581610578663
2020-10-19,0.0005384024999996848,1.3708265065682517
2020-10-20,0.0005384024999996848,1.3817744959724318
2020-10-21,0.0005384024999996848,1.3815903541996402
2020-10-22,0.0005384024999996848,1.3773114217307239
2020-10-23,0.0005384024999996848,1.3601608698040986
2020-10-26,0.0005384024999996848,1.3523050958208866
2020-10-27,0.0005384024999996848,1.3546236736560402
2020-10-28,0.0005384024999996848,1.3655754969449705
2020-10-29,0.0005384024999996848,1.375851461122304
2020-10-30,0.0005384024999996848,1.353486364716822
2020-11-02,0.0005384024999996848,1.360836325348879
2020-11-03,0.0005384024999996848,1.377189285116554
2020-11-04,0.0005384024999996848,1.387594275370127
2020-11-05,0.0005384024999996848,1.4081921526893892
2020-11-06,0.0005384024999996848,1.408366839468212
2020-11-09,0.0005384024999996848,1.4359338833026591
2020-11-10,0.0005263024999996848,1.4280141439791492
2020-11-11,0.0005653024999996846,1.4138957913227486
2020-11-12,0.0006083024999996848,1.4149234165666829
2020-11-13,0.0005743024999996848,1.4000457241202258
2020-11-16,0.0006183024999996847,1.413686368971569
2020-11-17,0.0005703024999996847,1.410980857038704
2020-11-18,0.0005473024999996847,1.410083093830841
2020-11-19,0.0005613024999996848,1.4205520494247126
2020-11-20,0.0005543024999996848,1.4249621987611536
2020-11-23,0.0005963024999996847,1.4427592359004275
2020-11-24,0.0005497874999996848,1.4338975428027287
2020-11-25,0.0005356912499996847,1.4155682586858676
2020-11-26,0.0005252399999996848,1.4181312538803668
2020-11-27,0.0005252399999996848,1.4357653365046767
2020-11-30,0.0005252399999996848,1.4298521890415352
2020-12-01,0.0005252399999996848,1.460651947201238
2020-12-02,0.0005252399999996848,1.4606653225585604
2020-12-03,0.0005252399999996848,1.457758373132228
2020-12-04,0.0005251337499996849,1.460311221503931
2020-12-07,0.0005291337499996849,1.4477195909377572
2020-12-08,0.0005491337499996848,1.4441576813956447
2020-12-09,0.0005941337499996848,1.4247922394793155
2020-12-10,0.0005731337499996848,1.4241656443454438
2020-12-11,0.0005991337499996848,1.4094943474990473
2020-12-14,0.0005851337499996847,1.4225255199799878
2020-12-15,0.0005581337499996848,1.4254844718731514
2020-12-16,0.0005285974999996847,1.4280116649258523
2020-12-17,0.0005285974999996847,1.446348415028805
2020-12-18,0.0005285974999996847,1.4413007742544666
2020-12-21,0.0005285974999996847,1.4548121335937607
2020-12-22,0.0005285974999996847,1.4311553639420316
2020-12-23,0.0005285974999996847,1.443363490728427
2020-12-24,0.0005285974999996847,1.4413144955262025
2020-12-25,0.0005285974999996847,1.4534210099536296
2020-12-28,0.0005285974999996847,1.4598783672678255
2020-12-29,0.0005285974999996847,1.453686902832814
2020-12-30,0.0005285974999996847,1.4740884737224098
2020-12-31,0.0005285974999996847,1.5022165042569666
2021-01-04,0.0005285974999996847,1.5184830142474652
2021-01-05,0.0005285974999996847,1.5475360199237476
2021-01-06,0.0005285974999996847,1.5617077875308345
2021-01-07,0.0005285974999996847,1.5893777985557034
2021-01-08,0.0005285974999996847,1.5841238774861084
2021-01-11,0.0005285974999996847,1.5684792351324974
2021-01-12,0.0005285974999996847,1.613215827360112
2021-01-13,0.0005285974999996847,1.6079171680263695
2021-01-14,0.0005285974999996847,1.5769247355383416
2021-01-15,0.0005285974999996847,1.5733574643228196
2021-01-18,0.0005285974999996847,1.59077981849986
2021-01-19,0.0005285974999996847,1.5674314315477749
2021-01-20,0.0005285974999996847,1.5786477640582357
2021-01-21,0.0005285974999996847,1.604169243008392
2021-01-22,0.0005285974999996847,1.6055548320179072
2021-01-25,0.0005285974999996847,1.6217399368164263
2021-01-26,0.0005285974999996847,1.5891791860299467
2021-01-27,0.0005285974999996847,1.5935133783264208
2021-01-28,0.0005285974999996847,1.5500259695245941
2021-01-29,0.0005285974999996847,1.542768079778933
2021-02-01,0.0005285974999996847,1.5617022240740173
2021-02-02,0.0005285974999996847,1.5857556999056404
2021-02-03,0.0005285974999996847,1.5811750147633388
2021-02-04,0.0005285974999996847,1.5779311158720464
2021-02-05,0.0005285974999996847,1.5806599482016226
2021-02-08,0.0005285974999996847,1.6040517762388047
2021-02-09,0.0005285974999996847,1.6391299191696025
2021-02-10,0.0005285974999996847,1.6741447885889291
2021-02-18,0.0005285974999996847,1.6628052240686557
2021-02-19,0.0005285974999996847,1.6658206176636234
2021-02-22,0.0005285974999996847,1.6134983817835473
2021-02-23,0.0005285974999996847,1.6084063486594748
2021-02-24,0.0005285974999996847,1.5674443745120803
2021-02-25,0.0005285974999996847,1.5766659050784328
2021-02-26,0.0005285974999996847,1.538385430638366
2021-03-01,0.0005335274999996848,1.5620294879353989
2021-03-02,0.0005475274999996848,1.5420951321136507
2021-03-03,0.0005621349999996848,1.5716657410573482
2021-03-04,0.0005621349999996848,1.5222268747710839
2021-03-05,0.0005621349999996848,1.5170641021494486
2021-03-08,0.0005621349999996848,1.4643781084373655
2021-03-09,0.0005621349999996848,1.432950285007533
2021-03-10,0.0005621349999996848,1.442351287502095
2021-03-11,0.0005621349999996848,1.4782697430219118
2021-03-12,0.0005621349999996848,1.4835054459323953
2021-03-15,0.0005621349999996848,1.4515560700455932
2021-03-16,0.0006350069999996846,1.4641872213335103
2021-03-17,0.0006352744999996847,1.4703836150489142
2021-03-18,0.0006351469999996848,1.482176413929489
2021-03-19,0.0007194169999996848,1.4433540357344576
2021-03-22,0.0007854169999996848,1.4577848067586603
2021-03-23,0.0007964169999996848,1.4439752980211216
2021-03-24,0.0007304169999996847,1.4207527374369506
2021-03-25,0.0006864169999996848,1.420078665549824
2021-03-26,0.0006944169999996847,1.4522611012727284
2021-03-29,0.0007044169999996848,1.4548230010715852
2021-03-30,0.0006596669999996848,1.4686168571819123
2021-03-31,0.0006596669999996848,1.4552506089390858
2021-04-01,0.0006596669999996848,1.4732427994599813
2021-04-02,0.0006596669999996848,1.487880773217876
2021-04-06,0.0007015069999996848,1.4817652658228315
2021-04-07,0.0007695069999996848,1.4712151644727909
2021-04-08,0.0007655069999996848,1.473655533007701
2021-04-09,0.0007115069999996848,1.451496486287866
2021-04-12,0.0007435069999996848,1.4262471843287394
2021-04-13,0.0006715069999996848,1.423911656687324
2021-04-14,0.0006047744999996849,1.4357258157829331
2021-04-15,0.0006047744999996849,1.426601227730967
2021-04-16,0.0006047744999996849,1.4315613521586874
2021-04-19,0.0006047744999996849,1.466393607593882
2021-04-20,0.0006047744999996849,1.465341134164577
2021-04-21,0.0006047744999996849,1.4697744597667233
2021-04-22,0.0006047744999996849,1.467035567092954
2021-04-23,0.0006047744999996849,1.4803561258069966
2021-04-26,0.0006047744999996849,1.4635746069071842
2021-04-27,0.0006047744999996849,1.46740338941932
2021-04-28,0.0006047744999996849,1.4756830238638858
2021-04-29,0.0006047744999996849,1.4886338000698862
2021-04-30,0.0006047744999996849,1.4769072437994983
2021-05-06,0.0006047744999996849,1.4589298987721824
2021-05-07,0.0006047744999996849,1.4401721996541894
2021-05-10,0.0006047744999996849,1.4391256067699139
2021-05-11,0.0006047744999996849,1.4479572341398386
2021-05-12,0.0006047744999996849,1.4541515811949624
2021-05-13,0.0006047744999996849,1.4392846697477262
2021-05-14,0.0006047744999996849,1.4731889809424796
2021-05-17,0.0006047744999996849,1.494634290922439
2021-05-18,0.0006047744999996849,1.4953883843438907
2021-05-19,0.0006047744999996849,1.4909695294947094
2021-05-20,0.0006047744999996849,1.4950455543339012
2021-05-21,0.0006047744999996849,1.4799799150561035
2021-05-24,0.0006047744999996849,1.4861600219678712
2021-05-25,0.0006047744999996849,1.5331151651127326
2021-05-26,0.0006047744999996849,1.5337247527879405
2021-05-27,0.0006047744999996849,1.5388097523189381
2021-05-28,0.0006047744999996849,1.5338677019193234
2021-05-31,0.0006047744999996849,1.536888976059321
2021-06-01,0.0006047744999996849,1.539803362645544
2021-06-02,0.0006047744999996849,1.524898429439023
2021-06-03,0.0006047744999996849,1.5148991679662958
2021-06-04,0.0006047744999996849,1.5226798496955751
2021-06-07,0.0005626254999996849,1.521339402517023
2021-06-08,0.0005936254999996849,1.5082204254274536
2021-06-09,0.0005506254999996849,1.5094694070698333
2021-06-10,0.0005439554999996849,1.519563420265661
2021-06-11,0.0005439554999996849,1.5060833950069907
2021-06-15,0.0005439554999996849,1.4893228904077989
2021-06-16,0.0005439554999996849,1.4645125250132152
2021-06-17,0.0005439554999996849,1.4706817644471586
2021-06-18,0.0005439554999996849,1.4708470250582129
2021-06-21,0.0005439554999996849,1.46736473348361
2021-06-22,0.0005439554999996849,1.476523653541117
2021-06-23,0.0005439554999996849,1.4837980895262246
2021-06-24,0.0005439554999996849,1.4862713775828202
2021-06-25,0.0005439554999996849,1.510483829913652
2021-06-28,0.0005439554999996849,1.5138830155504095
2021-06-29,0.0005439554999996849,1.4962367970954258
2021-06-30,0.0005439554999996849,1.5058925655555377
2021-07-01,0.0005439554999996849,1.507513520497245
2021-07-02,0.0005439554999996849,1.4646930635108661
2021-07-05,0.0005439554999996849,1.4660407460659008
2021-07-06,0.0005439554999996849,1.4652658689534375
2021-07-07,0.0005439554999996849,1.4818079574266987
2021-07-08,0.0005439554999996849,1.4667510813140434
2021-07-09,0.0005439554999996849,1.4613258461311576
2021-07-12,0.0005439554999996849,1.4795649618908973
2021-07-13,0.0005439554999996849,1.4822718286552157
2021-07-14,0.0005439554999996849,1.465260276670419
2021-07-15,0.0005439554999996849,1.4849709699976321
2021-07-16,0.0005439554999996849,1.4686294254056034
2021-07-19,0.0005439554999996849,1.4740262091279779
2021-07-20,0.0005439554999996849,1.4727289147725113
2021-07-21,0.0005439554999996849,1.4828321235264983
2021-07-22,0.0005439554999996849,1.4850543065450867
2021-07-23,0.0005439554999996849,1.4670311566841818
2021-07-26,0.0005439554999996849,1.4197765957882267
2021-07-27,0.0005439554999996849,1.3696230414974495
2021-07-28,0.0005439554999996849,1.3722662888358832
2021-07-29,0.0005439554999996849,1.3981499113507836
2021-07-30,0.0005439554999996849,1.3868773965743288
2021-08-02,0.0005439554999996849,1.4222086623772126
2021-08-03,0.0005439554999996849,1.4224168740279444
2021-08-04,0.0005439554999996849,1.4352127094028932
2021-08-05,0.0005439554999996849,1.4265136537319465
2021-08-06,0.0005439554999996849,1.418700138959585
2021-08-09,0.0005439554999996849,1.4371483311560904
2021-08-10,0.0005439554999996849,1.4537479855529998
2021-08-11,0.0005439554999996849,1.4457321685011373
2021-08-12,0.0005439554999996849,1.4336281331270069
2021-08-13,0.0005439554999996849,1.425738978402891
2021-08-16,0.0005439554999996849,1.4243220841389537
2021-08-17,0.0005439554999996849,1.3944396333514766
2021-08-18,0.0005439554999996849,1.4108230047613388
2021-08-19,0.0005439554999996849,1.4015700824619604
2021-08-20,0.0005439554999996849,1.374798728257189
2021-08-23,0.0005439554999996849,1.3939999761319055
2021-08-24,0.0005439554999996849,1.4091371908670984
2021-08-25,0.0005439554999996849,1.4119526459310576
2021-08-26,0.0005439554999996849,1.384121582920499
2021-08-27,0.0005439554999996849,1.39145321008864
2021-08-30,0.0005439554999996849,1.38748297740758
2021-08-31,0.0005439554999996849,1.3852747750965375
2021-09-01,0.0005439554999996849,1.403679958600963
2021-09-02,0.0005439554999996849,1.4036662949816292
2021-09-03,0.0005439554999996849,1.3960709080731868
2021-09-06,0.0005439554999996849,1.4222058374095021
2021-09-07,0.0005439554999996849,1.4392430447133004
2021-09-08,0.0005439554999996849,1.4332768858662888
2021-09-09,0.0005439554999996849,1.4326660298382312
2021-09-10,0.0005439554999996849,1.4452079063812617
2021-09-13,0.0005439554999996849,1.438905893464933
2021-09-14,0.0005439554999996849,1.4174309213240148
2021-09-15,0.0005439554999996849,1.4030630778968702
2021-09-16,0.0005439554999996849,1.3858766373498435
2021-09-17,0.0005439554999996849,1.3997830886017684
2021-09-22,0.0005439554999996849,1.3899323973696436
2021-09-23,0.0005439554999996849,1.3989919535118702
2021-09-24,0.0005439554999996849,1.397905782253449
2021-09-27,0.0005439554999996849,1.405960428198228
2021-09-28,0.0005439554999996849,1.407822081919336
2021-09-29,0.0005439554999996849,1.3934378363837507
2021-09-30,0.0005439554999996849,1.4027932358281314
2021-10-08,0.0005439554999996849,1.4211146792182863
2021-10-11,0.0005439554999996849,1.4229165762244604
2021-10-12,0.0005439554999996849,1.4078246474512364
2021-10-13,0.0005439554999996849,1.4240457273487603
2021-10-14,0.0005439554999996849,1.416407764141255
2021-10-15,0.0005439554999996849,1.4217394871276887
2021-10-18,0.0005439554999996849,1.4052125324100186
2021-10-19,0.0005439554999996849,1.419034090499628
2021-10-20,0.0005439554999996849,1.415419688445265
2021-10-21,0.0005439554999996849,1.4205596883680107
2021-10-22,0.0005439554999996849,1.4297004190926077
2021-10-25,0.0005439554999996849,1.4354074592176995
2021-10-26,0.0005439554999996849,1.4306727268565815
2021-10-27,0.0005439554999996849,1.4119547214175385
2021-10-28,0.0005439554999996849,1.4021462029176612
2021-10-29,0.0005439554999996849,1.4150119418303402
2021-11-01,0.0005439554999996849,1.4097987233567348
2021-11-02,0.0005439554999996849,1.3951436556615724
2021-11-03,0.0005439554999996849,1.3897434127950627
2021-11-04,0.0005439554999996849,1.403473332391293
2021-11-05,0.0005439554999996849,1.3958643395159192
2021-11-08,0.0005439554999996849,1.3975459736109965
2021-11-09,0.0005439554999996849,1.3971322887986397
2021-11-10,0.0005439554999996849,1.3897666467131702
2021-11-11,0.0005439554999996849,1.4120955374100383
2021-11-12,0.0005439554999996849,1.409132780458326
2021-11-15,0.0005439554999996849,1.407404015524408
2021-11-16,0.0005439554999996849,1.4076758177748236
2021-11-17,0.0005439554999996849,1.4083773898578238
2021-11-18,0.0005439554999996849,1.394501638510098
2021-11-19,0.0005439554999996849,1.4096178101184693
2021-11-22,0.0005439554999996849,1.4160580158429954
2021-11-23,0.0005439554999996849,1.4163309134890536
2021-11-24,0.0005439554999996849,1.4172856949227433
2021-11-25,0.0005439554999996849,1.411458103624543
2021-11-26,0.0005439554999996849,1.4009898398594989
2021-11-29,0.0005439554999996849,1.3984809514445125
2021-11-30,0.0005439554999996849,1.3928895332121363
2021-12-01,0.0005439554999996849,1.396298231495265
2021-12-02,0.0005439554999996849,1.3998473133778766
2021-12-03,0.0005439554999996849,1.4127771617618596
2021-12-06,0.0005439554999996849,1.4103567409581286
2021-12-07,0.0005439554999996849,1.4188548780072283
2021-12-08,0.0005439554999996849,1.4401367722530056
2021-12-09,0.0005439554999996849,1.4639934227833413
2021-12-10,0.0005439554999996849,1.4571982512181518
2021-12-13,0.0005439554999996849,1.4654666146180777
2021-12-14,0.0005439554999996849,1.455635323419311
2021-12-15,0.0005439554999996849,1.4430105427218423
2021-12-16,0.0005439554999996849,1.4513220012924515
2021-12-17,0.0005439554999996849,1.4282690540757048
2021-12-20,0.0005439554999996849,1.406839050808543
2021-12-21,0.0005439554999996849,1.4163711548658253
2021-12-22,0.0005439554999996849,1.4166505095809354
2021-12-23,0.0005439554999996849,1.426533428505919
2021-12-24,0.0005439554999996849,1.4186367789695105
2021-12-27,0.0005439554999996849,1.4180541726185565
2021-12-28,0.0005439554999996849,1.4286162656682653
2021-12-29,0.0005439554999996849,1.4077218820442228
2021-12-30,0.0005439554999996849,1.4186846304633793
2021-12-31,0.0005439554999996849,1.424121943824537
2022-01-04,0.0005439554999996849,1.4176049162740105
2022-01-05,0.0005439554999996849,1.4032941198988937
2022-01-06,0.0005439554999996849,1.3889131893764377
2022-01-07,0.0005439554999996849,1.3901057581432146
2022-01-10,0.0005439554999996849,1.3963541831516504
2022-01-11,0.0005439554999996849,1.3830158386715135
2022-01-12,0.0005439554999996849,1.396796261772116
2022-01-13,0.0005439554999996849,1.3738334252600886
2022-01-14,0.0005439554999996849,1.3625371865201072
2022-01-17,0.0005439554999996849,1.3742246256355672
2022-01-18,0.0005439554999996849,1.3875051447562459
2022-01-19,0.0005439554999996849,1.378001492159475
2022-01-20,0.0005439554999996849,1.3904344344884512
2022-01-21,0.0005439554999996849,1.377694723727094
2022-01-24,0.0005439554999996849,1.3798346367676695
2022-01-25,0.0005439554999996849,1.3486197236593525
2022-01-26,0.0005439554999996849,1.3583802177081545
2022-01-27,0.0005439554999996849,1.3317348916547052
2022-01-28,0.0005439554999996849,1.3155620956440668
2022-02-07,0.0005439554999996849,1.335832074925523
2022-02-08,0.0005439554999996849,1.328534145586498
2022-02-09,0.0005439554999996849,1.341012431529845
2022-02-10,0.0005439554999996849,1.3374960962117126
2022-02-11,0.0005439554999996849,1.3264074637722394
2022-02-14,0.0005439554999996849,1.3120786798476198
2022-02-15,0.0005439554999996849,1.3260347986440846
2022-02-16,0.0005439554999996849,1.3311908835870587
2022-02-17,0.0005439554999996849,1.3344123845200762
2022-02-18,0.0005439554999996849,1.3407745865443559
2022-02-21,0.0005439554999996849,1.335896703268447
2022-02-22,0.0005439554999996849,1.3185544571043353
2022-02-23,0.0005439554999996849,1.332648682230394
2022-02-24,0.0005439554999996849,1.3056305757439854
2022-02-25,0.0005439554999996849,1.3183446023601393
2022-02-28,0.0005439554999996849,1.3207144620070959
2022-03-01,0.0005439554999996849,1.3316800353939628
2022-03-02,0.0005439554999996849,1.319836646530412
2022-03-03,0.0005439554999996849,1.3120615282579502
2022-03-04,0.0005439554999996849,1.2961499841081152
2022-03-07,0.0005439554999996849,1.254740396709639
2022-03-08,0.0005439554999996849,1.2295501884628202
2022-03-09,0.0005439554999996849,1.2182950847118454
2022-03-10,0.0005439554999996849,1.2374619429286187
2022-03-11,0.0005439554999996849,1.24140660676928
2022-03-14,0.0005439554999996849,1.2034240511178482
2022-03-15,0.0005439554999996849,1.1483816595947347
2022-03-16,0.0005439554999996849,1.1980402680121816
2022-03-17,0.0005439554999996849,1.2215666567562187
2022-03-18,0.0005439554999996849,1.22969740387197
2022-03-21,0.0005439554999996849,1.227634658571808
2022-03-22,0.0005439554999996849,1.226639895197157
2022-03-23,0.0005439554999996849,1.232757506904884
2022-03-24,0.0005439554999996849,1.225490046860449
2022-03-25,0.0005439554999996849,1.2033711550387824
2022-03-28,0.0005439554999996849,1.1958452392750534
2022-03-29,0.0005439554999996849,1.1917166930974106
2022-03-30,0.0005439554999996849,1.226295105005491
2022-03-31,0.0005439554999996849,1.2172142463006328
2022-04-01,0.0005439554999996849,1.2326539055380379
2022-04-06,0.0005439554999996849,1.229103411171571
2022-04-07,0.0005439554999996849,1.2133235739346802
2022-04-08,0.0005439554999996849,1.2195693757588135
2022-04-11,0.0005439554999996849,1.1818945109781993
2022-04-12,0.0005439554999996849,1.2049273375065601
2022-04-13,0.0005439554999996849,1.1933289137001766
2022-04-14,0.0005439554999996849,1.2082699373105072
2022-04-15,0.0005439554999996849,1.2074566925243455
2022-04-18,0.0005439554999996849,1.2010103468189797
2022-04-19,0.0005439554999996849,1.1919350803971398
2022-04-20,0.0005439554999996849,1.173453795721742
2022-04-21,0.0005439554999996849,1.1518459924460362
2022-04-22,0.0005439554999996849,1.1568674590297527
2022-04-25,0.0005439554999996849,1.0996944076766249
2022-04-26,0.0005439554999996849,1.0908179843901509
2022-04-27,0.0005439554999996849,1.122935071115103
2022-04-28,0.0005439554999996849,1.1303062766573897
2022-04-29,0.0005439554999996849,1.1577297083578284
2022-05-05,0.0005439554999996849,1.1559912578203322
2022-05-06,0.0005439554999996849,1.1267628735364
2022-05-09,0.0005439554999996849,1.117717615189932
2022-05-10,0.0005439554999996849,1.1299491488516418
2022-05-11,0.0005439554999996849,1.1462517204197487
2022-05-12,0.0005439554999996849,1.141154354448468
2022-05-13,0.0005439554999996849,1.1497619157570413
2022-05-16,0.0005439554999996849,1.140519543847275
2022-05-17,0.0005439554999996849,1.1547468883701324
2022-05-18,0.0005439554999996849,1.150715111749669
2022-05-19,0.0005439554999996849,1.1529322790092618
2022-05-20,0.0005439554999996849,1.1754171194542207
2022-05-23,0.0005439554999996849,1.1686090914033291
2022-05-24,0.0005439554999996849,1.14127372374733
2022-05-25,0.0005439554999996849,1.1481990167844014
2022-05-26,0.0005439554999996849,1.1510430674398775
2022-05-27,0.0005439554999996849,1.1534224397332054
2022-05-30,0.0005439554999996849,1.1614128032494737
2022-05-31,0.0005439554999996849,1.1794290924745108
2022-06-01,0.0005439554999996849,1.1770248719958125
2022-06-02,0.0005439554999996849,1.178867154509764
2022-06-06,0.0005439554999996849,1.2009240411728088
2022-06-07,0.0005439554999996849,1.2046839867166559
2022-06-08,0.0005439554999996849,1.216411551904083
2022-06-09,0.0005439554999996849,1.203688387382172
2022-06-10,0.0005439554999996849,1.2219408208468319
2022-06-13,0.0005439554999996849,1.2076312351721625
2022-06-14,0.0005439554999996849,1.2171319763226194
2022-06-15,0.0005439554999996849,1.2332476676288275
2022-06-16,0.0005439554999996849,1.2251312471350357
2022-06-17,0.0005439554999996849,1.242133805345081
2022-06-20,0.0005439554999996849,1.2482992685466767
2022-06-21,0.0005439554999996849,1.2468962685116818
2022-06-22,0.0005439554999996849,1.23105828882712
2022-06-23,0.0005439554999996849,1.2521750377666474
2022-06-24,0.0005439554999996849,1.2668459022200267
2022-06-27,0.0005439554999996849,1.2811124503764153
2022-06-28,0.0005439554999996849,1.2944453467045396
2022-06-29,0.0005439554999996849,1.2745092613107238
2022-06-30,0.0005439554999996849,1.292858233722954
2022-07-01,0.0005439554999996849,1.287585085577208
2022-07-04,0.0005439554999996849,1.2960347369560143
2022-07-05,0.0005439554999996849,1.2941633399789256
2022-07-06,0.0005439554999996849,1.2752624322937394
2022-07-07,0.0005439554999996849,1.280884636908918
2022-07-08,0.0005439554999996849,1.2766493184823051
2022-07-11,0.0005439554999996849,1.255270568200745
2022-07-12,0.0005439554999996849,1.2434523157845763
2022-07-13,0.0005439554999996849,1.2457132412174778
2022-07-14,0.0005439554999996849,1.2458898016993736
2022-07-15,0.0005439554999996849,1.2246890243835644
2022-07-18,0.0005439554999996849,1.237389416206586
2022-07-19,0.0005439554999996849,1.2306885639714804
2022-07-20,0.0005439554999996849,1.2348575821355037
2022-07-21,0.0005439554999996849,1.2210945412341798
2022-07-22,0.0005439554999996849,1.221721885849281
2022-07-25,0.0005439554999996849,1.214345260981183
2022-07-26,0.0005439554999996849,1.2239535238618393
2022-07-27,0.0005439554999996849,1.2179172885198906
2022-07-28,0.0005439554999996849,1.2181010843782687
2022-07-29,0.0005439554999996849,1.202081960845832
2022-08-01,0.0005439554999996849,1.2074368600979708
2022-08-02,0.0005439554999996849,1.1838989985258856
2022-08-03,0.0005439554999996849,1.1723545085418086
2022-08-04,0.0005439554999996849,1.1823172183915083
2022-08-05,0.0005439554999996849,1.198279554307727
2022-08-08,0.0005439554999996849,1.1957323270452433
2022-08-09,0.0005439554999996849,1.198100716555942
2022-08-10,0.0005439554999996849,1.1846811398410326
2022-08-11,0.0005439554999996849,1.2088390818255357
2022-08-12,0.0005439554999996849,1.2081499050090194
2022-08-15,0.0005439554999996849,1.2065723623262075
2022-08-16,0.0005439554999996849,1.2043116963291158
2022-08-17,0.0005439554999996849,1.2155889674287563
2022-08-18,0.0005439554999996849,1.2049639179557885
2022-08-19,0.0005439554999996849,1.196596882469409
2022-08-22,0.0005439554999996849,1.2053377649581896
2022-08-23,0.0005439554999996849,1.1994819528090872
2022-08-24,0.0005439554999996849,1.176806455869882
2022-08-25,0.0005439554999996849,1.1865555059168371
2022-08-26,0.0005439554999996849,1.184049327164757
2022-08-29,0.0005439554999996849,1.178853404411827
2022-08-30,0.0005439554999996849,1.1748964894356873
2022-08-31,0.0005439554999996849,1.1757746796529855
2022-09-01,0.0005439554999996849,1.1656564812744132
2022-09-02,0.0005358264999996849,1.1598548047310253
2022-09-05,0.0005192114999996849,1.1574948901234574
2022-09-06,0.0005192114999996849,1.1681184406339666
2022-09-07,0.0005192114999996849,1.1688975551979954
2022-09-08,0.0005192114999996849,1.1639108818390378
2022-09-09,0.0005192114999996849,1.1800833895876648
2022-09-13,0.0005192114999996849,1.1850781342829375
2022-09-14,0.0005192114999996849,1.171888561826811
2022-09-15,0.0005192114999996849,1.160865307211491
2022-09-16,0.0005192114999996849,1.1336429959163075
2022-09-19,0.0005192114999996849,1.1322932090485907
2022-09-20,0.0005401169999996848,1.1336872441350354
2022-09-21,0.0005181169999996848,1.125298444866806
2022-09-22,0.0005351169999996848,1.1153848836900258
2022-09-23,0.0005351169999996848,1.1115444265664345
2022-09-26,0.0005381169999996848,1.105968315046856
2022-09-27,0.0005471169999996848,1.122000785110414
2022-09-28,0.000585116999999685,1.103671587472156
2022-09-29,0.0005411169999996849,1.103220053857721
2022-09-30,0.0005011169999996849,1.0968038891849339
2022-10-10,0.0004856857499996849,1.0726046392542177
2022-10-11,0.0004856857499996849,1.0745504654826132
2022-10-12,0.0004856857499996849,1.0908717740814515
2022-10-13,0.0004856857499996849,1.081753037748314
2022-10-14,0.0004856857499996849,1.1076380727470694
2022-10-17,0.0004856857499996849,1.1087744304216507
2022-10-18,0.0004856857499996849,1.10642647868755
2022-10-19,0.0004856857499996849,1.0886311422941424
2022-10-20,0.0004856857499996849,1.08240278032169
2022-10-21,0.0004856857499996849,1.078933835278208
2022-10-24,0.0004856857499996849,1.0473634951100097
2022-10-25,0.0004856857499996849,1.045657243439171
2022-10-26,0.0004856857499996849,1.0541461272777095
2022-10-27,0.0004856857499996849,1.0467211032179207
2022-10-28,0.0004856857499996849,1.020830764198158
2022-10-31,0.0004856857499996849,1.0114258989926452
2022-11-01,0.0004856857499996849,1.0475940758928153
2022-11-02,0.0004856857499996849,1.0601714951418337
2022-11-03,0.0004856857499996849,1.0515500107781166
2022-11-04,0.0004856857499996849,1.0859333269569775
2022-11-07,0.0004856857499996849,1.0882747351434225
2022-11-08,0.0004856857499996849,1.0807879941870235
2022-11-09,0.0004856857499996849,1.070683055860969
2022-11-10,0.0004856857499996849,1.0624439798813872
2022-11-11,0.0004856857499996849,1.0920629591905742
2022-11-14,0.0004856857499996849,1.093670999994177
2022-11-15,0.0004856857499996849,1.1144130371452698
2022-11-16,0.0004856857499996849,1.1053089445223039
2022-11-17,0.0004856857499996849,1.100775764959458
2022-11-18,0.0004856857499996849,1.0958478105721936
2022-11-21,0.0004856857499996849,1.086496100881557
2022-11-22,0.0004856857499996849,1.0866246080861761
2022-11-23,0.0004856857499996849,1.0877649726027137
2022-11-24,0.0004856857499996849,1.08294508764347
2022-11-25,0.0004856857499996849,1.0884128991254187
2022-11-28,0.0004856857499996849,1.0761519627385605
2022-11-29,0.00048557374999968486,1.1093539811952853
2022-11-30,0.0005069862499996849,1.110684050941432
2022-12-01,0.0005069862499996849,1.1227138588476633
2022-12-02,0.0005069862499996849,1.1158471983036817
2022-12-05,0.0005069862499996849,1.137734385120699
2022-12-06,0.0005069862499996849,1.1438807077247473
2022-12-07,0.0005069862499996849,1.1410681352809007
2022-12-08,0.0005069862499996849,1.1412811320810192
2022-12-09,0.0005069862499996849,1.152541914593616
2022-12-12,0.0005069862499996849,1.1396275170534365
2022-12-13,0.0005069862499996849,1.1373900273220499
2022-12-14,0.0005069862499996849,1.1400433061784752
2022-12-15,0.0005069862499996849,1.1392081534794578
2022-12-16,0.0005069862499996849,1.1398534279916595
2022-12-19,0.0005069862499996849,1.1222676292542355
2022-12-20,0.0005069862499996849,1.1037602280406178
2022-12-21,0.0005069862499996849,1.1041987033859428
2022-12-22,0.0005069862499996849,1.1057811465229461
2022-12-23,0.0005069862499996849,1.1035300508246282
2022-12-26,0.0005069862499996849,1.1079317829103403
2022-12-27,0.0005069862499996849,1.1207206135184158
2022-12-28,0.0005069862499996849,1.115938462056446
2022-12-29,0.0005069862499996849,1.1117403006030844
2022-12-30,0.0005069862499996849,1.116044946043405
2023-01-03,0.0005069862499996849,1.1207336429613248
2023-01-04,0.0005069862499996849,1.122188933725162
2023-01-05,0.0005069862499996849,1.1439903337676287
2023-01-06,0.0005069862499996849,1.1475390120834246
2023-01-09,0.0005069862499996849,1.1568299273158869
2023-01-10,0.0005069862499996849,1.1580850489391064
2023-01-11,0.0005069862499996849,1.1559395724417136
2023-01-12,0.0005069862499996849,1.158199056564559
2023-01-13,0.0005069862499996849,1.17448816629674
2023-01-16,0.0005069862499996849,1.192817911632819
2023-01-17,0.0005069862499996849,1.1926097576344894
2023-01-18,0.0005069862499996849,1.1906127072466937
2023-01-19,0.0005069862499996849,1.1980191384067562
2023-01-20,0.0005069862499996849,1.2053752966720555
2023-01-30,0.0005069862499996849,1.2110881596897747
2023-01-31,0.0005069862499996849,1.1982641899425268
2023-02-01,0.0005069862499996849,1.2095281433372473
2023-02-02,0.0005069862499996849,1.2052665065890065
2023-02-03,0.0005069862499996849,1.19387514138531
2023-02-06,0.0005069862499996849,1.178091643220876
2023-02-07,0.0005069862499996849,1.180211983270887
2023-02-08,0.0005069862499996849,1.1749966316583984
2023-02-09,0.0005069862499996849,1.1907690029091977
2023-02-10,0.0005069862499996849,1.183693092971244
2023-02-13,0.0005069862499996849,1.1944349750373744
2023-02-14,0.0005069862499996849,1.194929690301096
2023-02-15,0.0005069862499996849,1.1887029714221078
2023-02-16,0.0005069862499996849,1.1799969686366896
2023-02-17,0.0005069862499996849,1.1629951022554714
2023-02-20,0.0005069862499996849,1.1915280256110419
2023-02-21,0.0005069862499996849,1.1946597041013516
2023-02-22,0.0005069862499996849,1.1838778400942593
2023-02-23,0.0005069862499996849,1.1829253359304588
2023-02-24,0.0005069862499996849,1.1706452012936508
2023-02-27,0.0005069862499996849,1.165686719959394
2023-02-28,0.0005069862499996849,1.1730703495943664
2023-03-01,0.0005069862499996849,1.1896404571351218
2023-03-02,0.0005069862499996849,1.186987351235903
2023-03-03,0.0005069862499996849,1.1906810253433617
2023-03-06,0.0005069862499996849,1.1844715445326468
2023-03-07,0.0005069862499996849,1.16713019198077
2023-03-08,0.0005069862499996849,1.1628799992343761
2023-03-09,0.0005069862499996849,1.158770190087465
2023-03-10,0.0005069862499996849,1.1435743716853832
2023-03-13,0.0005069862499996849,1.1555518888627723
2023-03-14,0.0005069862499996849,1.1486363679078824
2023-03-15,0.0005069862499996849,1.1492723892095227
2023-03-16,0.0005069862499996849,1.1355074457789245
2023-03-17,0.0005069862499996849,1.1411772424521618
2023-03-20,0.0005069862499996849,1.1354862585210972
2023-03-21,0.0005069862499996849,1.1479683495229926
2023-03-22,0.0005069862499996849,1.1528873966141089
2023-03-23,0.0005069862499996849,1.1643160629220624
2023-03-24,0.0005069862499996849,1.1608442929108704
2023-03-27,0.0005069862499996849,1.1566447189736535
2023-03-28,0.0005069862499996849,1.1529081514789197
2023-03-29,0.0005069862499996849,1.1548191268301538
2023-03-30,0.0005069862499996849,1.164153540800115
2023-03-31,0.0005069862499996849,1.167727989739717
2023-04-03,0.0005069862499996849,1.1791552435638155
2023-04-04,0.0005069862499996849,1.1827693573561668
2023-04-06,0.0005069862499996849,1.18090568580098
2023-04-07,0.0005069862499996849,1.1885849569546987
2023-04-10,0.0005069862499996849,1.1832613053045802
2023-04-11,0.0005069862499996849,1.1819168801102728
2023-04-12,0.0005069862499996849,1.1810923642794708
2023-04-13,0.0005069862499996849,1.1729319550027613
2023-04-14,0.0005069862499996849,1.1795678041543283
2023-04-17,0.0005069862499996849,1.1961096620179805
2023-04-18,0.0005069862499996849,1.1997557152411793
2023-04-19,0.0005069862499996849,1.1889536440670978
2023-04-20,0.0005069862499996849,1.185627186935781
2023-04-21,0.0005069862499996849,1.1624359316060326
2023-04-24,0.0005069862499996849,1.1480446524773726
2023-04-25,0.0005069862499996849,1.1422860134522657
2023-04-26,0.0005069862499996849,1.1412962658366104
2023-04-27,0.0005069862499996849,1.149709538549596
2023-04-28,0.0005069862499996849,1.1614323762400383
2023-05-04,0.0005069862499996849,1.1617671349137124
2023-05-05,0.0005069862499996849,1.157913158301793
2023-05-08,0.0005069862499996849,1.1711112344872519
2023-05-09,0.0005069862499996849,1.1610834639016112
2023-05-10,0.0005069862499996849,1.1521456408067392
2023-05-11,0.0005069862499996849,1.1503567444172729
2023-05-12,0.0005069862499996849,1.1351072516286946
2023-05-15,0.0005069862499996849,1.152727267066855
2023-05-16,0.0005069862499996849,1.1467654898024142
2023-05-17,0.0005069862499996849,1.141565127814511
2023-05-18,0.0005069862499996849,1.1403847237046094
2023-05-19,0.0005069862499996849,1.1370611203672043
2023-05-22,0.0005069862499996849,1.1442063861450669
2023-05-23,0.0005069862499996849,1.1280235009640347
2023-05-24,0.0005069862499996849,1.1124300539436232
2023-05-25,0.0005069862499996849,1.1099527590450708
2023-05-26,0.0005069862499996849,1.1100829093431541
2023-05-29,0.0005069862499996849,1.105179716662657
2023-05-30,0.0005069862499996849,1.1062784273185677
2023-05-31,0.0005069862499996849,1.0949757603357353
2023-06-01,0.0005069862499996849,1.0973753974484546
2023-06-02,0.0005069862499996849,1.113219949506873
2023-06-05,0.0005069862499996849,1.1081510061699025
2023-06-06,0.0005069862499996849,1.0977486967530339
2023-06-07,0.0005069862499996849,1.0923232886129415
2023-06-08,0.0005069862499996849,1.1012147015240008
2023-06-09,0.0005069862499996849,1.105975608075741
2023-06-12,0.0005069862499996849,1.1082038157703649
2023-06-13,0.0005069862499996849,1.1141059804508775
2023-06-14,0.0005069862499996849,1.1138515315735398
2023-06-15,0.0005069862499996849,1.1315723522370371
2023-06-16,0.0005069862499996849,1.1424835017561785
2023-06-19,0.0005069862499996849,1.1331314173249274
2023-06-20,0.0005069862499996849,1.1312086520574327
2023-06-21,0.0005069862499996849,1.1138537223648253
2023-06-26,0.0005069862499996849,1.0981906888948962
2023-06-27,0.0005069862499996849,1.1084923660436343
2023-06-28,0.0005069862499996849,1.1071563292738547
2023-06-29,0.0005069862499996849,1.1016922940242535
2023-06-30,0.0005069862499996849,1.1076328263784645
2023-07-03,0.0005069862499996849,1.1221700237372234
2023-07-04,0.0005069862499996849,1.12393741578065
2023-07-05,0.0005069862499996849,1.1152296257707621
2023-07-06,0.0005069862499996849,1.107720198594077
2023-07-07,0.0005069862499996849,1.1028036305562574
2023-07-10,0.0005069862499996849,1.1081734041281772
2023-07-11,0.0005069862499996849,1.1154258457218256
2023-07-12,0.0005069862499996849,1.1079168509381574
2023-07-13,0.0005069862499996849,1.1237672258892033
2023-07-14,0.0005069862499996849,1.1239631864044566
2023-07-17,0.0005069862499996849,1.1147596145614056
2023-07-18,0.0005069862499996849,1.1112325558964542
2023-07-19,0.0005069862499996849,1.1100584647245995
2023-07-20,0.0005069862499996849,1.1022258958332936
2023-07-21,0.0005069862499996849,1.101711463448002
2023-07-24,0.00048086324999968485,1.0969006587421133
2023-07-25,0.0004968632499996849,1.1285790106859304
2023-07-26,0.0005148632499996849,1.1262433677397103
2023-07-27,0.00048686324999968483,1.1248980489331681
2023-07-28,0.0004902682499996848,1.1509545710024212
2023-07-31,0.0004902682499996848,1.1572653470838923
2023-08-01,0.0004902682499996848,1.152471809272478
2023-08-02,0.0004902682499996848,1.1443699171840536
2023-08-03,0.0005421459999996848,1.1544847140708931
2023-08-04,0.0005331459999996848,1.158980246615069
2023-08-07,0.0005011459999996849,1.1502095578343243
2023-08-08,0.0005005209999996849,1.1472056082412032
2023-08-09,0.0005005209999996849,1.1436983243502241
2023-08-10,0.0005005209999996849,1.1460480633087948
2023-08-11,0.0005005209999996849,1.119682812625484
2023-08-14,0.0005005209999996849,1.1115112476089386
2023-08-15,0.0005005209999996849,1.1088101172586444
2023-08-16,0.0005005209999996849,1.1006805808433404
2023-08-17,0.0005005209999996849,1.1043608219410745
2023-08-18,0.0005005209999996849,1.0907845459968448
2023-08-21,0.0005005209999996849,1.0750890253982468
2023-08-22,0.0005005209999996849,1.0833541026112445
2023-08-23,0.0005005209999996849,1.065599122899413
2023-08-24,0.0005005209999996849,1.073323218795882
2023-08-25,0.0005005209999996849,1.0692075291039416
2023-08-28,0.0005005209999996849,1.0817376157307115
2023-08-29,0.0005005209999996849,1.0925437802253528
2023-08-30,0.0005005209999996849,1.0920834257933734
2023-08-31,0.0005005209999996849,1.0853836689539105
2023-09-01,0.0005005209999996849,1.0929428789799398
2023-09-04,0.0005005209999996849,1.1095065582778443
2023-09-05,0.0005005209999996849,1.1012523773688723
2023-09-06,0.0005005209999996849,1.0988629447313516
2023-09-07,0.0005005209999996849,1.083425505111433
2023-09-08,0.0005005209999996849,1.078097817793157
2023-09-11,0.0005005209999996849,1.0860377931098575
2023-09-12,0.0005005209999996849,1.084039503195413
2023-09-13,0.0005005209999996849,1.0771346191087388
2023-09-14,0.0005005209999996849,1.0762284386501473
2023-09-15,0.0005005209999996849,1.0690994020235185
2023-09-18,0.0005005209999996849,1.0745574702494867
2023-09-19,0.0005005209999996849,1.0724794182365271
2023-09-20,0.0005005209999996849,1.0682095948471666
2023-09-21,0.0005005209999996849,1.0586263242828862
2023-09-22,0.0005005209999996849,1.0777922600612233
2023-09-25,0.0005005209999996849,1.0707791335893215
2023-09-26,0.0005005209999996849,1.0645207058890949
2023-09-27,0.0005005209999996849,1.0667121313510821
2023-09-28,0.0005005209999996849,1.0635476486438915
2023-10-09,0.0005005209999996849,1.0621668736099645
2023-10-10,0.0005005209999996849,1.0542104673586223
2023-10-11,0.0005005209999996849,1.0572148493447602
2023-10-12,0.0005005209999996849,1.067256197071131
2023-10-13,0.0005005209999996849,1.0560220499683748
2023-10-16,0.0005005209999996849,1.0454102028955228
2023-10-17,0.0005005209999996849,1.04910128264488
2023-10-18,0.0005005209999996849,1.04079210134416
2023-10-19,0.0005005209999996849,1.0185866444405125
2023-10-20,0.0005005209999996849,1.0119694170148728
2023-10-23,0.0005005209999996849,1.0014925053894908
2023-10-24,0.0005005209999996849,1.005207164971369
2023-10-25,0.0005005209999996849,1.010201996145245
2023-10-26,0.0005005209999996849,1.0129944479007058
2023-10-27,0.0005005209999996849,1.026900293802407
2023-10-30,0.0005005209999996849,1.0330652669585838
2023-10-31,0.0005005209999996849,1.029817649487346
2023-11-01,0.0005005209999996849,1.0293913676250974
2023-11-02,0.0005005209999996849,1.0245376407057323
2023-11-03,0.0005005209999996849,1.0331703672878885
2023-11-06,0.0005005209999996849,1.0471430034975981
2023-11-07,0.0005005209999996849,1.0434390960887399
2023-11-08,0.0005005209999996849,1.0409349639969394
2023-11-09,0.0005005209999996849,1.0414405755646865
2023-11-10,0.0005005209999996849,1.033848618974178
2023-11-13,0.0005005209999996849,1.0318091075921236
2023-11-14,0.0005005209999996849,1.032571358828494
2023-11-15,0.0005005209999996849,1.0398318141060552
2023-11-16,0.0005005209999996849,1.029776860412753
2023-11-17,0.0005005209999996849,1.028538602117192
2023-11-20,0.0005005209999996849,1.0309181473677267
2023-11-21,0.0005005209999996849,1.0322856911753369
2023-11-22,0.0005005209999996849,1.0217205425483087
2023-11-23,0.0005005209999996849,1.026651033641272
2023-11-24,0.0005005209999996849,1.0198735037111715
2023-11-27,0.0005005209999996849,1.0123595796471108
2023-11-28,0.0005005209999996849,1.014256574290799
2023-11-29,0.0005005209999996849,1.005546478184821
2023-11-30,0.0005005209999996849,1.0078224508947105
2023-12-01,0.0005005209999996849,1.0039823685117337
2023-12-04,0.0005005209999996849,0.997426339111084
2023-12-05,0.0005005209999996849,0.9784353783735806
2023-12-06,0.0005005209999996849,0.9799749569495099
2023-12-07,0.0005005209999996849,0.9775778565424896
2023-12-08,0.0005005209999996849,0.9799356956635765
2023-12-11,0.0005005209999996849,0.9856989180546626
2023-12-12,0.0005005209999996849,0.9878171249657904
2023-12-13,0.0005005209999996849,0.9713291144458414
2023-12-14,0.0005005209999996849,0.9662438554790336
2023-12-15,0.0005005209999996849,0.9632424137654103
2023-12-18,0.0005005209999996849,0.9597296528962174
2023-12-19,0.0005005209999996849,0.9610774219298553
2023-12-20,0.0005005209999996849,0.9505446163004903
2023-12-21,0.0005005209999996849,0.9601632277873509
2023-12-22,0.0005005209999996849,0.9619960841335341
2023-12-25,0.0005005209999996849,0.9649429001960239
2023-12-26,0.0005005209999996849,0.9584107100637053
2023-12-27,0.0005005209999996849,0.9617450367479293
2023-12-28,0.0005005209999996849,0.984282254400334
2023-12-29,0.0005005209999996849,0.9890586406220786
2024-01-02,0.0005005209999996849,0.9761566960007854
2024-01-03,0.0005005209999996849,0.973834716673899
2024-01-04,0.0005005209999996849,0.964827912479733
2024-01-05,0.0005005209999996849,0.9596563478667544
2024-01-08,0.0005005209999996849,0.9472452269720306
2024-01-09,0.0005005209999996849,0.9491024991105675
2024-01-10,0.0005005209999996849,0.9446717966927237
2024-01-11,0.0005005209999996849,0.950016952688882
2024-01-12,0.0005005209999996849,0.946700498249356
2024-01-15,0.0005005209999996849,0.9457644538463982
2024-01-16,0.0005005209999996849,0.9515172123264756
2024-01-17,0.0005005209999996849,0.9308216718377988
2024-01-18,0.0005005209999996849,0.9439798525608994
2024-01-19,0.0005005209999996849,0.9425522926025452
2024-01-22,0.0005005209999996849,0.9278870492583854
2024-01-23,0.0005005209999996849,0.9316434780056949
2024-01-24,0.0005005209999996849,0.9446660026262975
2024-01-25,0.0005005209999996849,0.9636365255872027
2024-01-26,0.0005005209999996849,0.9610140331135796
2024-01-29,0.0005005209999996849,0.9524062700215983
2024-01-30,0.0005005209999996849,0.9354213822728433
2024-01-31,0.0005005209999996849,0.9268637767708209
2024-02-01,0.0005005209999996849,0.9275438156815802
2024-02-02,0.0005005209999996849,0.916565847028229
2024-02-05,0.0005005209999996849,0.9225600249427353
2024-02-06,0.0005005209999996849,0.9546350542402448
2024-02-07,0.0005005209999996849,0.9638415951820117
2024-02-08,0.0005005209999996849,0.9699814030646057
2024-02-19,0.0005005209999996849,0.9811884823645048
2024-02-20,0.0005005209999996849,0.983219691800635
2024-02-21,0.0005005209999996849,0.9964846735989067
2024-02-22,0.0005005209999996849,1.0050758616252409
2024-02-23,0.0005005209999996849,1.0059599323875685
2024-02-26,0.0005005209999996849,0.9954720668057587
2024-02-27,0.0005005209999996849,1.0074144448439757
2024-02-28,0.0005005209999996849,0.9945788293114728
2024-02-29,0.0005005209999996849,1.0135530420261223
2024-03-01,0.0005005209999996849,1.0198144388250647
2024-03-04,0.0005005209999996849,1.0206979042371689
2024-03-05,0.0005005209999996849,1.0278023232880362
2024-03-06,0.0005005209999996849,1.0236322673807723
2024-03-07,0.0005005209999996849,1.0174840422474498
2024-03-08,0.0005005209999996849,1.0218628575032669
2024-03-11,0.0005005209999996849,1.0346483154458106
2024-03-12,0.0005005209999996849,1.0370208271032706
2024-03-13,0.0005005209999996849,1.0297759668005182
2024-03-14,0.0005005209999996849,1.026853537704181
2024-03-15,0.0005005209999996849,1.0290933623578586
2024-03-18,0.0005005209999996849,1.0387602289054039
2024-03-19,0.0005005209999996849,1.0312949058164411
2024-03-20,0.0005005209999996849,1.033529945320732
2024-03-21,0.0005005209999996849,1.0322922635491938
2024-03-22,0.0005005209999996849,1.0218894929131073
2024-03-25,0.0005005209999996849,1.0163436489047109
2024-03-26,0.0005005209999996849,1.0215275511317714
2024-03-27,0.0005005209999996849,1.0097203103244325
2024-03-28,0.0005005209999996849,1.0149603948174872
2024-03-29,0.0005005209999996849,1.0197223391124677
2024-04-01,0.0005005209999996849,1.0364883206898732
2024-04-02,0.0005005209999996849,1.0321728365979295
2024-04-03,0.0005005209999996849,1.0284620973794043
2024-04-08,0.0005005209999996849,1.0194119962311472
2024-04-09,0.0005005209999996849,1.0185700982010661
2024-04-10,0.0005005209999996849,1.0102743499100708
2024-04-11,0.0005005209999996849,1.0101406251630483
2024-04-12,0.0005005209999996849,1.0019523121236487
2024-04-15,0.0005005209999996849,1.0230637570421688
2024-04-16,0.0005005209999996849,1.012120956354191
2024-04-17,0.0005005209999996849,1.0277702397261832
2024-04-18,0.0005005209999996849,1.0290382466613062
2024-04-19,0.0005005209999996849,1.0209265824907001
2024-04-22,0.0005005209999996849,1.0178256327307909
2024-04-23,0.0005005209999996849,1.0107114415977418
2024-04-24,0.0005005209999996849,1.015149811785085
2024-04-25,0.0005005209999996849,1.0176459878453745
2024-04-26,0.0005005209999996849,1.0332084755257769
2024-04-29,0.0005005209999996849,1.0446362770476965
2024-04-30,0.0005005209999996849,1.0390099502857568
2024-05-06,0.0005005209999996849,1.0544268944766748
2024-05-07,0.0005005209999996849,1.0547528899852068
2024-05-08,0.0005005209999996849,1.0464554697745463
2024-05-09,0.0005005209999996849,1.0563537242385286
2024-05-10,0.0005005209999996849,1.0568484106760487
2024-05-13,0.0005005209999996849,1.0563911118213887
2024-05-14,0.0005005209999996849,1.0541872622667159
2024-05-15,0.0005005209999996849,1.0452541666688284
2024-05-16,0.0005005209999996849,1.0493772646944586
2024-05-17,0.0005005209999996849,1.0602189142426857
2024-05-20,0.0005005209999996849,1.0639642160763607
2024-05-21,0.0005005209999996849,1.0596975923953251
2024-05-22,0.0005005209999996849,1.062087255642455
2024-05-23,0.0005005209999996849,1.049790200025586
2024-05-24,0.0005005209999996849,1.0381685423010951
2024-05-27,0.0005005209999996849,1.0480364716014932
2024-05-28,0.0005005209999996849,1.0403872950017499
2024-05-29,0.0005005209999996849,1.0416412059245221
2024-05-30,0.0005005209999996849,1.036103635035849
2024-05-31,0.0005005209999996849,1.0319562941750722
2024-06-03,0.0005005209999996849,1.0344998028576105
2024-06-04,0.0005005209999996849,1.0422607098129173
2024-06-05,0.0005005209999996849,1.03624243319427
2024-06-06,0.0005005209999996849,1.0355078839371816
2024-06-07,0.0005005209999996849,1.0302813765848573
2024-06-11,0.0005005209999996849,1.0212768784867812
2024-06-12,0.0005005209999996849,1.0216358799956022
2024-06-13,0.0005005209999996849,1.016449498715245
2024-06-14,0.0005005209999996849,1.0208894543436502
2024-06-17,0.0005005209999996849,1.019351720644593
2024-06-18,0.0005005209999996849,1.022058962149526
2024-06-19,0.0005005209999996849,1.0172042839655235
2024-06-20,0.0005005209999996849,1.0098630288462065
2024-06-21,0.0005005209999996849,1.007654394142147
2024-06-24,0.0005005209999996849,1.0022323010151837
2024-06-25,0.0005005209999996849,0.9967818717325141
2024-06-26,0.0005005209999996849,1.0032281309592765
2024-06-27,0.0005005209999996849,0.9956908576723038
2024-06-28,0.0005005209999996849,0.9978642091061853
2024-07-01,0.0005005209999996849,1.0026279406256358
2024-07-02,0.0005005209999996849,1.0007839285396167
2024-07-03,0.0005005209999996849,0.9983707142861672
2024-07-04,0.0005005209999996849,0.9932969281474074
2024-07-05,0.0005005209999996849,0.9890444004787224
2024-07-08,0.0005005209999996849,0.9805982947226547
2024-07-09,0.0005005209999996849,0.9915668660344388
2024-07-10,0.0005005209999996849,0.9884405492175388
2024-07-11,0.0005005209999996849,0.999741371323499
2024-07-12,0.0005005209999996849,1.0009614114599485
2024-07-15,0.0005005209999996849,1.0020698653718398
2024-07-16,0.0005005209999996849,1.0084220070519265
2024-07-17,0.0005005209999996849,1.0093735311248888
2024-07-18,0.0005005209999996849,1.0149506515615065
2024-07-19,0.0005005209999996849,1.0201637547303075
2024-07-22,0.0005005209999996849,1.0132193210956884
2024-07-23,0.0005005209999996849,0.9915861219367909
2024-07-24,0.0005005209999996849,0.9853274924531563
2024-07-25,0.0005005209999996849,0.9798808682290352
2024-07-26,0.0005005209999996849,0.9827696859748597
2024-07-29,0.0005005209999996849,0.9774221085778069
2024-07-30,0.0005005209999996849,0.9712648608435318
2024-07-31,0.0005005209999996849,0.9922221720646323
2024-08-01,0.0005005209999996849,0.9856446671441438
2024-08-02,0.0005005209999996849,0.9755916159801159
2024-08-05,0.0005005209999996849,0.9637522916109239
2024-08-06,0.0005005209999996849,0.9636538213078781
2024-08-07,0.0005005209999996849,0.9632243397373045
2024-08-08,0.0005005209999996849,0.9636417143034053
2024-08-09,0.0005005209999996849,0.9603816150870801
2024-08-12,0.0005005209999996849,0.9587203899424
2024-08-13,0.0005005209999996849,0.9611780541979855
2024-08-14,0.0005005209999996849,0.9539278610480248
2024-08-15,0.0005005209999996849,0.9633580933105282
2024-08-16,0.0005005209999996849,0.9644191857739699
2024-08-19,0.0005005209999996849,0.9676862609309675
2024-08-20,0.0005005209999996849,0.960691785011194
2024-08-21,0.0005005209999996849,0.9575011857657834
2024-08-22,0.0005005209999996849,0.955051160453496
2024-08-23,0.0005005209999996849,0.9591026253693284
2024-08-26,0.0005005209999996849,0.9582472366771208
2024-08-27,0.0005005209999996849,0.9528021690678603
2024-08-28,0.0005005209999996849,0.9473718316473753
2024-08-29,0.0005005209999996849,0.9448309749753405
2024-08-30,0.0005005209999996849,0.9574427550561012
2024-09-02,0.0005005209999996849,0.9411786376402963
2024-09-03,0.0005005209999996849,0.9436049966414592
2024-09-04,0.0005005209999996849,0.9374755950174719
2024-09-05,0.0005005209999996849,0.939087815620238
2024-09-06,0.0005005209999996849,0.9314742105526841
2024-09-09,0.0005005209999996849,0.9204066500662339
2024-09-10,0.0005005209999996849,0.9212148214409975
2024-09-11,0.0005005209999996849,0.9184402131040335
2024-09-12,0.0005005209999996849,0.9145039376879
2024-09-13,0.0005005209999996849,0.9106908942815792
2024-09-18,0.0005005209999996849,0.9140817779724123
2024-09-19,0.0005005209999996849,0.9212956789351554
2024-09-20,0.0005005209999996849,0.9227410246596043
2024-09-23,0.0005005209999996849,0.9261177835118857
2024-09-24,0.0005005209999996849,0.9662280298946154
2024-09-25,0.0005005209999996849,0.9805327439412945
2024-09-26,0.0005005209999996849,1.0219811890588886
2024-09-27,0.0005005209999996849,1.067631658340795
2024-09-30,0.0005005209999996849,1.1581948191129934
2024-10-08,0.0005005209999996849,1.226870850720577
2024-10-09,0.0005005209999996849,1.1403598755192392
2024-10-10,0.0005005209999996849,1.1524103806378787
2024-10-11,0.0005005209999996849,1.1205225775166814
2024-10-14,0.0005005209999996849,1.1419045275065665
2024-10-15,0.0005005209999996849,1.1115368452755383
2024-10-16,0.0005005209999996849,1.1045015514549708
2024-10-17,0.0005005209999996849,1.092000406334131
2024-10-18,0.0005005209999996849,1.1314958474992491
2024-10-21,0.0005005209999996849,1.1343679172222196
2024-10-22,0.0005005209999996849,1.1408763257386094
2024-10-23,0.0005005209999996849,1.1453251886631624
2024-10-24,0.0005005209999996849,1.132533417782572
2024-10-25,0.0005005209999996849,1.14048587484436
2024-10-28,0.0005005209999996849,1.1427158409372526
2024-10-29,0.0005005209999996849,1.1313272142226631
2024-10-30,0.0005005209999996849,1.1211803049477693
2024-10-31,0.0005005209999996849,1.1216389009814802
2024-11-01,0.0005005209999996849,1.1213450755134047
2024-11-04,0.0005005209999996849,1.137124999228899
2024-11-05,0.0005005209999996849,1.1658966035297913
2024-11-06,0.0005005209999996849,1.1600479402785684
2024-11-07,0.0005005209999996849,1.1950464364156557
2024-11-08,0.0005005209999996849,1.1830408425183698
2024-11-11,0.0005005209999996849,1.1908481884836903
2024-11-12,0.0005005209999996849,1.1777644946642989
2024-11-13,0.0005005209999996849,1.1850134482876111
2024-11-14,0.0005005209999996849,1.1644687264832247
2024-11-15,0.0005005209999996849,1.1440631487516726
2024-11-18,0.0005005209999996849,1.1387446569915558
2024-11-19,0.0005005209999996849,1.1463866558672187
2024-11-20,0.0005005209999996849,1.1489468549202086
2024-11-21,0.0005005209999996849,1.1499630361622963
2024-11-22,0.0005005209999996849,1.1143341398327884
2024-11-25,0.0005005209999996849,1.1092584223385533
2024-11-26,0.0005005209999996849,1.1069793652251432
2024-11-27,0.0005005209999996849,1.1262525632978695
2024-11-28,0.0005005209999996849,1.1163091958291254
2024-11-29,0.0005005209999996849,1.1290021504922563
2024-12-02,0.0005005209999996849,1.1379523400274114
2024-12-03,0.0005005209999996849,1.1391801055857624
2024-12-04,0.0005005209999996849,1.1330302085327746
2024-12-05,0.0005005209999996849,1.1304448730324026
2024-12-06,0.0005005209999996849,1.1453054715415922
2024-12-09,0.0005005209999996849,1.143411676606229
2024-12-10,0.0005005209999996849,1.1517903290516622
2024-12-11,0.0005005209999996849,1.1498283889768377
2024-12-12,0.0005005209999996849,1.1612648960114973
2024-12-13,0.0005005209999996849,1.1337866080503163
2024-12-16,0.0005005209999996849,1.1276353273396742
2024-12-17,0.0005005209999996849,1.130573236106016
2024-12-18,0.0005005209999996849,1.1362971395587664
2024-12-19,0.0005005209999996849,1.1373272438559978
2024-12-20,0.0005005209999996849,1.1322194139737085
2024-12-23,0.0005005209999996849,1.133899318496718
2024-12-24,0.0005005209999996849,1.148345972757741
2024-12-25,0.0005005209999996849,1.148905460495392
2024-12-26,0.0005005209999996849,1.1494390334782312
2024-12-27,0.0005005209999996849,1.147579916462822
2024-12-30,0.0005005209999996849,1.152775608606143
2024-12-31,0.0005005209999996849,1.134285330155994
2025-01-02,0.0005005209999996849,1.1012748041533482
2025-01-03,0.0005005209999996849,1.0882365980793332
2025-01-06,0.0005005209999996849,1.0864507860933872
2025-01-07,0.0005005209999996849,1.094273006378489
2025-01-08,0.0005005209999996849,1.0922868234685172
2025-01-09,0.0005005209999996849,1.0895950328073878
2025-01-10,0.0005005209999996849,1.075932364738384
2025-01-13,0.0005005209999996849,1.0730590843149663
2025-01-14,0.0005005209999996849,1.1013164003615727
2025-01-15,0.0005005209999996849,1.0942500895485936
2025-01-16,0.0005005209999996849,1.0955062200888528
2025-01-17,0.0005005209999996849,1.0989536319600934
2025-01-20,0.0005005209999996849,1.103950221532238
2025-01-21,0.0005005209999996849,1.104797164147516
2025-01-22,0.0005005209999996849,1.094535641896946
2025-01-23,0.0005005209999996849,1.0964748669252837
2025-01-24,0.0005005209999996849,1.1048689990407217
2025-01-27,0.0005005209999996849,1.100319215586027
2025-02-05,0.0005005209999996849,1.0939787773435974
2025-02-06,0.0005005209999996849,1.1077423082903404
2025-02-07,0.0005005209999996849,1.1221183383586049
2025-02-10,0.0005005209999996849,1.1245279205107126
2025-02-11,0.0005005209999996849,1.1193603627396906
2025-02-12,0.0005005209999996849,1.1299472174961664
2025-02-13,0.0005005209999996849,1.1257034529926238
2025-02-14,0.0005005209999996849,1.1354665125733259
2025-02-17,0.0005005209999996849,1.1378849731953802
2025-02-18,0.0005005209999996849,1.1279066683708716
2025-02-19,0.0005005209999996849,1.135798503931692
2025-02-20,0.0005005209999996849,1.1325514341582756
2025-02-21,0.0005005209999996849,1.1468342691183004
2025-02-24,0.0005005209999996849,1.1443185777198486
2025-02-25,0.0005005209999996849,1.1316159086269382
2025-02-26,0.0005005209999996849,1.1415006436025925
2025-02-27,0.0005005209999996849,1.143857070239824
2025-02-28,0.0005005209999996849,1.1213532621545244
2025-03-03,0.0005005209999996849,1.1208992783129939
2025-03-04,0.0005005209999996849,1.1199615619903707
2025-03-05,0.0005005209999996849,1.1249628502332991
2025-03-06,0.0005005209999996849,1.1404328058080875
2025-03-07,0.0005005209999996849,1.1369094945492824
2025-03-10,0.0005005209999996849,1.1325243087030163
2025-03-11,0.0005005209999996849,1.1361604168868267
2025-03-12,0.0005005209999996849,1.1320716508667374
2025-03-13,0.0005005209999996849,1.127559716214121
2025-03-14,0.0005005209999996849,1.1549380925622001
2025-03-17,0.0005005209999996849,1.1521220321480172
2025-03-18,0.0005005209999996849,1.1552742637197295
2025-03-19,0.0005005209999996849,1.155979093163457
2025-03-20,0.0005005209999996849,1.1458391310030347
2025-03-21,0.0005005209999996849,1.1284580271198053
2025-03-24,0.0005005209999996849,1.1342673714326925
2025-03-25,0.0005005209999996849,1.1335312943869447
2025-03-26,0.0005005209999996849,1.12980161635428
2025-03-27,0.0005005209999996849,1.1335649057374575
2025-03-28,0.0005005209999996849,1.1285936832223034
2025-03-31,0.0005005209999996849,1.120562530631442
2025-04-01,0.0005005209999996849,1.120671637802703
2025-04-02,0.0005005209999996849,1.11972086321097
2025-04-03,0.0005005209999996849,1.1131247365645545
2025-04-07,0.0005005209999996849,1.0346993666480044
2025-04-08,0.0005005209999996849,1.0523751319591421
2025-04-09,0.0005005209999996849,1.0627627400134365
2025-04-10,0.0005005209999996849,1.076691791007044
2025-04-11,0.0005005209999996849,1.081131487199639
2025-04-14,0.0005005209999996849,1.0836178911777468
2025-04-15,0.0005005209999996849,1.084221108262506
2025-04-16,0.0005005209999996849,1.0875607966201395
2025-04-17,0.0005005209999996849,1.0873883294588036
2025-04-18,0.0005005209999996849,1.0874750674979912
2025-04-21,0.0005005209999996849,1.091037294128316
2025-04-22,0.0005005209999996849,1.090769671677064
2025-04-23,0.0005005209999996849,1.091614337022453
2025-04-24,0.0005005209999996849,1.0908864754440257
2025-04-25,0.0005005209999996849,1.091646420584306
2025-04-28,0.0005005209999996849,1.090097041099994
2025-04-29,0.0005005209999996849,1.0882112021961414
2025-04-30,0.0005005209999996849,1.0869122359210095
2025-05-06,0.0005005209999996849,1.0978580921863064
2025-05-07,0.0005005209999996849,1.1045125054113984
2025-05-08,0.0005005209999996849,1.1106436366074535
2025-05-09,0.0005005209999996849,1.1087008371301763
2025-05-12,0.0005005209999996849,1.1215149483166391
2025-05-13,0.0005005209999996849,1.1231432539396335
2025-05-14,0.0005005209999996849,1.1366778760232363
2025-05-15,0.0005005209999996849,1.126297099778609
2025-05-16,0.0005005209999996849,1.1210755793590794
2025-05-19,0.0005005209999996849,1.1176337021184548
2025-05-20,0.0005005209999996849,1.1236944685575616
2025-05-21,0.0005005209999996849,1.1289437774349766
2025-05-22,0.0005005209999996849,1.1282186255194553
2025-05-23,0.0005005209999996849,1.119112140321796
2025-05-26,0.0005005209999996849,1.11272212101343
2025-05-27,0.0005005209999996849,1.106752272412674
2025-05-28,0.0005005209999996849,1.1058412779784945
2025-05-29,0.0005005209999996849,1.1123165651897908
2025-05-30,0.0005005209999996849,1.106993086496879
2025-06-03,0.0005005209999996849,1.1103889282943058
2025-06-04,0.0005005209999996849,1.1152116093950586
2025-06-05,0.0005005209999996849,1.117752004847875
2025-06-06,0.0005005209999996849,1.1167224482484652
2025-06-09,0.0005005209999996849,1.1199687973668533
2025-06-10,0.0005005209999996849,1.1142667730007574
2025-06-11,0.0005005209999996849,1.1226724932490477
2025-06-12,0.0005005209999996849,1.1219731696097353
2025-06-13,0.0005005209999996849,1.113896932840313
2025-06-16,0.0005005209999996849,1.1166679667283372
2025-06-17,0.0005005209999996849,1.1156831195668735
2025-06-18,0.0005005209999996849,1.1170068763749736
2025-06-19,0.0005005209999996849,1.1078171987608654
2025-06-20,0.0005005209999996849,1.108841422513067
2025-06-23,0.0005005209999996849,1.1120864744524044
2025-06-24,0.0005005209999996849,1.1253847505129766
2025-06-25,0.0005005209999996849,1.1415366475277986
2025-06-26,0.0005005209999996849,1.1374875175342574
2025-06-27,0.0005005209999996849,1.1304937910957131
2025-06-30,0.0005005209999996849,1.134622077837546
2025-07-01,0.0005005209999996849,1.1365485040325838
2025-07-02,0.0005005209999996849,1.136814541042774
2025-07-03,0.0005005209999996849,1.1438431471846804
2025-07-04,0.0005005209999996849,1.1479179613234247
2025-07-07,0.0005005209999996849,1.1430092051861103
2025-07-08,0.0005005209999996849,1.1526020172229632
2025-07-09,0.0005005209999996849,1.150569164693369
2025-07-10,0.0005005209999996849,1.1559376699124393
2025-07-11,0.0005005209999996849,1.157316340633684
2025-07-14,0.0005005209999996849,1.1581410005954917
2025-07-15,0.0005005209999996849,1.1585435873204148
2025-07-16,0.0005005209999996849,1.155124079211864
2025-07-17,0.0005005209999996849,1.1629904900632912
2025-07-18,0.0005005209999996849,1.1699253822253377
2025-07-21,0.0005005209999996849,1.17772534868317
2025-07-22,0.0005005209999996849,1.187339175020644
2025-07-23,0.0005005209999996849,1.1875727537283665
2025-07-24,0.0005005209999996849,1.1960096927524762
2025-07-25,0.0005005209999996849,1.18970442247542
2025-07-28,0.0005005209999996849,1.1922010021025253
2025-07-29,0.0005005209999996849,1.1968709908159145
2025-07-30,0.0005005209999996849,1.1966441862654567
2025-07-31,0.0005005209999996849,1.1748381163784074
2025-08-01,0.0005005209999996849,1.168881873744583
2025-08-04,0.0005005209999996849,1.173428832231567
2025-08-05,0.0005005209999996849,1.1828687500976487
2025-08-06,0.0005005209999996849,1.1857615170330273
2025-08-07,0.0005005209999996849,1.1861018968159212
2025-08-08,0.0005005209999996849,1.1833060147425265
2025-08-11,0.0005005209999996849,1.1883631969894375
2025-08-12,0.0005005209999996849,1.1945073864546027
2025-08-13,0.0005005209999996849,1.2039486591521371
2025-08-14,0.0005005209999996849,1.2030076278163848
2025-08-15,0.0005005209999996849,1.2113788142757262
2025-08-18,0.0005005209999996849,1.222061573803348
2025-08-19,0.0005005209999996849,1.2174383123619836
2025-08-20,0.0005005209999996849,1.2312811441880238
2025-08-21,0.0005005209999996849,1.236087884399554
2025-08-22,0.0005005209999996849,1.262010422285974
2025-08-25,0.0005005209999996849,1.2883068360009964
2025-08-26,0.0005005209999996849,1.2835126928393583
2025-08-27,0.0005005209999996849,1.2643536753492912
2025-08-28,0.0005005209999996849,1.286738777138355
2025-08-29,0.0005005209999996849,1.2962448223098193
2025-09-01,0.0005005209999996849,1.3040140600372516
2025-09-02,0.0005005209999996849,1.2944269555882213
2025-09-03,0.0005005209999996849,1.2855994503650578
2025-09-04,0.0005005209999996849,1.2583237817715902
2025-09-05,0.0005005209999996849,1.285742226539234
2025-09-08,0.0005005209999996849,1.2878316649016384
2025-09-09,0.0005005209999996849,1.2788047688452873
2025-09-10,0.0005005209999996849,1.2814298268508106
2025-09-11,0.0005005209999996849,1.3110255722418902
2025-09-12,0.0005005209999996849,1.303520238385765
2025-09-15,0.0005005209999996849,1.3067077532276552
2025-09-16,0.0005005209999996849,1.3039061347402363
2025-09-17,0.0005005209999996849,1.3118870432625356
2025-09-18,0.0005005209999996849,1.2966339471988169
2025-09-19,0.0005005209999996849,1.2977323695927163
2025-09-22,0.0005005209999996849,1.3036960782126326
2025-09-23,0.0005005209999996849,1.302880325546973
2025-09-24,0.0005005209999996849,1.3162247523555475
2025-09-25,0.0005005209999996849,1.3241279454396113
2025-09-26,0.0005005209999996849,1.3116061895849667
2025-09-29,0.0005005209999996849,1.33178571224729
2025-09-30,0.0005005209999996849,1.3377356419430682
2025-10-09,0.0005005209999996849,1.3575647533045059
2025-10-10,0.0005005209999996849,1.3308578833116531
2025-10-13,0.0005005209999996849,1.3242694820871392
2025-10-14,0.0005005209999996849,1.3084398331747027
2025-10-15,0.0005005209999996849,1.3278178144885215
2025-10-16,0.0005005209999996849,1.3313155569069277
2025-10-17,0.0005005209999996849,1.3012823162613614
2025-10-20,0.0005005209999996849,1.3081964535585973
2025-10-21,0.0005005209999996849,1.32827430620955
2025-10-22,0.0005005209999996849,1.3238634650442818
2025-10-23,0.0005005209999996849,1.3278341877707607
2025-10-24,0.0005005209999996849,1.3434979995481204
2025-10-27,0.0005005209999996849,1.3594490067672966
2025-10-28,0.0005005209999996849,1.3525175737493853
2025-10-29,0.0005005209999996849,1.368621273355925
2025-10-30,0.0005005209999996849,1.3576884177073356
2025-10-31,0.0005005209999996849,1.3377281759569764
2025-11-03,0.0005005209999996849,1.3413992503227525
2025-11-04,0.0005005209999996849,1.3313954631364484
2025-11-05,0.0005005209999996849,1.3338624094287965
2025-11-06,0.0005005209999996849,1.3529298460778867
2025-11-07,0.0005005209999996849,1.3487186840078174
2025-11-10,0.0005005209999996849,1.3534047577414348
2025-11-11,0.0005005209999996849,1.3410425837362228
2025-11-12,0.0005005209999996849,1.339238755374573
2025-11-13,0.0005005209999996849,1.3554292506727026
2025-11-14,0.0005005209999996849,1.3341168871323354
2025-11-17,0.0005005209999996849,1.3254438615210051
2025-11-18,0.0005005209999996849,1.3168364443434373
2025-11-19,0.0005005209999996849,1.3226303378125213
2025-11-20,0.0005005209999996849,1.31590117824791
2025-11-21,0.0005005209999996849,1.2838058841310092
2025-11-24,0.0005005209999996849,1.2822032050008154
2025-11-25,0.0005005209999996849,1.2944130901854798
2025-11-26,0.0005005209999996849,1.3022598127415383
2025-11-27,0.0005005209999996849,1.3016190639429133
2025-11-28,0.0005005209999996849,1.304864577101469
2025-12-01,0.0005005209999996849,1.3192269435503998
2025-12-02,0.0005005209999996849,1.3128416805652197
2025-12-03,0.0005005209999996849,1.3061291825448589
2025-12-04,0.0005005209999996849,1.3106023747831619
2025-12-05,0.0005005209999996849,1.321547798655442
2025-12-08,0.0005005209999996849,1.3322762477118482
2025-12-09,0.0005005209999996849,1.325493067846327
2025-12-10,0.0005005209999996849,1.3236493728485204
2025-12-11,0.0005005209999996849,1.3122219460672153
2025-12-12,0.0005005209999996849,1.320513860473461
2025-12-15,0.0005005209999996849,1.3121858556634056
2025-12-16,0.0005005209999996849,1.296474105913574
2025-12-17,0.0005005209999996849,1.3202039788113584
2025-12-18,0.0005005209999996849,1.312397151717658
2025-12-19,0.0005005209999996849,1.3168322068918719
2025-12-22,0.0005005209999996849,1.3293558652757909
2025-12-23,0.0005005209999996849,1.33198210515556
2025-12-24,0.0005005209999996849,1.3358230523245709
2025-12-25,0.0005005209999996849,1.3382666782202082
2025-12-26,0.0005005209999996849,1.3425053693123525
2025-12-29,0.0005005209999996849,1.3373547325213913
2025-12-30,0.0005005209999996849,1.3407878465968737
2025-12-31,0.0005005209999996849,1.334635672273997
2026-01-05,0.0005005209999996849,1.3599468640869408
2026-01-06,0.0005005209999996849,1.3809750301104082
2026-01-07,0.0005005209999996849,1.3769312906164775
2026-01-08,0.0005005209999996849,1.3656855553808687
2026-01-09,0.0005005209999996849,1.3718164559673147
2026-01-12,0.0005005209999996849,1.380750675787046
2026-01-13,0.0005005209999996849,1.372424775289673
2026-01-14,0.0005005209999996849,1.3669184520030202
2026-01-15,0.0005005209999996849,1.369656566369359
2026-01-16,0.0005005209999996849,1.364019170346187
2026-01-19,0.0005005209999996849,1.364763693468865
2026-01-20,0.0005005209999996849,1.3602733208146907
2026-01-21,0.0005005209999996849,1.361481426903874
2026-01-22,0.0005005209999996849,1.361665885764878
2026-01-23,0.0005005209999996849,1.3555511278510626
2026-01-26,0.0005005209999996849,1.3568389095601576
2026-01-27,0.0005005209999996849,1.3564721826294348
2026-01-28,0.0005005209999996849,1.3600176900631067
2026-01-29,0.0005005209999996849,1.3703600409816337
2026-01-30,0.0005005209999996849,1.3566590628913338
2026-02-02,0.0005005209999996849,1.3277290297890538
2026-02-03,0.0005005209999996849,1.3433319318034345
2026-02-04,0.0005005209999996849,1.3544518694973304
2026-02-05,0.0005005209999996849,1.346304316706323
2026-02-06,0.0005005209999996849,1.338572293604544
2026-02-09,0.0005005209999996849,1.3603245449740913
2026-02-10,0.0005005209999996849,1.3618349514344812
2026-02-11,0.0005005209999996849,1.3588148015163273
2026-02-12,0.0005005209999996849,1.3604750465701694
2026-02-13,0.0005005209999996849,1.3434178915351918
2026-02-24,0.0005005209999996849,1.3570061015266874
2026-02-25,0.0005005209999996849,1.3651759657973663
2026-02-26,0.0005005209999996849,1.362578177378108
2026-02-27,0.0005005209999996849,1.3579005497214205
2026-03-02,0.0005005209999996849,1.3630955788621157
2026-03-03,0.0005005209999996849,1.3421180028216237
2026-03-04,0.0005005209999996849,1.3267618530888803
2026-03-05,0.0005005209999996849,1.3397530724550601
2026-03-06,0.0005005209999996849,1.3434275194863678
2026-03-09,0.0005005209999996849,1.330460369998128
2026-03-10,0.0005005209999996849,1.3475546243539542
2026-03-11,0.0005005209999996849,1.3561274500901712
2026-03-12,0.0005005209999996849,1.3512455023199037
2026-03-13,0.0005005209999996849,1.345935687246326
2026-03-16,0.0005005209999996849,1.3466330218777607
2026-03-17,0.0005005209999996849,1.3367975508798302
2026-03-18,0.0005005209999996849,1.3428202667334512
2026-03-19,0.0005005209999996849,1.3211771801875676
2026-03-20,0.0005005209999996849,1.31649776530641
2026-03-23,0.0005005209999996849,1.273540729779097
2026-03-24,0.0005005209999996849,1.2898924788463244
2026-03-25,0.0005005209999996849,1.3079789598711031
2026-03-26,0.0005005209999996849,1.2907030427957817
2026-03-27,0.0005005209999996849,1.2979198263786376
2026-03-30,0.0005005209999996849,1.294858541471477
2026-03-31,0.0005005209999996849,1.2827801614163488
2026-04-01,0.0005005209999996849,1.3046931188571724
2026-04-02,0.0005005209999996849,1.2911007867189157
2026-04-03,0.0005005209999996849,1.2801107398872928
2026-04-07,0.0005005209999996849,1.2800609570379486
2026-04-08,0.0005005209999996849,1.3247242154098988
2026-04-09,0.0005005209999996849,1.3162688276170686
2026-04-10,0.0005005209999996849,1.336545696360594
2026-04-13,0.0005005209999996849,1.3393098696127503
2026-04-14,0.0005005209999996849,1.3552014948576074
2026-04-15,0.0005005209999996849,1.3505785505044556
2026-04-16,0.0005005209999996849,1.3653840621432936
2026-04-17,0.0005005209999996849,1.363096385995747
2026-04-20,0.0005005209999996849,1.3713897705382503
2026-04-21,0.0005005209999996849,1.3744324048932823
2026-04-22,0.0005005209999996849,1.3835501323093806
2026-04-23,0.0005005209999996849,1.3797163340382492
2026-04-24,0.0005005209999996849,1.3748278427203262
2026-04-27,0.0005005209999996849,1.3752827490002928
2026-04-28,0.0005005209999996849,1.3716106945436786
2026-04-29,0.0005005209999996849,1.3866402434176668
2026-04-30,0.0005005209999996849,1.3857639557296426
2026-05-06,0.0005005209999996849,1.4058806949259142
2026-05-07,0.0005005209999996849,1.4126308111387438
2026-05-08,0.0005005209999996849,1.404387209445585
